"Tilda UID";Brand;SKU;Mark;Category;Title;Description;Text;Photo;Price;Quantity;"Price Old";Editions;Modifications;"External ID";"Parent UID";"Characteristics:Кол-во ламп";Characteristics:Цоколь;Characteristics:Материал;Characteristics:Цвет;"Characteristics:Допустимая мощность";"Characteristics:Тип крепления";"Characteristics:Диаметр плафона";Characteristics:Гарантия;"Characteristics:Страна производства";"Characteristics:Длина кабеля";Characteristics:Вилка;Characteristics:Провод;"Characteristics:Количество ламп";"Characteristics:Тип цоколя";Weight;Length;Width;Height;"SEO title";"SEO descr";"SEO keywords";"FB title";"FB descr"
436298592193;УСВЕТА;"0333/1 Коричневый";;Люстры;"Светильник подвесной в форме шара; Е27; коричневый";"Потолочная люстра в форме шара, коричневый, 1 рожок E27. Освещение до 6 м?. Подходит для кухни, гостиной, спальни и зала. Производство УСВЕТА.";"<strong>Потолочная люстра в форме шара, коричневый</strong> — практичное и стильное решение для кухни, гостиной, спальни и зала.<br /><br /><strong>Характеристики:</strong><br />- Цвет: коричневый<br />- Материал: металл, пластик<br />- Количество ламп: 1 шт., цоколь E27<br />- Допустимая мощность: 15Вт (напряжение 220В)<br />- Площадь освещения: до 6 м?<br /><br /><strong>Преимущества:</strong><br />- Собственное производство полного цикла на Урале.<br />- Гарантия 3 года, срок службы до 5 лет.<br />- Простой монтаж, крепёж в комплекте.<br />- Бренд УСВЕТА — проверенное качество в массовом сегменте.<br /><br /><br />Сертификаты соответствия и декларации о соответствии на продукцию: <a href=""https://usveta.ru/cerificate"" target=""_blank"" rel=""noopener"">https://usveta.ru/cerificate</a>";"https://raw.githubusercontent.com/Mitsuya196/usveta-photos/main/photos/0333-1-korichnevyy_01.jpg https://raw.githubusercontent.com/Mitsuya196/usveta-photos/main/photos/0333-1-korichnevyy_02.jpg https://raw.githubusercontent.com/Mitsuya196/usveta-photos/main/photos/0333-1-korichnevyy_03.jpg https://raw.githubusercontent.com/Mitsuya196/usveta-photos/main/photos/0333-1-korichnevyy_04.jpg https://raw.githubusercontent.com/Mitsuya196/usveta-photos/main/photos/0333-1-korichnevyy_05.jpg https://raw.githubusercontent.com/Mitsuya196/usveta-photos/main/photos/0333-1-korichnevyy_06.jpg https://raw.githubusercontent.com/Mitsuya196/usveta-photos/main/photos/0333-1-korichnevyy_07.jpg https://raw.githubusercontent.com/Mitsuya196/usveta-photos/main/photos/0333-1-korichnevyy_08.jpg";1019.00;50;1999;;;9EBgiNAY8odTS2OXbuOD;;1;E27;"металл, пластик";Коричневый;"15Вт (напряжение 220В)";"Крепление под крюк";"240х210х240 мм";"3 года (срок эксплуатации 5 лет)";Россия;;;;;;500;300;290;225;"Люстра потолочная в форме шара, 1хE27, коричневый, арт. 0333/1 | УСВЕТА";"Люстра потолочная в форме шара, коричневый. 1 рожок с цоколем E27, площадь освещения до 6 м?, мощность до 15 Вт. Подходит для кухни, спальни, гостиной и зала. Производство и гарантия УСВЕТА.";"люстра потолочная, люстра, люстра на кухню, люстра в спальню, люстра в зал, люстра в гостиную, люстра коричневый, купить люстру, люстра для натяжного потолка";"Потолочная люстра в форме шара, коричневый — УСВЕТА";"Потолочная люстра в форме шара (коричневый) от производителя. Подходит для кухни, гостиной, спальни и зала. Гарантия завода, доставка по России."
505534153333;УСВЕТА;"0333/1 Прозрачный";;Люстры;"Светильник подвесной в форме шара; Е27; прозрачный";"Потолочная люстра в форме шара, прозрачный, 1 рожок E27. Освещение до 6 м?. Подходит для кухни, гостиной, спальни и зала. Производство УСВЕТА.";"<strong>Потолочная люстра в форме шара, прозрачный</strong> — практичное и стильное решение для кухни, гостиной, спальни и зала.<br /><br /><strong>Характеристики:</strong><br />- Цвет: прозрачный<br />- Материал: металл, пластик<br />- Количество ламп: 1 шт., цоколь E27<br />- Допустимая мощность: 15Вт (напряжение 220В)<br />- Площадь освещения: до 6 м?<br /><br /><strong>Преимущества:</strong><br />- Собственное производство полного цикла на Урале.<br />- Гарантия 3 года, срок службы до 5 лет.<br />- Простой монтаж, крепёж в комплекте.<br />- Бренд УСВЕТА — проверенное качество в массовом сегменте.<br /><br /><br />Сертификаты соответствия и декларации о соответствии на продукцию: <a href=""https://usveta.ru/cerificate"" target=""_blank"" rel=""noopener"">https://usveta.ru/cerificate</a>";"https://raw.githubusercontent.com/Mitsuya196/usveta-photos/main/photos/0333-1-prozrachnyy_01.jpg https://raw.githubusercontent.com/Mitsuya196/usveta-photos/main/photos/0333-1-prozrachnyy_02.jpg https://raw.githubusercontent.com/Mitsuya196/usveta-photos/main/photos/0333-1-prozrachnyy_03.jpg https://raw.githubusercontent.com/Mitsuya196/usveta-photos/main/photos/0333-1-prozrachnyy_04.jpg https://raw.githubusercontent.com/Mitsuya196/usveta-photos/main/photos/0333-1-prozrachnyy_05.jpg https://raw.githubusercontent.com/Mitsuya196/usveta-photos/main/photos/0333-1-prozrachnyy_06.jpg https://raw.githubusercontent.com/Mitsuya196/usveta-photos/main/photos/0333-1-prozrachnyy_07.jpg https://raw.githubusercontent.com/Mitsuya196/usveta-photos/main/photos/0333-1-prozrachnyy_08.jpg https://raw.githubusercontent.com/Mitsuya196/usveta-photos/main/photos/0333-1-prozrachnyy_09.jpg";1019.00;50;1999;;;p2JDaaL0M1BTINCpdCBE;;1;E27;"металл, пластик";Прозрачный;"15Вт (напряжение 220В)";"Крепление под крюк";"240х210х240 мм";"3 года (срок эксплуатации 5 лет)";Россия;;;;;;500;230;295;295;"Люстра потолочная в форме шара, 1хE27, прозрачный, арт. 0333/1 | УСВЕТА";"Люстра потолочная в форме шара, прозрачный. 1 рожок с цоколем E27, площадь освещения до 6 м?, мощность до 15 Вт. Подходит для кухни, спальни, гостиной и зала. Производство и гарантия УСВЕТА.";"люстра потолочная, люстра, люстра на кухню, люстра в спальню, люстра в зал, люстра в гостиную, люстра прозрачный, купить люстру, люстра для натяжного потолка";"Потолочная люстра в форме шара, прозрачный — УСВЕТА";"Потолочная люстра в форме шара (прозрачный) от производителя. Подходит для кухни, гостиной, спальни и зала. Гарантия завода, доставка по России."
599422131493;УСВЕТА;"0335/1 Зеленый";;Люстры;"Светильник подвесной; Е27; зеленый";"Потолочная люстра, зелёный, 1 рожок E27. Подходит для кухни, гостиной, спальни и зала. Производство УСВЕТА.";"<strong>Потолочная люстра, зелёный</strong> — практичное и стильное решение для кухни, гостиной, спальни и зала.<br /><br /><strong>Характеристики:</strong><br />- Цвет: зелёный<br />- Материал: металл, пластик<br />- Количество ламп: 1 шт., цоколь E27<br />- Допустимая мощность: 15Вт (напряжение 220В)<br /><br /><strong>Преимущества:</strong><br />- Собственное производство полного цикла на Урале.<br />- Гарантия 3 года, срок службы до 5 лет.<br />- Простой монтаж, крепёж в комплекте.<br />- Бренд УСВЕТА — проверенное качество в массовом сегменте.<br /><br /><br />Сертификаты соответствия и декларации о соответствии на продукцию: <a href=""https://usveta.ru/cerificate"" target=""_blank"" rel=""noopener"">https://usveta.ru/cerificate</a>";"https://raw.githubusercontent.com/Mitsuya196/usveta-photos/main/photos/0335-1-zelenyy_01.jpg https://raw.githubusercontent.com/Mitsuya196/usveta-photos/main/photos/0335-1-zelenyy_02.jpg https://raw.githubusercontent.com/Mitsuya196/usveta-photos/main/photos/0335-1-zelenyy_03.jpg https://raw.githubusercontent.com/Mitsuya196/usveta-photos/main/photos/0335-1-zelenyy_04.jpg https://raw.githubusercontent.com/Mitsuya196/usveta-photos/main/photos/0335-1-zelenyy_05.jpg";1159.00;48;1999;;;RhbE44I4Gph18Mlzk2tu;;1;E27;"металл, пластик";Зеленый;"15Вт (напряжение 220В)";"Крепление под крюк";"238х207х238 мм";"3 года (срок эксплуатации 5 лет)";Россия;;;;;;590;330;262;297;"Люстра потолочная, 1хE27, зелёный, арт. 0335/1 | УСВЕТА";"Люстра потолочная, зелёный. 1 рожок с цоколем E27, мощность до 15 Вт. Подходит для кухни, спальни, гостиной и зала. Производство и гарантия УСВЕТА.";"люстра потолочная, люстра, люстра на кухню, люстра в спальню, люстра в зал, люстра в гостиную, люстра зелёный, купить люстру";"Потолочная люстра, зелёный — УСВЕТА";"Потолочная люстра (зелёный) от производителя. Подходит для кухни, гостиной, спальни и зала. Гарантия завода, доставка по России."
494484995663;УСВЕТА;"0335/1 Коричневый";;Люстры;"Светильник подвесной; Е27; коричневый";"Потолочная люстра, коричневый, 1 рожок E27. Освещение до 6 м?. Подходит для кухни, гостиной, спальни и зала. Производство УСВЕТА.";"<strong>Потолочная люстра, коричневый</strong> — практичное и стильное решение для кухни, гостиной, спальни и зала.<br /><br /><strong>Характеристики:</strong><br />- Цвет: коричневый<br />- Материал: металл, пластик<br />- Количество ламп: 1 шт., цоколь E27<br />- Допустимая мощность: 15Вт (напряжение 220В)<br />- Площадь освещения: до 6 м?<br /><br /><strong>Преимущества:</strong><br />- Собственное производство полного цикла на Урале.<br />- Гарантия 3 года, срок службы до 5 лет.<br />- Простой монтаж, крепёж в комплекте.<br />- Бренд УСВЕТА — проверенное качество в массовом сегменте.<br /><br /><br />Сертификаты соответствия и декларации о соответствии на продукцию: <a href=""https://usveta.ru/cerificate"" target=""_blank"" rel=""noopener"">https://usveta.ru/cerificate</a>";"https://raw.githubusercontent.com/Mitsuya196/usveta-photos/main/photos/0335-1-korichnevyy_01.jpg https://raw.githubusercontent.com/Mitsuya196/usveta-photos/main/photos/0335-1-korichnevyy_02.jpg https://raw.githubusercontent.com/Mitsuya196/usveta-photos/main/photos/0335-1-korichnevyy_03.jpg https://raw.githubusercontent.com/Mitsuya196/usveta-photos/main/photos/0335-1-korichnevyy_04.jpg https://raw.githubusercontent.com/Mitsuya196/usveta-photos/main/photos/0335-1-korichnevyy_05.jpg https://raw.githubusercontent.com/Mitsuya196/usveta-photos/main/photos/0335-1-korichnevyy_06.jpg https://raw.githubusercontent.com/Mitsuya196/usveta-photos/main/photos/0335-1-korichnevyy_07.jpg https://raw.githubusercontent.com/Mitsuya196/usveta-photos/main/photos/0335-1-korichnevyy_08.jpg https://raw.githubusercontent.com/Mitsuya196/usveta-photos/main/photos/0335-1-korichnevyy_09.jpg";1159.00;9;1999;;;r5yoAVP4TvdhMkmyHOYT;;1;E27;"металл, пластик";Коричневый;"15Вт (напряжение 220В)";"Крепление под крюк";"238х207х238 мм";"3 года (срок эксплуатации 5 лет)";Россия;;;;;;590;330;262;297;"Люстра потолочная с регулировкой высоты, 1хE27, коричневый | УСВЕТА";"Люстра потолочная с регулировкой высоты, коричневый. 1 рожок с цоколем E27, площадь освещения до 6 м?, мощность до 15 Вт. Подходит для кухни, спальни, гостиной и зала. Производство и гарантия УСВЕТА.";"люстра потолочная, люстра, люстра на кухню, люстра в спальню, люстра в зал, люстра в гостиную, люстра коричневый, купить люстру, люстра для натяжного потолка";"Потолочная люстра, коричневый — УСВЕТА";"Потолочная люстра (коричневый) от производителя. Подходит для кухни, гостиной, спальни и зала. Гарантия завода, доставка по России."
655204047613;УСВЕТА;"0335/1 Прозрачный";;Люстры;"Светильник подвесной; Е27; прозрачный";"Потолочная люстра, прозрачный, 1 рожок E27. Освещение до 6 м?. Подходит для кухни, гостиной, спальни и зала. Производство УСВЕТА.";"<strong>Потолочная люстра, прозрачный</strong> — практичное и стильное решение для кухни, гостиной, спальни и зала.<br /><br /><strong>Характеристики:</strong><br />- Цвет: прозрачный<br />- Материал: металл, пластик<br />- Количество ламп: 1 шт., цоколь E27<br />- Допустимая мощность: 15Вт (напряжение 220В)<br />- Площадь освещения: до 6 м?<br /><br /><strong>Преимущества:</strong><br />- Собственное производство полного цикла на Урале.<br />- Гарантия 3 года, срок службы до 5 лет.<br />- Простой монтаж, крепёж в комплекте.<br />- Бренд УСВЕТА — проверенное качество в массовом сегменте.<br /><br /><br />Сертификаты соответствия и декларации о соответствии на продукцию: <a href=""https://usveta.ru/cerificate"" target=""_blank"" rel=""noopener"">https://usveta.ru/cerificate</a>";"https://raw.githubusercontent.com/Mitsuya196/usveta-photos/main/photos/0335-1-prozrachnyy_01.jpg https://raw.githubusercontent.com/Mitsuya196/usveta-photos/main/photos/0335-1-prozrachnyy_02.jpg https://raw.githubusercontent.com/Mitsuya196/usveta-photos/main/photos/0335-1-prozrachnyy_03.jpg https://raw.githubusercontent.com/Mitsuya196/usveta-photos/main/photos/0335-1-prozrachnyy_04.jpg https://raw.githubusercontent.com/Mitsuya196/usveta-photos/main/photos/0335-1-prozrachnyy_05.jpg https://raw.githubusercontent.com/Mitsuya196/usveta-photos/main/photos/0335-1-prozrachnyy_06.jpg https://raw.githubusercontent.com/Mitsuya196/usveta-photos/main/photos/0335-1-prozrachnyy_07.jpg https://raw.githubusercontent.com/Mitsuya196/usveta-photos/main/photos/0335-1-prozrachnyy_08.jpg https://raw.githubusercontent.com/Mitsuya196/usveta-photos/main/photos/0335-1-prozrachnyy_09.jpg";1159.00;11;1999;;;UmNvzeLZrZa46mmCK4vh;;1;E27;"металл, пластик";Прозрачный;"15Вт (напряжение 220В)";"Крепление под крюк";"238х207х238 мм";"3 года (срок эксплуатации 5 лет)";Россия;;;;;;590;330;262;297;"Люстра потолочная с регулировкой высоты, 1хE27, прозрачный | УСВЕТА";"Люстра потолочная с регулировкой высоты, прозрачный. 1 рожок с цоколем E27, площадь освещения до 6 м?, мощность до 15 Вт. Подходит для кухни, спальни, гостиной и зала. Производство и гарантия УСВЕТА.";"люстра потолочная, люстра, люстра на кухню, люстра в спальню, люстра в зал, люстра в гостиную, люстра прозрачный, купить люстру, люстра для натяжного потолка";"Потолочная люстра, прозрачный — УСВЕТА";"Потолочная люстра (прозрачный) от производителя. Подходит для кухни, гостиной, спальни и зала. Гарантия завода, доставка по России."
674781276503;УСВЕТА;"0335/1 Розовый";;Люстры;"Светильник подвесной; Е27; розовый";"Потолочная люстра, розовый, 1 рожок E27. Освещение до 6 м?. Подходит для кухни, гостиной, спальни и зала. Производство УСВЕТА.";"<strong>Потолочная люстра, розовый</strong> — практичное и стильное решение для кухни, гостиной, спальни и зала.<br /><br /><strong>Характеристики:</strong><br />- Цвет: розовый<br />- Материал: металл, пластик<br />- Количество ламп: 1 шт., цоколь E27<br />- Допустимая мощность: 15Вт (напряжение 220В)<br />- Площадь освещения: до 6 м?<br /><br /><strong>Преимущества:</strong><br />- Собственное производство полного цикла на Урале.<br />- Гарантия 3 года, срок службы до 5 лет.<br />- Простой монтаж, крепёж в комплекте.<br />- Бренд УСВЕТА — проверенное качество в массовом сегменте.<br /><br /><br />Сертификаты соответствия и декларации о соответствии на продукцию: <a href=""https://usveta.ru/cerificate"" target=""_blank"" rel=""noopener"">https://usveta.ru/cerificate</a>";"https://raw.githubusercontent.com/Mitsuya196/usveta-photos/main/photos/0335-1-rozovyy_01.jpg https://raw.githubusercontent.com/Mitsuya196/usveta-photos/main/photos/0335-1-rozovyy_02.jpg https://raw.githubusercontent.com/Mitsuya196/usveta-photos/main/photos/0335-1-rozovyy_03.jpg https://raw.githubusercontent.com/Mitsuya196/usveta-photos/main/photos/0335-1-rozovyy_04.jpg https://raw.githubusercontent.com/Mitsuya196/usveta-photos/main/photos/0335-1-rozovyy_05.jpg";1159.00;50;1999;;;GboxrtgJOeo2rSRDnOnX;;1;E27;"металл, пластик";Розовый;"15Вт (напряжение 220В)";"Крепление под крюк";"238х207х238 мм";"3 года (срок эксплуатации 5 лет)";Россия;;;;;;590;330;262;297;"Люстра потолочная с регулировкой высоты, 1хE27, розовый | УСВЕТА";"Люстра потолочная с регулировкой высоты, розовый. 1 рожок с цоколем E27, площадь освещения до 6 м?, мощность до 15 Вт. Подходит для кухни, спальни, гостиной и зала. Производство и гарантия УСВЕТА.";"люстра потолочная, люстра, люстра на кухню, люстра в спальню, люстра в зал, люстра в гостиную, люстра розовый, купить люстру, люстра для натяжного потолка";"Потолочная люстра, розовый — УСВЕТА";"Потолочная люстра (розовый) от производителя. Подходит для кухни, гостиной, спальни и зала. Гарантия завода, доставка по России."
212502120153;УСВЕТА;"0335/1 Синий";;Люстры;"Светильник подвесной; Е27; Синий";"Потолочная люстра, синий, 1 рожок E27. Подходит для кухни, гостиной, спальни и зала. Производство УСВЕТА.";"<strong>Потолочная люстра, синий</strong> — практичное и стильное решение для кухни, гостиной, спальни и зала.<br /><br /><strong>Характеристики:</strong><br />- Цвет: синий<br />- Материал: металл, пластик<br />- Количество ламп: 1 шт., цоколь E27<br />- Допустимая мощность: 15Вт (напряжение 220В)<br /><br /><strong>Преимущества:</strong><br />- Собственное производство полного цикла на Урале.<br />- Гарантия 3 года, срок службы до 5 лет.<br />- Простой монтаж, крепёж в комплекте.<br />- Бренд УСВЕТА — проверенное качество в массовом сегменте.<br /><br /><br />Сертификаты соответствия и декларации о соответствии на продукцию: <a href=""https://usveta.ru/cerificate"" target=""_blank"" rel=""noopener"">https://usveta.ru/cerificate</a>";"https://raw.githubusercontent.com/Mitsuya196/usveta-photos/main/photos/0335-1-siniy_01.jpg https://raw.githubusercontent.com/Mitsuya196/usveta-photos/main/photos/0335-1-siniy_02.jpg https://raw.githubusercontent.com/Mitsuya196/usveta-photos/main/photos/0335-1-siniy_03.jpg https://raw.githubusercontent.com/Mitsuya196/usveta-photos/main/photos/0335-1-siniy_04.jpg https://raw.githubusercontent.com/Mitsuya196/usveta-photos/main/photos/0335-1-siniy_05.jpg";1159.00;44;1999;;;vajzHypVv3fakUvhNaoH;;1;E27;"металл, пластик";Синий;"15Вт (напряжение 220В)";"Крепление под крюк";"238х207х238 мм";"3 года (срок эксплуатации 5 лет)";Россия;;;;;;590;330;262;297;"Люстра потолочная, 1хE27, синий, арт. 0335/1 | УСВЕТА";"Люстра потолочная, синий. 1 рожок с цоколем E27, мощность до 15 Вт. Подходит для кухни, спальни, гостиной и зала. Производство и гарантия УСВЕТА.";"люстра потолочная, люстра, люстра на кухню, люстра в спальню, люстра в зал, люстра в гостиную, люстра синий, купить люстру";"Потолочная люстра, синий — УСВЕТА";"Потолочная люстра (синий) от производителя. Подходит для кухни, гостиной, спальни и зала. Гарантия завода, доставка по России."
764967384223;УСВЕТА;"0336/1 Коричневый";;Люстры;"Светильник подвесной; Е27; регулируемый подвес; коричневый";"Потолочная люстра, коричневый, 1 рожок E27. Освещение до 6 м?. Подходит для кухни, гостиной, спальни и зала. Производство УСВЕТА.";"<strong>Потолочная люстра, коричневый</strong> — практичное и стильное решение для кухни, гостиной, спальни и зала.<br /><br /><strong>Характеристики:</strong><br />- Цвет: коричневый<br />- Материал: металл, пластик<br />- Количество ламп: 1 шт., цоколь E27<br />- Допустимая мощность: 15Вт (напряжение 220В)<br />- Площадь освещения: до 6 м?<br /><br /><strong>Преимущества:</strong><br />- Собственное производство полного цикла на Урале.<br />- Гарантия 3 года, срок службы до 5 лет.<br />- Простой монтаж, крепёж в комплекте.<br />- Бренд УСВЕТА — проверенное качество в массовом сегменте.<br /><br /><br />Сертификаты соответствия и декларации о соответствии на продукцию: <a href=""https://usveta.ru/cerificate"" target=""_blank"" rel=""noopener"">https://usveta.ru/cerificate</a>";"https://raw.githubusercontent.com/Mitsuya196/usveta-photos/main/photos/0336-1-korichnevyy_01.jpg https://raw.githubusercontent.com/Mitsuya196/usveta-photos/main/photos/0336-1-korichnevyy_02.jpg https://raw.githubusercontent.com/Mitsuya196/usveta-photos/main/photos/0336-1-korichnevyy_03.jpg https://raw.githubusercontent.com/Mitsuya196/usveta-photos/main/photos/0336-1-korichnevyy_04.jpg https://raw.githubusercontent.com/Mitsuya196/usveta-photos/main/photos/0336-1-korichnevyy_05.jpg https://raw.githubusercontent.com/Mitsuya196/usveta-photos/main/photos/0336-1-korichnevyy_06.jpg https://raw.githubusercontent.com/Mitsuya196/usveta-photos/main/photos/0336-1-korichnevyy_07.jpg https://raw.githubusercontent.com/Mitsuya196/usveta-photos/main/photos/0336-1-korichnevyy_08.jpg https://raw.githubusercontent.com/Mitsuya196/usveta-photos/main/photos/0336-1-korichnevyy_09.jpg https://raw.githubusercontent.com/Mitsuya196/usveta-photos/main/photos/0336-1-korichnevyy_10.jpg";1262.00;3;1999;;;mCMhLjsi1hHo2zyMBMTg;;1;E27;"металл, пластик";Коричневый;"15Вт (напряжение 220В)";"Крепление под крюк";"310х240х310 мм.";"3 года (срок эксплуатации 5 лет)";Россия;;;;;;720;120;230;250;"Люстра потолочная с регулировкой высоты, 1хE27, коричневый | УСВЕТА";"Люстра потолочная с регулировкой высоты, коричневый. 1 рожок с цоколем E27, площадь освещения до 6 м?, мощность до 15 Вт. Подходит для кухни, спальни, гостиной и зала. Производство и гарантия УСВЕТА.";"люстра потолочная, люстра, люстра на кухню, люстра в спальню, люстра в зал, люстра в гостиную, люстра коричневый, купить люстру, люстра для натяжного потолка";"Потолочная люстра, коричневый — УСВЕТА";"Потолочная люстра (коричневый) от производителя. Подходит для кухни, гостиной, спальни и зала. Гарантия завода, доставка по России."
101730467003;УСВЕТА;"0336/1 Прозрачный";;Люстры;"Светильник подвесной; Е27; регулируемый подвес; прозрачный";"Потолочная люстра, прозрачный, 1 рожок E27. Освещение до 6 м?. Подходит для кухни, гостиной, спальни и зала. Производство УСВЕТА.";"<strong>Потолочная люстра, прозрачный</strong> — практичное и стильное решение для кухни, гостиной, спальни и зала.<br /><br /><strong>Характеристики:</strong><br />- Цвет: прозрачный<br />- Материал: металл, пластик<br />- Количество ламп: 1 шт., цоколь E27<br />- Допустимая мощность: 15Вт (напряжение 220В)<br />- Площадь освещения: до 6 м?<br /><br /><strong>Преимущества:</strong><br />- Собственное производство полного цикла на Урале.<br />- Гарантия 3 года, срок службы до 5 лет.<br />- Простой монтаж, крепёж в комплекте.<br />- Бренд УСВЕТА — проверенное качество в массовом сегменте.<br /><br /><br />Сертификаты соответствия и декларации о соответствии на продукцию: <a href=""https://usveta.ru/cerificate"" target=""_blank"" rel=""noopener"">https://usveta.ru/cerificate</a>";"https://raw.githubusercontent.com/Mitsuya196/usveta-photos/main/photos/0336-1-prozrachnyy_01.jpg https://raw.githubusercontent.com/Mitsuya196/usveta-photos/main/photos/0336-1-prozrachnyy_02.jpg https://raw.githubusercontent.com/Mitsuya196/usveta-photos/main/photos/0336-1-prozrachnyy_03.jpg https://raw.githubusercontent.com/Mitsuya196/usveta-photos/main/photos/0336-1-prozrachnyy_04.jpg https://raw.githubusercontent.com/Mitsuya196/usveta-photos/main/photos/0336-1-prozrachnyy_05.jpg https://raw.githubusercontent.com/Mitsuya196/usveta-photos/main/photos/0336-1-prozrachnyy_06.jpg https://raw.githubusercontent.com/Mitsuya196/usveta-photos/main/photos/0336-1-prozrachnyy_07.jpg https://raw.githubusercontent.com/Mitsuya196/usveta-photos/main/photos/0336-1-prozrachnyy_08.jpg https://raw.githubusercontent.com/Mitsuya196/usveta-photos/main/photos/0336-1-prozrachnyy_09.jpg";1204.00;37;1999;;;ZK3MiiERMCkkvnjieGg7;;1;E27;"металл, пластик";Прозрачный;"15Вт (напряжение 220В)";"Крепление под крюк";"310х240х310 мм.";"3 года (срок эксплуатации 5 лет)";Россия;;;;;;720;325;265;300;"Люстра потолочная с регулировкой высоты, 1хE27, прозрачный | УСВЕТА";"Люстра потолочная с регулировкой высоты, прозрачный. 1 рожок с цоколем E27, площадь освещения до 6 м?, мощность до 15 Вт. Подходит для кухни, спальни, гостиной и зала. Производство и гарантия УСВЕТА.";"люстра потолочная, люстра, люстра на кухню, люстра в спальню, люстра в зал, люстра в гостиную, люстра прозрачный, купить люстру";"Потолочная люстра, прозрачный — УСВЕТА";"Потолочная люстра (прозрачный) от производителя. Подходит для кухни, гостиной, спальни и зала. Гарантия завода, доставка по России."
570350340373;УСВЕТА;"0336/1 Синий";;Люстры;"Светильник подвесной; Е27; регулируемый подвес; синий";"Потолочная люстра, синий, 1 рожок E27. Подходит для кухни, гостиной, спальни и зала. Производство УСВЕТА.";"<strong>Потолочная люстра, синий</strong> — практичное и стильное решение для кухни, гостиной, спальни и зала.<br /><br /><strong>Характеристики:</strong><br />- Цвет: синий<br />- Материал: металл, пластик<br />- Количество ламп: 1 шт., цоколь E27<br />- Допустимая мощность: 15Вт (напряжение 220В)<br /><br /><strong>Преимущества:</strong><br />- Собственное производство полного цикла на Урале.<br />- Гарантия 3 года, срок службы до 5 лет.<br />- Простой монтаж, крепёж в комплекте.<br />- Бренд УСВЕТА — проверенное качество в массовом сегменте.<br /><br /><br />Сертификаты соответствия и декларации о соответствии на продукцию: <a href=""https://usveta.ru/cerificate"" target=""_blank"" rel=""noopener"">https://usveta.ru/cerificate</a>";"https://raw.githubusercontent.com/Mitsuya196/usveta-photos/main/photos/0336-1-siniy_01.jpg https://raw.githubusercontent.com/Mitsuya196/usveta-photos/main/photos/0336-1-siniy_02.jpg https://raw.githubusercontent.com/Mitsuya196/usveta-photos/main/photos/0336-1-siniy_03.jpg https://raw.githubusercontent.com/Mitsuya196/usveta-photos/main/photos/0336-1-siniy_04.jpg";1262.00;40;1999;;;6xS3fVjFEs7as94CUhO1;;1;E27;"металл, пластик";Синий;"15Вт (напряжение 220В)";"Крепление под крюк";"310х240х310 мм.";"3 года (срок эксплуатации 5 лет)";Россия;;;;;;720;330;262;297;"Люстра потолочная, 1хE27, синий, арт. 0336/1 | УСВЕТА";"Люстра потолочная, синий. 1 рожок с цоколем E27, мощность до 15 Вт. Подходит для кухни, спальни, гостиной и зала. Производство и гарантия УСВЕТА.";"люстра потолочная, люстра, люстра на кухню, люстра в спальню, люстра в зал, люстра в гостиную, люстра синий, купить люстру";"Потолочная люстра, синий — УСВЕТА";"Потолочная люстра (синий) от производителя. Подходит для кухни, гостиной, спальни и зала. Гарантия завода, доставка по России."
710086642683;УСВЕТА;"0340/1 Золото+Коричневый";;Люстры;"Светильник подвесной в форме шара; Е27; коричневый + золото";"Потолочная люстра в форме шара, золото, 1 рожок E27. Освещение до 6 м?. Подходит для кухни, гостиной, спальни и зала. Производство УСВЕТА.";"<strong>Потолочная люстра в форме шара, золото</strong> — практичное и стильное решение для кухни, гостиной, спальни и зала.<br /><br /><strong>Характеристики:</strong><br />- Цвет: золото<br />- Материал: металл, пластик<br />- Количество ламп: 1 шт., цоколь E27<br />- Допустимая мощность: 15Вт (напряжение 220В)<br />- Площадь освещения: до 6 м?<br /><br /><strong>Преимущества:</strong><br />- Собственное производство полного цикла на Урале.<br />- Гарантия 3 года, срок службы до 5 лет.<br />- Простой монтаж, крепёж в комплекте.<br />- Бренд УСВЕТА — проверенное качество в массовом сегменте.<br /><br /><br />Сертификаты соответствия и декларации о соответствии на продукцию: <a href=""https://usveta.ru/cerificate"" target=""_blank"" rel=""noopener"">https://usveta.ru/cerificate</a>";"https://raw.githubusercontent.com/Mitsuya196/usveta-photos/main/photos/0340-1-zoloto-korichnevyy_01.jpg https://raw.githubusercontent.com/Mitsuya196/usveta-photos/main/photos/0340-1-zoloto-korichnevyy_02.jpg https://raw.githubusercontent.com/Mitsuya196/usveta-photos/main/photos/0340-1-zoloto-korichnevyy_03.jpg https://raw.githubusercontent.com/Mitsuya196/usveta-photos/main/photos/0340-1-zoloto-korichnevyy_04.jpg https://raw.githubusercontent.com/Mitsuya196/usveta-photos/main/photos/0340-1-zoloto-korichnevyy_05.jpg https://raw.githubusercontent.com/Mitsuya196/usveta-photos/main/photos/0340-1-zoloto-korichnevyy_06.jpg https://raw.githubusercontent.com/Mitsuya196/usveta-photos/main/photos/0340-1-zoloto-korichnevyy_07.jpg https://raw.githubusercontent.com/Mitsuya196/usveta-photos/main/photos/0340-1-zoloto-korichnevyy_08.jpg https://raw.githubusercontent.com/Mitsuya196/usveta-photos/main/photos/0340-1-zoloto-korichnevyy_09.jpg";1551.00;6;2499;;;ysmaZ7lCvde8fd1CigEh;;1;E27;"металл, пластик";Золото;"15Вт (напряжение 220В)";"Под планку";"130х240х310 мм";"3 года (срок эксплуатации 5 лет)";Россия;;;;;;980;235;230;160;"Люстра потолочная в форме шара, 1хE27, золото, арт. 0340/1 | УСВЕТА";"Люстра потолочная в форме шара, золото. 1 рожок с цоколем E27, площадь освещения до 6 м?, мощность до 15 Вт. Подходит для кухни, спальни, гостиной и зала. Производство и гарантия УСВЕТА.";"люстра потолочная, люстра, люстра на кухню, люстра в спальню, люстра в зал, люстра в гостиную, люстра золото, купить люстру, люстра для натяжного потолка";"Потолочная люстра в форме шара, золото — УСВЕТА";"Потолочная люстра в форме шара (золото) от производителя. Подходит для кухни, гостиной, спальни и зала. Гарантия завода, доставка по России."
626724035173;УСВЕТА;"0340/1 Хром+Прозрачный";;Люстры;"Светильник подвесной в форме шара; Е27; прозрачный + хром";"Потолочная люстра в форме шара, хром, 1 рожок E27. Освещение до 6 м?. Подходит для кухни, гостиной, спальни и зала. Производство УСВЕТА.";"<strong>Потолочная люстра в форме шара, хром</strong> — практичное и стильное решение для кухни, гостиной, спальни и зала.<br /><br /><strong>Характеристики:</strong><br />- Цвет: хром<br />- Материал: металл, пластик<br />- Количество ламп: 1 шт., цоколь E27<br />- Допустимая мощность: 15Вт (напряжение 220В)<br />- Площадь освещения: до 6 м?<br /><br /><strong>Преимущества:</strong><br />- Собственное производство полного цикла на Урале.<br />- Гарантия 3 года, срок службы до 5 лет.<br />- Простой монтаж, крепёж в комплекте.<br />- Бренд УСВЕТА — проверенное качество в массовом сегменте.<br /><br /><br />Сертификаты соответствия и декларации о соответствии на продукцию: <a href=""https://usveta.ru/cerificate"" target=""_blank"" rel=""noopener"">https://usveta.ru/cerificate</a>";"https://raw.githubusercontent.com/Mitsuya196/usveta-photos/main/photos/0340-1-hrom-prozrachnyy_01.jpg https://raw.githubusercontent.com/Mitsuya196/usveta-photos/main/photos/0340-1-hrom-prozrachnyy_02.jpg https://raw.githubusercontent.com/Mitsuya196/usveta-photos/main/photos/0340-1-hrom-prozrachnyy_03.jpg https://raw.githubusercontent.com/Mitsuya196/usveta-photos/main/photos/0340-1-hrom-prozrachnyy_04.jpg https://raw.githubusercontent.com/Mitsuya196/usveta-photos/main/photos/0340-1-hrom-prozrachnyy_05.jpg https://raw.githubusercontent.com/Mitsuya196/usveta-photos/main/photos/0340-1-hrom-prozrachnyy_06.jpg https://raw.githubusercontent.com/Mitsuya196/usveta-photos/main/photos/0340-1-hrom-prozrachnyy_07.jpg https://raw.githubusercontent.com/Mitsuya196/usveta-photos/main/photos/0340-1-hrom-prozrachnyy_08.jpg https://raw.githubusercontent.com/Mitsuya196/usveta-photos/main/photos/0340-1-hrom-prozrachnyy_09.jpg";1548.00;3;2499;;;j2xgjiY2A4CenBgCPI1r;;1;E27;"металл, пластик";Хром;"15Вт (напряжение 220В)";"Под планку";"130х240х310 мм";"3 года (срок эксплуатации 5 лет)";Россия;;;;;;980;235;230;160;"Люстра потолочная в форме шара, 1хE27, хром, арт. 0340/1 | УСВЕТА";"Люстра потолочная в форме шара, хром. 1 рожок с цоколем E27, площадь освещения до 6 м?, мощность до 15 Вт. Подходит для кухни, спальни, гостиной и зала. Производство и гарантия УСВЕТА.";"люстра потолочная, люстра, люстра на кухню, люстра в спальню, люстра в зал, люстра в гостиную, люстра хром, купить люстру, люстра для натяжного потолка";"Потолочная люстра в форме шара, хром — УСВЕТА";"Потолочная люстра в форме шара (хром) от производителя. Подходит для кухни, гостиной, спальни и зала. Гарантия завода, доставка по России."
508753813213;УСВЕТА;"1012/3 Белый";;Люстры;"Потолочная люстра, 40Вт, 3хЕ27, белый";"Потолочная люстра в стиле лофт, белый, 3 рожка E27. Освещение до 14 м?. Подходит для кухни, гостиной, спальни и зала. Производство УСВЕТА.";"<strong>Потолочная люстра в стиле лофт, белый</strong> — практичное и стильное решение для кухни, гостиной, спальни и зала.<br /><br /><strong>Характеристики:</strong><br />- Цвет: белый<br />- Материал: металл, пластик<br />- Количество ламп: 3 шт., цоколь E27<br />- Допустимая мощность: 15Вт (напряжение 220В)<br />- Площадь освещения: до 14 м?<br /><br /><strong>Преимущества:</strong><br />- Собственное производство полного цикла на Урале.<br />- Гарантия 3 года, срок службы до 5 лет.<br />- Простой монтаж, крепёж в комплекте.<br />- Бренд УСВЕТА — проверенное качество в массовом сегменте.<br /><br /><br />Сертификаты соответствия и декларации о соответствии на продукцию: <a href=""https://usveta.ru/cerificate"" target=""_blank"" rel=""noopener"">https://usveta.ru/cerificate</a>";https://static.tildacdn.com/stor3132-6563-4730-a666-653735393334/f75fcd7cbe48d5f2a733295178e5577e.jpg;1030.00;0;1999;;;9aMHnJhHuLOk1y154JNg;;3;E27;"металл, пластик";Белый;"15Вт (напряжение 220В)";"Под планку";"10,5 см";"3 года (срок эксплуатации 5 лет)";Россия;;;;;;690;220;170;140;"Люстра потолочная лофт, 3хE27, белый, арт. 1012/3 | УСВЕТА";"Люстра потолочная лофт, белый. 3 рожка с цоколем E27, площадь освещения до 14 м?, мощность до 15 Вт. Подходит для кухни, спальни, гостиной и зала. Производство и гарантия УСВЕТА.";"люстра потолочная, люстра, люстра на кухню, люстра в спальню, люстра в зал, люстра в гостиную, люстра белый, купить люстру, люстра для натяжного потолка";"Потолочная люстра в стиле лофт, белый — УСВЕТА";"Потолочная люстра в стиле лофт (белый) от производителя. Подходит для кухни, гостиной, спальни и зала. Гарантия завода, доставка по России."
952326142003;УСВЕТА;"1012/3 Черный";;Люстры;"Потолочная люстра, 40Вт, 3хЕ27, черный+белый";"Потолочная люстра в стиле лофт, чёрный, 3 рожка E27. Освещение до 14 м?. Подходит для кухни, гостиной, спальни и зала. Производство УСВЕТА.";"<strong>Потолочная люстра в стиле лофт, чёрный</strong> — практичное и стильное решение для кухни, гостиной, спальни и зала.<br /><br /><strong>Характеристики:</strong><br />- Цвет: чёрный<br />- Материал: металл, пластик<br />- Количество ламп: 3 шт., цоколь E27<br />- Допустимая мощность: 15Вт (напряжение 220В)<br />- Площадь освещения: до 14 м?<br /><br /><strong>Преимущества:</strong><br />- Собственное производство полного цикла на Урале.<br />- Гарантия 3 года, срок службы до 5 лет.<br />- Простой монтаж, крепёж в комплекте.<br />- Бренд УСВЕТА — проверенное качество в массовом сегменте.<br /><br /><br />Сертификаты соответствия и декларации о соответствии на продукцию: <a href=""https://usveta.ru/cerificate"" target=""_blank"" rel=""noopener"">https://usveta.ru/cerificate</a>";https://static.tildacdn.com/stor3634-6663-4335-b839-636539396530/8b6cf5fdf9049b96f2ca4d032a5ac18f.jpg;1032.00;50;1999;;;vp6xRSjmfU2Vi5olPaTZ;;3;E27;"металл, пластик";Черный;"15Вт (напряжение 220В)";"Под планку";"10,5 см";"3 года (срок эксплуатации 5 лет)";Россия;;;;;;690;220;168;140;"Люстра потолочная лофт, 3хE27, чёрный, арт. 1012/3 | УСВЕТА";"Люстра потолочная лофт, чёрный. 3 рожка с цоколем E27, площадь освещения до 14 м?, мощность до 15 Вт. Подходит для кухни, спальни, гостиной и зала. Производство и гарантия УСВЕТА.";"люстра потолочная, люстра, люстра на кухню, люстра в спальню, люстра в зал, люстра в гостиную, люстра чёрный, купить люстру, люстра для натяжного потолка";"Потолочная люстра в стиле лофт, чёрный — УСВЕТА";"Потолочная люстра в стиле лофт (чёрный) от производителя. Подходит для кухни, гостиной, спальни и зала. Гарантия завода, доставка по России."
816081437103;УСВЕТА;"1012/5 Белый";;Люстры;"Потолочная люстра, 40Вт, 5хЕ27, белый";"Потолочная люстра в стиле лофт, белый, 5 рожков E27. Освещение до 18 м?. Подходит для кухни, гостиной, спальни и зала. Производство УСВЕТА.";"<strong>Потолочная люстра в стиле лофт, белый</strong> — практичное и стильное решение для кухни, гостиной, спальни и зала.<br /><br /><strong>Характеристики:</strong><br />- Цвет: белый<br />- Материал: металл, пластик<br />- Количество ламп: 5 шт., цоколь E27<br />- Допустимая мощность: 15Вт (напряжение 220В)<br />- Площадь освещения: до 18 м?<br /><br /><strong>Преимущества:</strong><br />- Собственное производство полного цикла на Урале.<br />- Гарантия 3 года, срок службы до 5 лет.<br />- Простой монтаж, крепёж в комплекте.<br />- Бренд УСВЕТА — проверенное качество в массовом сегменте.<br /><br /><br />Сертификаты соответствия и декларации о соответствии на продукцию: <a href=""https://usveta.ru/cerificate"" target=""_blank"" rel=""noopener"">https://usveta.ru/cerificate</a>";https://static.tildacdn.com/stor3837-6562-4838-a431-663563323265/124c1820e9a9f30ecb08a6263793380c.jpg;1451.00;0;2499;;;573gpdF2MJT2CkCIfo9m;;5;E27;"металл, пластик";Белый;"15Вт (напряжение 220В)";"Под планку";"10,5 см";"3 года (срок эксплуатации 5 лет)";Россия;;;;;;1060;270;185;135;"Люстра потолочная лофт, 5хE27, белый, арт. 1012/5 | УСВЕТА";"Люстра потолочная лофт, белый. 5 рожков с цоколем E27, площадь освещения до 18 м?, мощность до 15 Вт. Подходит для кухни, спальни, гостиной и зала. Производство и гарантия УСВЕТА.";"люстра потолочная, люстра, люстра на кухню, люстра в спальню, люстра в зал, люстра в гостиную, люстра белый, купить люстру, люстра для натяжного потолка";"Потолочная люстра в стиле лофт, белый — УСВЕТА";"Потолочная люстра в стиле лофт (белый) от производителя. Подходит для кухни, гостиной, спальни и зала. Гарантия завода, доставка по России."
431064714163;УСВЕТА;"1012/5 Черный";;Люстры;"Потолочная люстра, 40Вт, 5хЕ27, черный+белый";"Потолочная люстра в стиле лофт, чёрный, 5 рожков E27. Освещение до 18 м?. Подходит для кухни, гостиной, спальни и зала. Производство УСВЕТА.";"<strong>Потолочная люстра в стиле лофт, чёрный</strong> — практичное и стильное решение для кухни, гостиной, спальни и зала.<br /><br /><strong>Характеристики:</strong><br />- Цвет: чёрный<br />- Материал: металл, пластик<br />- Количество ламп: 5 шт., цоколь E27<br />- Допустимая мощность: 15Вт (напряжение 220В)<br />- Площадь освещения: до 18 м?<br /><br /><strong>Преимущества:</strong><br />- Собственное производство полного цикла на Урале.<br />- Гарантия 3 года, срок службы до 5 лет.<br />- Простой монтаж, крепёж в комплекте.<br />- Бренд УСВЕТА — проверенное качество в массовом сегменте.<br /><br /><br />Сертификаты соответствия и декларации о соответствии на продукцию: <a href=""https://usveta.ru/cerificate"" target=""_blank"" rel=""noopener"">https://usveta.ru/cerificate</a>";https://static.tildacdn.com/stor6263-6137-4433-b238-663861616635/66f58508e0a75c288e88bb62e1037ffe.jpg;1456.00;50;2499;;;UefVkb4ZV967JTacvEfH;;5;E27;"металл, пластик";Черный;"15Вт (напряжение 220В)";"Под планку";"10,5 см";"3 года (срок эксплуатации 5 лет)";Россия;;;;;;1060;270;185;135;"Люстра потолочная лофт, 5хE27, чёрный, арт. 1012/5 | УСВЕТА";"Люстра потолочная лофт, чёрный. 5 рожков с цоколем E27, площадь освещения до 18 м?, мощность до 15 Вт. Подходит для кухни, спальни, гостиной и зала. Производство и гарантия УСВЕТА.";"люстра потолочная, люстра, люстра на кухню, люстра в спальню, люстра в зал, люстра в гостиную, люстра чёрный, купить люстру, люстра для натяжного потолка";"Потолочная люстра в стиле лофт, чёрный — УСВЕТА";"Потолочная люстра в стиле лофт (чёрный) от производителя. Подходит для кухни, гостиной, спальни и зала. Гарантия завода, доставка по России."
356042425573;УСВЕТА;"1013/3 Белый";;"Люстры;Акции>>>Новинки;Акции";"Люстра потолочная УСВЕТА Белая Е27, 15 Вт";"Потолочная люстра, белый, 3 рожка E27. Освещение до 14 м?. Подходит для кухни, гостиной, спальни и зала. Производство УСВЕТА.";"<strong>Потолочная люстра, белый</strong> — практичное и стильное решение для кухни, гостиной, спальни и зала.<br /><br /><strong>Характеристики:</strong><br />- Цвет: белый<br />- Материал: металл, пластик<br />- Количество ламп: 3 шт., цоколь E27<br />- Допустимая мощность: 15Вт (напряжение 220В)<br />- Площадь освещения: до 14 м?<br /><br /><strong>Преимущества:</strong><br />- Собственное производство полного цикла на Урале.<br />- Гарантия 3 года, срок службы до 5 лет.<br />- Простой монтаж, крепёж в комплекте.<br />- Бренд УСВЕТА — проверенное качество в массовом сегменте.<br /><br /><br />Сертификаты соответствия и декларации о соответствии на продукцию: <a href=""https://usveta.ru/cerificate"" target=""_blank"" rel=""noopener"">https://usveta.ru/cerificate</a>";https://static.tildacdn.com/stor3463-3039-4534-a632-663065613437/2ad4fdc7de40ddaa42c33b30a5aee25d.jpg;1751.00;24;2999;;;phyIMDor2ZTrR9N6jRzc;;3;E27;"металл, пластик";Белый;"15Вт (напряжение 220В)";"Под планку";"135х111х135 мм";"3 года (срок эксплуатации 5 лет)";Россия;;;;;;1180;270;270;175;"Люстра потолочная, 3хE27, белый, арт. 1013/3 | УСВЕТА";"Люстра потолочная, белый. 3 рожка с цоколем E27, площадь освещения до 14 м?, мощность до 15 Вт. Подходит для кухни, спальни, гостиной и зала. Производство и гарантия УСВЕТА.";"люстра потолочная, люстра, люстра на кухню, люстра в спальню, люстра в зал, люстра в гостиную, люстра белый, купить люстру, люстра для натяжного потолка";"Потолочная люстра, белый — УСВЕТА";"Потолочная люстра (белый) от производителя. Подходит для кухни, гостиной, спальни и зала. Гарантия завода, доставка по России."
575572606363;УСВЕТА;"1013/3 Черный";;"Люстры;Акции>>>Новинки;Акции";"Люстра потолочная УСВЕТА Черная Е27, 15 Вт";"Потолочная люстра, чёрный, 3 рожка E27. Освещение до 14 м?. Подходит для кухни, гостиной, спальни и зала. Производство УСВЕТА.";"<strong>Потолочная люстра, чёрный</strong> — практичное и стильное решение для кухни, гостиной, спальни и зала.<br /><br /><strong>Характеристики:</strong><br />- Цвет: чёрный<br />- Материал: металл, пластик<br />- Количество ламп: 3 шт., цоколь E27<br />- Допустимая мощность: 15Вт (напряжение 220В)<br />- Площадь освещения: до 14 м?<br /><br /><strong>Преимущества:</strong><br />- Собственное производство полного цикла на Урале.<br />- Гарантия 3 года, срок службы до 5 лет.<br />- Простой монтаж, крепёж в комплекте.<br />- Бренд УСВЕТА — проверенное качество в массовом сегменте.<br /><br /><br />Сертификаты соответствия и декларации о соответствии на продукцию: <a href=""https://usveta.ru/cerificate"" target=""_blank"" rel=""noopener"">https://usveta.ru/cerificate</a>";https://static.tildacdn.com/stor6336-3130-4865-a664-616162373931/dfd5ca02f0308582ca7d6c50ad6ada63.jpg;1760.00;0;2999;;;b7DAtyergzdfdcvA1pVz;;3;E27;"металл, пластик";Черный;"15Вт (напряжение 220В)";"Под планку";"135х111х135 мм";"3 года (срок эксплуатации 5 лет)";Россия;;;;;;1180;270;270;175;"Люстра потолочная, 3хE27, чёрный, арт. 1013/3 | УСВЕТА";"Люстра потолочная, чёрный. 3 рожка с цоколем E27, площадь освещения до 14 м?, мощность до 15 Вт. Подходит для кухни, спальни, гостиной и зала. Производство и гарантия УСВЕТА.";"люстра потолочная, люстра, люстра на кухню, люстра в спальню, люстра в зал, люстра в гостиную, люстра чёрный, купить люстру, люстра для натяжного потолка";"Потолочная люстра, чёрный — УСВЕТА";"Потолочная люстра (чёрный) от производителя. Подходит для кухни, гостиной, спальни и зала. Гарантия завода, доставка по России."
291938382383;УСВЕТА;"1013/5 Белый";;"Люстры;Акции>>>Новинки;Акции";"Люстра потолочная УСВЕТА Белая Е27, 15 Вт";"Потолочная люстра, белый, 5 рожков E27. Освещение до 18 м?. Подходит для кухни, гостиной, спальни и зала. Производство УСВЕТА.";"<strong>Потолочная люстра, белый</strong> — практичное и стильное решение для кухни, гостиной, спальни и зала.<br /><br /><strong>Характеристики:</strong><br />- Цвет: белый<br />- Материал: металл, пластик<br />- Количество ламп: 5 шт., цоколь E27<br />- Допустимая мощность: 15Вт (напряжение 220В)<br />- Площадь освещения: до 18 м?<br /><br /><strong>Преимущества:</strong><br />- Собственное производство полного цикла на Урале.<br />- Гарантия 3 года, срок службы до 5 лет.<br />- Простой монтаж, крепёж в комплекте.<br />- Бренд УСВЕТА — проверенное качество в массовом сегменте.<br /><br /><br />Сертификаты соответствия и декларации о соответствии на продукцию: <a href=""https://usveta.ru/cerificate"" target=""_blank"" rel=""noopener"">https://usveta.ru/cerificate</a>";https://static.tildacdn.com/stor6231-3330-4435-a230-333338333861/17bde9641e3bf2921ed90a0fe1526632.jpg;2495.00;10;3999;;;Nk12GMJlhzOGIeDOGOjg;;5;E27;"металл, пластик";Белый;"15Вт (напряжение 220В)";"Под планку";"135х111х135 мм";"3 года (срок эксплуатации 5 лет)";Россия;;;;;;1710;270;270;175;"Люстра потолочная, 5хE27, белый, арт. 1013/5 | УСВЕТА";"Люстра потолочная, белый. 5 рожков с цоколем E27, площадь освещения до 18 м?, мощность до 15 Вт. Подходит для кухни, спальни, гостиной и зала. Производство и гарантия УСВЕТА.";"люстра потолочная, люстра, люстра на кухню, люстра в спальню, люстра в зал, люстра в гостиную, люстра белый, купить люстру, люстра для натяжного потолка";"Потолочная люстра, белый — УСВЕТА";"Потолочная люстра (белый) от производителя. Подходит для кухни, гостиной, спальни и зала. Гарантия завода, доставка по России."
962862575133;УСВЕТА;"1013/5 Черный";;"Люстры;Акции>>>Новинки;Акции";"Люстра потолочная УСВЕТА Черная Е27, 15 Вт";"Потолочная люстра, чёрный, 5 рожков E27. Подходит для кухни, гостиной, спальни и зала. Производство УСВЕТА.";"<strong>Потолочная люстра, чёрный</strong> — практичное и стильное решение для кухни, гостиной, спальни и зала.<br /><br /><strong>Характеристики:</strong><br />- Цвет: чёрный<br />- Материал: металл, пластик<br />- Количество ламп: 5 шт., цоколь E27<br />- Допустимая мощность: 15Вт (напряжение 220В)<br /><br /><strong>Преимущества:</strong><br />- Собственное производство полного цикла на Урале.<br />- Гарантия 3 года, срок службы до 5 лет.<br />- Простой монтаж, крепёж в комплекте.<br />- Бренд УСВЕТА — проверенное качество в массовом сегменте.<br /><br /><br />Сертификаты соответствия и декларации о соответствии на продукцию: <a href=""https://usveta.ru/cerificate"" target=""_blank"" rel=""noopener"">https://usveta.ru/cerificate</a>";https://static.tildacdn.com/stor3162-6163-4130-a236-386463653331/2e3b1d3a3dc049494a3e104c34fbb62b.jpg;2495.00;0;3999;;;0flxk2OogePSuoraxpBc;;5;E27;"металл, пластик";Черный;"15Вт (напряжение 220В)";"Под планку";"135х111х135 мм";"3 года (срок эксплуатации 5 лет)";Россия;;;;;;1710;270;270;175;"Люстра потолочная, 5хE27, чёрный, арт. 1013/5 | УСВЕТА";"Люстра потолочная, чёрный. 5 рожков с цоколем E27, мощность до 15 Вт. Подходит для кухни, спальни, гостиной и зала. Производство и гарантия УСВЕТА.";"люстра потолочная, люстра, люстра на кухню, люстра в спальню, люстра в зал, люстра в гостиную, люстра чёрный, купить люстру";"Потолочная люстра, чёрный — УСВЕТА";"Потолочная люстра (чёрный) от производителя. Подходит для кухни, гостиной, спальни и зала. Гарантия завода, доставка по России."
575882138273;УСВЕТА;"1016/3 Белый";Хит;Люстры;"Потолочная люстра, 40Вт, 3хЕ27, белый";"Потолочная люстра, белый, 3 рожка E27. Освещение до 15 м?. Подходит для кухни, гостиной, спальни и зала. Производство УСВЕТА.";"<strong>Потолочная люстра, белый</strong> — практичное и стильное решение для кухни, гостиной, спальни и зала.<br /><br /><strong>Характеристики:</strong><br />- Цвет: белый<br />- Материал: металл, пластик<br />- Количество ламп: 3 шт., цоколь E27<br />- Допустимая мощность: 15Вт (напряжение 220В)<br />- Площадь освещения: до 15 м?<br /><br /><strong>Преимущества:</strong><br />- Собственное производство полного цикла на Урале.<br />- Гарантия 3 года, срок службы до 5 лет.<br />- Простой монтаж, крепёж в комплекте.<br />- Бренд УСВЕТА — проверенное качество в массовом сегменте.<br /><br /><br />Сертификаты соответствия и декларации о соответствии на продукцию: <a href=""https://usveta.ru/cerificate"" target=""_blank"" rel=""noopener"">https://usveta.ru/cerificate</a>";"https://raw.githubusercontent.com/Mitsuya196/usveta-photos/main/photos/1016-3-belyy_01.jpg https://raw.githubusercontent.com/Mitsuya196/usveta-photos/main/photos/1016-3-belyy_02.jpg https://raw.githubusercontent.com/Mitsuya196/usveta-photos/main/photos/1016-3-belyy_03.jpg https://raw.githubusercontent.com/Mitsuya196/usveta-photos/main/photos/1016-3-belyy_04.jpg https://raw.githubusercontent.com/Mitsuya196/usveta-photos/main/photos/1016-3-belyy_05.jpg https://raw.githubusercontent.com/Mitsuya196/usveta-photos/main/photos/1016-3-belyy_06.jpg https://raw.githubusercontent.com/Mitsuya196/usveta-photos/main/photos/1016-3-belyy_07.jpg https://raw.githubusercontent.com/Mitsuya196/usveta-photos/main/photos/1016-3-belyy_08.jpg";845.00;50;1499;;;IV2uNJHjsnXyapHg4N6s;;3;E27;"металл, пластик";Белый;"15Вт (напряжение 220В)";"Под планку";"10,5 см";"3 года (срок эксплуатации 5 лет)";Россия;;;;;;650;135;135;210;"Люстра потолочная, 3хE27, белый, арт. 1016/3 | УСВЕТА";"Люстра потолочная, белый. 3 рожка с цоколем E27, площадь освещения до 15 м?, мощность до 15 Вт. Подходит для кухни, спальни, гостиной и зала. Производство и гарантия УСВЕТА.";"люстра потолочная, люстра, люстра на кухню, люстра в спальню, люстра в зал, люстра в гостиную, люстра белый, купить люстру, люстра для натяжного потолка";"Потолочная люстра, белый — УСВЕТА";"Потолочная люстра (белый) от производителя. Подходит для кухни, гостиной, спальни и зала. Гарантия завода, доставка по России."
796709065583;УСВЕТА;"1016/3 Черный";Хит;Люстры;"Потолочная люстра, 40Вт, 3хЕ27, черный";"Потолочная люстра, чёрный, 3 рожка E27. Освещение до 15 м?. Подходит для кухни, гостиной, спальни и зала. Производство УСВЕТА.";"<strong>Потолочная люстра, чёрный</strong> — практичное и стильное решение для кухни, гостиной, спальни и зала.<br /><br /><strong>Характеристики:</strong><br />- Цвет: чёрный<br />- Материал: металл, пластик<br />- Количество ламп: 3 шт., цоколь E27<br />- Допустимая мощность: 15Вт (напряжение 220В)<br />- Площадь освещения: до 15 м?<br /><br /><strong>Преимущества:</strong><br />- Собственное производство полного цикла на Урале.<br />- Гарантия 3 года, срок службы до 5 лет.<br />- Простой монтаж, крепёж в комплекте.<br />- Бренд УСВЕТА — проверенное качество в массовом сегменте.<br /><br /><br />Сертификаты соответствия и декларации о соответствии на продукцию: <a href=""https://usveta.ru/cerificate"" target=""_blank"" rel=""noopener"">https://usveta.ru/cerificate</a>";"https://raw.githubusercontent.com/Mitsuya196/usveta-photos/main/photos/1016-3-chernyy_01.jpg https://raw.githubusercontent.com/Mitsuya196/usveta-photos/main/photos/1016-3-chernyy_02.jpg https://raw.githubusercontent.com/Mitsuya196/usveta-photos/main/photos/1016-3-chernyy_03.jpg https://raw.githubusercontent.com/Mitsuya196/usveta-photos/main/photos/1016-3-chernyy_04.jpg https://raw.githubusercontent.com/Mitsuya196/usveta-photos/main/photos/1016-3-chernyy_05.jpg https://raw.githubusercontent.com/Mitsuya196/usveta-photos/main/photos/1016-3-chernyy_06.jpg https://raw.githubusercontent.com/Mitsuya196/usveta-photos/main/photos/1016-3-chernyy_07.jpg https://raw.githubusercontent.com/Mitsuya196/usveta-photos/main/photos/1016-3-chernyy_08.jpg";845.00;50;1499;;;anCOzd2Zg9f6SvUk5NEF;;3;E27;"металл, пластик";Черный;"15Вт (напряжение 220В)";"Под планку";"10,5 см";"3 года (срок эксплуатации 5 лет)";Россия;;;;;;650;135;135;210;"Люстра потолочная, 3хE27, чёрный, арт. 1016/3 | УСВЕТА";"Люстра потолочная, чёрный. 3 рожка с цоколем E27, площадь освещения до 15 м?, мощность до 15 Вт. Подходит для кухни, спальни, гостиной и зала. Производство и гарантия УСВЕТА.";"люстра потолочная, люстра, люстра на кухню, люстра в спальню, люстра в зал, люстра в гостиную, люстра чёрный, купить люстру, люстра для натяжного потолка";"Потолочная люстра, чёрный — УСВЕТА";"Потолочная люстра (чёрный) от производителя. Подходит для кухни, гостиной, спальни и зала. Гарантия завода, доставка по России."
500987555763;УСВЕТА;"1016/5 Белый";Хит;Люстры;"Потолочная люстра, 40Вт, 5хЕ27, белый";"Потолочная люстра, белый, 5 рожков E27. Освещение до 20 м?. Подходит для кухни, гостиной, спальни и зала. Производство УСВЕТА.";"<strong>Потолочная люстра, белый</strong> — практичное и стильное решение для кухни, гостиной, спальни и зала.<br /><br /><strong>Характеристики:</strong><br />- Цвет: белый<br />- Материал: металл, пластик<br />- Количество ламп: 5 шт., цоколь E27<br />- Допустимая мощность: 15Вт (напряжение 220В)<br />- Площадь освещения: до 20 м?<br /><br /><strong>Преимущества:</strong><br />- Собственное производство полного цикла на Урале.<br />- Гарантия 3 года, срок службы до 5 лет.<br />- Простой монтаж, крепёж в комплекте.<br />- Бренд УСВЕТА — проверенное качество в массовом сегменте.<br /><br /><br />Сертификаты соответствия и декларации о соответствии на продукцию: <a href=""https://usveta.ru/cerificate"" target=""_blank"" rel=""noopener"">https://usveta.ru/cerificate</a>";"https://raw.githubusercontent.com/Mitsuya196/usveta-photos/main/photos/1016-5-belyy_01.jpg https://raw.githubusercontent.com/Mitsuya196/usveta-photos/main/photos/1016-5-belyy_02.jpg https://raw.githubusercontent.com/Mitsuya196/usveta-photos/main/photos/1016-5-belyy_03.jpg https://raw.githubusercontent.com/Mitsuya196/usveta-photos/main/photos/1016-5-belyy_04.jpg https://raw.githubusercontent.com/Mitsuya196/usveta-photos/main/photos/1016-5-belyy_05.jpg https://raw.githubusercontent.com/Mitsuya196/usveta-photos/main/photos/1016-5-belyy_06.jpg https://raw.githubusercontent.com/Mitsuya196/usveta-photos/main/photos/1016-5-belyy_07.jpg https://raw.githubusercontent.com/Mitsuya196/usveta-photos/main/photos/1016-5-belyy_08.jpg";1192.00;50;1999;;;5uTRRgMUDVoN1MMHoLLp;;5;E27;"металл, пластик";Белый;"15Вт (напряжение 220В)";"Под планку";"10,5 см";"3 года (срок эксплуатации 5 лет)";Россия;;;;;;930;275;145;145;"Люстра потолочная, 5хE27, белый, арт. 1016/5 | УСВЕТА";"Люстра потолочная, белый. 5 рожков с цоколем E27, площадь освещения до 20 м?, мощность до 15 Вт. Подходит для кухни, спальни, гостиной и зала. Производство и гарантия УСВЕТА.";"люстра потолочная, люстра, люстра на кухню, люстра в спальню, люстра в зал, люстра в гостиную, люстра белый, купить люстру, люстра для натяжного потолка";"Потолочная люстра, белый — УСВЕТА";"Потолочная люстра (белый) от производителя. Подходит для кухни, гостиной, спальни и зала. Гарантия завода, доставка по России."
159485784933;УСВЕТА;"1016/5 Черный";Хит;Люстры;"Потолочная люстра, 40Вт, 5хЕ27, черный";"Потолочная люстра, чёрный, 5 рожков E27. Освещение до 20 м?. Подходит для кухни, гостиной, спальни и зала. Производство УСВЕТА.";"<strong>Потолочная люстра, чёрный</strong> — практичное и стильное решение для кухни, гостиной, спальни и зала.<br /><br /><strong>Характеристики:</strong><br />- Цвет: чёрный<br />- Материал: металл, пластик<br />- Количество ламп: 5 шт., цоколь E27<br />- Допустимая мощность: 15Вт (напряжение 220В)<br />- Площадь освещения: до 20 м?<br /><br /><strong>Преимущества:</strong><br />- Собственное производство полного цикла на Урале.<br />- Гарантия 3 года, срок службы до 5 лет.<br />- Простой монтаж, крепёж в комплекте.<br />- Бренд УСВЕТА — проверенное качество в массовом сегменте.<br /><br /><br />Сертификаты соответствия и декларации о соответствии на продукцию: <a href=""https://usveta.ru/cerificate"" target=""_blank"" rel=""noopener"">https://usveta.ru/cerificate</a>";"https://raw.githubusercontent.com/Mitsuya196/usveta-photos/main/photos/1016-5-chernyy_01.jpg https://raw.githubusercontent.com/Mitsuya196/usveta-photos/main/photos/1016-5-chernyy_02.jpg https://raw.githubusercontent.com/Mitsuya196/usveta-photos/main/photos/1016-5-chernyy_03.jpg https://raw.githubusercontent.com/Mitsuya196/usveta-photos/main/photos/1016-5-chernyy_04.jpg https://raw.githubusercontent.com/Mitsuya196/usveta-photos/main/photos/1016-5-chernyy_05.jpg https://raw.githubusercontent.com/Mitsuya196/usveta-photos/main/photos/1016-5-chernyy_06.jpg https://raw.githubusercontent.com/Mitsuya196/usveta-photos/main/photos/1016-5-chernyy_07.jpg https://raw.githubusercontent.com/Mitsuya196/usveta-photos/main/photos/1016-5-chernyy_08.jpg";1194.00;50;1999;;;Ho704Da7P4dpr1MdZ3LU;;5;E27;"металл, пластик";Черный;"15Вт (напряжение 220В)";"Под планку";"10,5 см";"3 года (срок эксплуатации 5 лет)";Россия;;;;;;930;275;145;145;"Люстра потолочная, 5хE27, чёрный, арт. 1016/5 | УСВЕТА";"Люстра потолочная, чёрный. 5 рожков с цоколем E27, площадь освещения до 20 м?, мощность до 15 Вт. Подходит для кухни, спальни, гостиной и зала. Производство и гарантия УСВЕТА.";"люстра потолочная, люстра, люстра на кухню, люстра в спальню, люстра в зал, люстра в гостиную, люстра чёрный, купить люстру, люстра для натяжного потолка";"Потолочная люстра, чёрный — УСВЕТА";"Потолочная люстра (чёрный) от производителя. Подходит для кухни, гостиной, спальни и зала. Гарантия завода, доставка по России."
260218941223;УСВЕТА;"1628/3 Белый муар";;Люстры;"Люстра потолочная, белый муар, 3хE27 — освещение до 16 м? | УСВЕТА";"Потолочная люстра, белый, 3 рожка E27. Подходит для кухни, гостиной, спальни и зала. Производство УСВЕТА.";"<strong>Потолочная люстра, белый</strong> — практичное и стильное решение для кухни, гостиной, спальни и зала.<br /><br /><strong>Характеристики:</strong><br />- Цвет: белый<br />- Материал: металл, пластик<br />- Количество ламп: 3 шт., цоколь E27<br />- Допустимая мощность: 15Вт (напряжение 220В)<br /><br /><strong>Преимущества:</strong><br />- Собственное производство полного цикла на Урале.<br />- Гарантия 3 года, срок службы до 5 лет.<br />- Простой монтаж, крепёж в комплекте.<br />- Бренд УСВЕТА — проверенное качество в массовом сегменте.<br /><br /><br />Сертификаты соответствия и декларации о соответствии на продукцию: <a href=""https://usveta.ru/cerificate"" target=""_blank"" rel=""noopener"">https://usveta.ru/cerificate</a>";https://static.tildacdn.com/stor6135-3465-4832-b864-323338323865/ce5fb16e073670f5cbb20294ef546c28.jpg;3072.00;4;4999;;;jriZL4fG6n6sihytvGOd;;3;E27;"металл, пластик";Белый;"15Вт (напряжение 220В)";"Под планку";"141х150х141 мм";"3 года (срок эксплуатации 5 лет)";Россия;;;;;;1730;185;185;250;"Люстра потолочная, 3хE27, белый, арт. 1628/3 | УСВЕТА";"Люстра потолочная, белый. 3 рожка с цоколем E27, мощность до 15 Вт. Подходит для кухни, спальни, гостиной и зала. Производство и гарантия УСВЕТА.";"люстра потолочная, люстра, люстра на кухню, люстра в спальню, люстра в зал, люстра в гостиную, люстра белый, купить люстру";"Потолочная люстра, белый — УСВЕТА";"Потолочная люстра (белый) от производителя. Подходит для кухни, гостиной, спальни и зала. Гарантия завода, доставка по России."
100619972033;УСВЕТА;"1628/3 Хром";;Люстры;"Люстра потолочная, хромированный, 3хE27 — освещение до 16 м? | УСВЕТА";"Потолочная люстра, хром, 3 рожка E27. Подходит для кухни, гостиной, спальни и зала. Производство УСВЕТА.";"<strong>Потолочная люстра, хром</strong> — практичное и стильное решение для кухни, гостиной, спальни и зала.<br /><br /><strong>Характеристики:</strong><br />- Цвет: хром<br />- Материал: металл, пластик<br />- Количество ламп: 3 шт., цоколь E27<br />- Допустимая мощность: 15Вт (напряжение 220В)<br /><br /><strong>Преимущества:</strong><br />- Собственное производство полного цикла на Урале.<br />- Гарантия 3 года, срок службы до 5 лет.<br />- Простой монтаж, крепёж в комплекте.<br />- Бренд УСВЕТА — проверенное качество в массовом сегменте.<br /><br /><br />Сертификаты соответствия и декларации о соответствии на продукцию: <a href=""https://usveta.ru/cerificate"" target=""_blank"" rel=""noopener"">https://usveta.ru/cerificate</a>";https://static.tildacdn.com/stor3235-6638-4030-a263-626234626239/d12cd763fea8491cda1b8963adb98273.jpg;3203.00;5;4999;;;J8GcrFxatlt2AKJf3xdv;;3;E27;"металл, пластик";Хром;"15Вт (напряжение 220В)";"Под планку";"141х150х141 мм";"3 года (срок эксплуатации 5 лет)";Россия;;;;;;1770;185;185;250;"Люстра потолочная, 3хE27, хром, арт. 1628/3 | УСВЕТА";"Люстра потолочная, хром. 3 рожка с цоколем E27, мощность до 15 Вт. Подходит для кухни, спальни, гостиной и зала. Производство и гарантия УСВЕТА.";"люстра потолочная, люстра, люстра на кухню, люстра в спальню, люстра в зал, люстра в гостиную, люстра хром, купить люстру";"Потолочная люстра, хром — УСВЕТА";"Потолочная люстра (хром) от производителя. Подходит для кухни, гостиной, спальни и зала. Гарантия завода, доставка по России."
639494052853;УСВЕТА;"1628/3 Черный муар";;Люстры;"Люстра потолочная, чёрный муар, 3хE27 — освещение до 16 м? | УСВЕТА";"Потолочная люстра, чёрный, 3 рожка E27. Подходит для кухни, гостиной, спальни и зала. Производство УСВЕТА.";"<strong>Потолочная люстра, чёрный</strong> — практичное и стильное решение для кухни, гостиной, спальни и зала.<br /><br /><strong>Характеристики:</strong><br />- Цвет: чёрный<br />- Материал: металл, пластик<br />- Количество ламп: 3 шт., цоколь E27<br />- Допустимая мощность: 15Вт (напряжение 220В)<br /><br /><strong>Преимущества:</strong><br />- Собственное производство полного цикла на Урале.<br />- Гарантия 3 года, срок службы до 5 лет.<br />- Простой монтаж, крепёж в комплекте.<br />- Бренд УСВЕТА — проверенное качество в массовом сегменте.<br /><br /><br />Сертификаты соответствия и декларации о соответствии на продукцию: <a href=""https://usveta.ru/cerificate"" target=""_blank"" rel=""noopener"">https://usveta.ru/cerificate</a>";https://static.tildacdn.com/stor3134-3065-4466-b661-353163306534/33acbabf3f62f2d374842f759ba2066a.jpg;3064.00;2;4999;;;mO49oDNdVFB0ccInbBkY;;3;E27;"металл, пластик";Черный;"15Вт (напряжение 220В)";"Под планку";"141х150х141 мм";"3 года (срок эксплуатации 5 лет)";Россия;;;;;;1730;185;185;250;"Люстра потолочная, 3хE27, чёрный, арт. 1628/3 | УСВЕТА";"Люстра потолочная, чёрный. 3 рожка с цоколем E27, мощность до 15 Вт. Подходит для кухни, спальни, гостиной и зала. Производство и гарантия УСВЕТА.";"люстра потолочная, люстра, люстра на кухню, люстра в спальню, люстра в зал, люстра в гостиную, люстра чёрный, купить люстру";"Потолочная люстра, чёрный — УСВЕТА";"Потолочная люстра (чёрный) от производителя. Подходит для кухни, гостиной, спальни и зала. Гарантия завода, доставка по России."
734971473363;УСВЕТА;"1628/5 Белый муар";;Люстры;"Люстра потолочная, белый муар, 5хE27 — освещение до 20 м? | УСВЕТА";"Потолочная люстра, белый, 5 рожков E27. Подходит для кухни, гостиной, спальни и зала. Производство УСВЕТА.";"<strong>Потолочная люстра, белый</strong> — практичное и стильное решение для кухни, гостиной, спальни и зала.<br /><br /><strong>Характеристики:</strong><br />- Цвет: белый<br />- Материал: металл, пластик<br />- Количество ламп: 5 шт., цоколь E27<br />- Допустимая мощность: 15Вт (напряжение 220В)<br /><br /><strong>Преимущества:</strong><br />- Собственное производство полного цикла на Урале.<br />- Гарантия 3 года, срок службы до 5 лет.<br />- Простой монтаж, крепёж в комплекте.<br />- Бренд УСВЕТА — проверенное качество в массовом сегменте.<br /><br /><br />Сертификаты соответствия и декларации о соответствии на продукцию: <a href=""https://usveta.ru/cerificate"" target=""_blank"" rel=""noopener"">https://usveta.ru/cerificate</a>";https://static.tildacdn.com/stor3333-3434-4161-b639-613835646164/812e7765da36c047d33717e2d1a32ba3.jpg;4761.00;2;7499;;;TS0FdDyH1ClLnpnCk58x;;5;E27;"металл, пластик";Белый;"15Вт (напряжение 220В)";"Под планку";"141х150х141 мм";"3 года (срок эксплуатации 5 лет)";Россия;;;;;;2620;290;270;160;"Люстра потолочная, 5хE27, белый, арт. 1628/5 | УСВЕТА";"Люстра потолочная, белый. 5 рожков с цоколем E27, мощность до 15 Вт. Подходит для кухни, спальни, гостиной и зала. Производство и гарантия УСВЕТА.";"люстра потолочная, люстра, люстра на кухню, люстра в спальню, люстра в зал, люстра в гостиную, люстра белый, купить люстру";"Потолочная люстра, белый — УСВЕТА";"Потолочная люстра (белый) от производителя. Подходит для кухни, гостиной, спальни и зала. Гарантия завода, доставка по России."
762181775613;УСВЕТА;"1628/5 Хром";;Люстры;"Люстра потолочная, хромированный, 5хE27 — освещение до 20 м? | УСВЕТА";"Потолочная люстра, хром, 5 рожков E27. Подходит для кухни, гостиной, спальни и зала. Производство УСВЕТА.";"<strong>Потолочная люстра, хром</strong> — практичное и стильное решение для кухни, гостиной, спальни и зала.<br /><br /><strong>Характеристики:</strong><br />- Цвет: хром<br />- Материал: металл, пластик<br />- Количество ламп: 5 шт., цоколь E27<br />- Допустимая мощность: 15Вт (напряжение 220В)<br /><br /><strong>Преимущества:</strong><br />- Собственное производство полного цикла на Урале.<br />- Гарантия 3 года, срок службы до 5 лет.<br />- Простой монтаж, крепёж в комплекте.<br />- Бренд УСВЕТА — проверенное качество в массовом сегменте.<br /><br /><br />Сертификаты соответствия и декларации о соответствии на продукцию: <a href=""https://usveta.ru/cerificate"" target=""_blank"" rel=""noopener"">https://usveta.ru/cerificate</a>";https://static.tildacdn.com/stor6132-3337-4232-a162-613233346434/ef7a83339c3a005798b25297de83a764.jpg;4965.00;1;7499;;;vgN9mhjhkB8TycfaxXts;;5;E27;"металл, пластик";Хром;"15Вт (напряжение 220В)";"Под планку";"141х150х141 мм";"3 года (срок эксплуатации 5 лет)";Россия;;;;;;2690;290;270;160;"Люстра потолочная, 5хE27, хром, арт. 1628/5 | УСВЕТА";"Люстра потолочная, хром. 5 рожков с цоколем E27, мощность до 15 Вт. Подходит для кухни, спальни, гостиной и зала. Производство и гарантия УСВЕТА.";"люстра потолочная, люстра, люстра на кухню, люстра в спальню, люстра в зал, люстра в гостиную, люстра хром, купить люстру";"Потолочная люстра, хром — УСВЕТА";"Потолочная люстра (хром) от производителя. Подходит для кухни, гостиной, спальни и зала. Гарантия завода, доставка по России."
838502292543;УСВЕТА;"1628/5 Черный муар";;Люстры;"Люстра потолочная, чёрный муар, 5хE27 — освещение до 20 м? | УСВЕТА";"Потолочная люстра, чёрный, 5 рожков E27. Подходит для кухни, гостиной, спальни и зала. Производство УСВЕТА.";"<strong>Потолочная люстра, чёрный</strong> — практичное и стильное решение для кухни, гостиной, спальни и зала.<br /><br /><strong>Характеристики:</strong><br />- Цвет: чёрный<br />- Материал: металл, пластик<br />- Количество ламп: 5 шт., цоколь E27<br />- Допустимая мощность: 15Вт (напряжение 220В)<br /><br /><strong>Преимущества:</strong><br />- Собственное производство полного цикла на Урале.<br />- Гарантия 3 года, срок службы до 5 лет.<br />- Простой монтаж, крепёж в комплекте.<br />- Бренд УСВЕТА — проверенное качество в массовом сегменте.<br /><br /><br />Сертификаты соответствия и декларации о соответствии на продукцию: <a href=""https://usveta.ru/cerificate"" target=""_blank"" rel=""noopener"">https://usveta.ru/cerificate</a>";https://static.tildacdn.com/stor3536-3062-4431-b336-616236313936/43401b566633c8ab7dd4105bc35dce13.jpg;4755.00;5;7499;;;sTONmeNgKb59HeFHs3Un;;5;E27;"металл, пластик";Черный;"15Вт (напряжение 220В)";"Под планку";"141х150х141 мм";"3 года (срок эксплуатации 5 лет)";Россия;;;;;;2620;290;270;160;"Люстра потолочная, 5хE27, чёрный, арт. 1628/5 | УСВЕТА";"Люстра потолочная, чёрный. 5 рожков с цоколем E27, мощность до 15 Вт. Подходит для кухни, спальни, гостиной и зала. Производство и гарантия УСВЕТА.";"люстра потолочная, люстра, люстра на кухню, люстра в спальню, люстра в зал, люстра в гостиную, люстра чёрный, купить люстру";"Потолочная люстра, чёрный — УСВЕТА";"Потолочная люстра (чёрный) от производителя. Подходит для кухни, гостиной, спальни и зала. Гарантия завода, доставка по России."
251281667783;УСВЕТА;"1629/3 Белый";;Люстры;"Потолочная люстра, 40Вт, 3хЕ27, белый";"Потолочная люстра под хрусталь, белый, 3 рожка E27. Освещение до 16 м?. Подходит для кухни, гостиной, спальни и зала. Производство УСВЕТА.";"<strong>Потолочная люстра под хрусталь, белый</strong> — практичное и стильное решение для кухни, гостиной, спальни и зала.<br /><br /><strong>Характеристики:</strong><br />- Цвет: белый<br />- Материал: металл, пластик<br />- Количество ламп: 3 шт., цоколь E27<br />- Допустимая мощность: 15Вт (напряжение 220В)<br />- Площадь освещения: до 16 м?<br /><br /><strong>Преимущества:</strong><br />- Собственное производство полного цикла на Урале.<br />- Гарантия 3 года, срок службы до 5 лет.<br />- Простой монтаж, крепёж в комплекте.<br />- Бренд УСВЕТА — проверенное качество в массовом сегменте.<br /><br /><br />Сертификаты соответствия и декларации о соответствии на продукцию: <a href=""https://usveta.ru/cerificate"" target=""_blank"" rel=""noopener"">https://usveta.ru/cerificate</a>";https://static.tildacdn.com/stor3838-3634-4539-b330-303039623237/2ac27527ec57c82f04b9a832bdea6d92.jpg;1734.00;6;2999;;;M9JZmgmT7iYAxpuC7eiN;;3;E27;"металл, пластик";Белый;"15Вт (напряжение 220В)";"Под планку";"141х150х141 мм";"3 года (срок эксплуатации 5 лет)";Россия;;;;;;930;175;175;215;"Люстра потолочная под хрусталь, 3хE27, белый, арт. 1629/3 | УСВЕТА";"Люстра потолочная под хрусталь, белый. 3 рожка с цоколем E27, площадь освещения до 16 м?, мощность до 15 Вт. Подходит для кухни, спальни, гостиной и зала. Производство и гарантия УСВЕТА.";"люстра потолочная, люстра, люстра на кухню, люстра в спальню, люстра в зал, люстра в гостиную, люстра белый, купить люстру, люстра для натяжного потолка";"Потолочная люстра под хрусталь, белый — УСВЕТА";"Потолочная люстра под хрусталь (белый) от производителя. Подходит для кухни, гостиной, спальни и зала. Гарантия завода, доставка по России."
642578446743;УСВЕТА;"1629/3 Хром";;Люстры;"Потолочная люстра, 40Вт, 3хЕ27, хром";"Потолочная люстра под хрусталь, хром, 3 рожка E27. Освещение до 16 м?. Подходит для кухни, гостиной, спальни и зала. Производство УСВЕТА.";"<strong>Потолочная люстра под хрусталь, хром</strong> — практичное и стильное решение для кухни, гостиной, спальни и зала.<br /><br /><strong>Характеристики:</strong><br />- Цвет: хром<br />- Материал: металл, пластик<br />- Количество ламп: 3 шт., цоколь E27<br />- Допустимая мощность: 15Вт (напряжение 220В)<br />- Площадь освещения: до 16 м?<br /><br /><strong>Преимущества:</strong><br />- Собственное производство полного цикла на Урале.<br />- Гарантия 3 года, срок службы до 5 лет.<br />- Простой монтаж, крепёж в комплекте.<br />- Бренд УСВЕТА — проверенное качество в массовом сегменте.<br /><br /><br />Сертификаты соответствия и декларации о соответствии на продукцию: <a href=""https://usveta.ru/cerificate"" target=""_blank"" rel=""noopener"">https://usveta.ru/cerificate</a>";https://static.tildacdn.com/stor6535-3037-4539-a331-653534316561/398caf4fac3e8a8a0c983905337009ca.jpg;1865.00;3;2999;;;ciBxbYpKKuphljNn01oP;;3;E27;"металл, пластик";Хром;"15Вт (напряжение 220В)";"Под планку";"141х150х141 мм";"3 года (срок эксплуатации 5 лет)";Россия;;;;;;980;175;175;215;"Люстра потолочная под хрусталь, 3хE27, хром, арт. 1629/3 | УСВЕТА";"Люстра потолочная под хрусталь, хром. 3 рожка с цоколем E27, площадь освещения до 16 м?, мощность до 15 Вт. Подходит для кухни, спальни, гостиной и зала. Производство и гарантия УСВЕТА.";"люстра потолочная, люстра, люстра на кухню, люстра в спальню, люстра в зал, люстра в гостиную, люстра хром, купить люстру, люстра для натяжного потолка";"Потолочная люстра под хрусталь, хром — УСВЕТА";"Потолочная люстра под хрусталь (хром) от производителя. Подходит для кухни, гостиной, спальни и зала. Гарантия завода, доставка по России."
682712485983;УСВЕТА;"1629/3 Черный";;Люстры;"Потолочная люстра, 40Вт, 3хЕ27, черный";"Потолочная люстра под хрусталь, чёрный, 3 рожка E27. Освещение до 16 м?. Подходит для кухни, гостиной, спальни и зала. Производство УСВЕТА.";"<strong>Потолочная люстра под хрусталь, чёрный</strong> — практичное и стильное решение для кухни, гостиной, спальни и зала.<br /><br /><strong>Характеристики:</strong><br />- Цвет: чёрный<br />- Материал: металл, пластик<br />- Количество ламп: 3 шт., цоколь E27<br />- Допустимая мощность: 15Вт (напряжение 220В)<br />- Площадь освещения: до 16 м?<br /><br /><strong>Преимущества:</strong><br />- Собственное производство полного цикла на Урале.<br />- Гарантия 3 года, срок службы до 5 лет.<br />- Простой монтаж, крепёж в комплекте.<br />- Бренд УСВЕТА — проверенное качество в массовом сегменте.<br /><br /><br />Сертификаты соответствия и декларации о соответствии на продукцию: <a href=""https://usveta.ru/cerificate"" target=""_blank"" rel=""noopener"">https://usveta.ru/cerificate</a>";https://static.tildacdn.com/stor3632-3039-4831-b430-373437323862/3901ef7d9dee2a8a3383bf5d47d116dd.jpg;1735.00;1;2999;;;uKsDvblKJDHGaPgAOpMp;;3;E27;"металл, пластик";Черный;"15Вт (напряжение 220В)";"Под планку";"141х150х141 мм";"3 года (срок эксплуатации 5 лет)";Россия;;;;;;930;175;175;215;"Люстра потолочная под хрусталь, 3хE27, чёрный, арт. 1629/3 | УСВЕТА";"Люстра потолочная под хрусталь, чёрный. 3 рожка с цоколем E27, площадь освещения до 16 м?, мощность до 15 Вт. Подходит для кухни, спальни, гостиной и зала. Производство и гарантия УСВЕТА.";"люстра потолочная, люстра, люстра на кухню, люстра в спальню, люстра в зал, люстра в гостиную, люстра чёрный, купить люстру, люстра для натяжного потолка";"Потолочная люстра под хрусталь, чёрный — УСВЕТА";"Потолочная люстра под хрусталь (чёрный) от производителя. Подходит для кухни, гостиной, спальни и зала. Гарантия завода, доставка по России."
382115606123;УСВЕТА;"1629/5 Белый";;Люстры;"Потолочная люстра, 40Вт, 5хЕ27, белый";"Потолочная люстра под хрусталь, белый, 5 рожков E27. Освещение до 20 м?. Подходит для кухни, гостиной, спальни и зала. Производство УСВЕТА.";"<strong>Потолочная люстра под хрусталь, белый</strong> — практичное и стильное решение для кухни, гостиной, спальни и зала.<br /><br /><strong>Характеристики:</strong><br />- Цвет: белый<br />- Материал: металл, пластик<br />- Количество ламп: 5 шт., цоколь E27<br />- Допустимая мощность: 15Вт (напряжение 220В)<br />- Площадь освещения: до 20 м?<br /><br /><strong>Преимущества:</strong><br />- Собственное производство полного цикла на Урале.<br />- Гарантия 3 года, срок службы до 5 лет.<br />- Простой монтаж, крепёж в комплекте.<br />- Бренд УСВЕТА — проверенное качество в массовом сегменте.<br /><br /><br />Сертификаты соответствия и декларации о соответствии на продукцию: <a href=""https://usveta.ru/cerificate"" target=""_blank"" rel=""noopener"">https://usveta.ru/cerificate</a>";https://static.tildacdn.com/stor3934-6665-4064-b230-633630636339/c49fb5fa198b418d37ee5dd8d63d115a.jpg;2685.00;2;4499;;;3j5CC6VjT3DsnVyiGFa1;;5;E27;"металл, пластик";Белый;"15Вт (напряжение 220В)";"Под планку";"141х150х141 мм";"3 года (срок эксплуатации 5 лет)";Россия;;;;;;1100;185;185;255;"Люстра потолочная под хрусталь, 5хE27, белый, арт. 1629/5 | УСВЕТА";"Люстра потолочная под хрусталь, белый. 5 рожков с цоколем E27, площадь освещения до 20 м?, мощность до 15 Вт. Подходит для кухни, спальни, гостиной и зала. Производство и гарантия УСВЕТА.";"люстра потолочная, люстра, люстра на кухню, люстра в спальню, люстра в зал, люстра в гостиную, люстра белый, купить люстру, люстра для натяжного потолка";"Потолочная люстра под хрусталь, белый — УСВЕТА";"Потолочная люстра под хрусталь (белый) от производителя. Подходит для кухни, гостиной, спальни и зала. Гарантия завода, доставка по России."
491614955513;УСВЕТА;"1629/5 Хром";;Люстры;"Потолочная люстра, 40Вт, 5хЕ27, хром";"Потолочная люстра под хрусталь, хром, 5 рожков E27. Освещение до 20 м?. Подходит для кухни, гостиной, спальни и зала. Производство УСВЕТА.";"<strong>Потолочная люстра под хрусталь, хром</strong> — практичное и стильное решение для кухни, гостиной, спальни и зала.<br /><br /><strong>Характеристики:</strong><br />- Цвет: хром<br />- Материал: металл, пластик<br />- Количество ламп: 5 шт., цоколь E27<br />- Допустимая мощность: 15Вт (напряжение 220В)<br />- Площадь освещения: до 20 м?<br /><br /><strong>Преимущества:</strong><br />- Собственное производство полного цикла на Урале.<br />- Гарантия 3 года, срок службы до 5 лет.<br />- Простой монтаж, крепёж в комплекте.<br />- Бренд УСВЕТА — проверенное качество в массовом сегменте.<br /><br /><br />Сертификаты соответствия и декларации о соответствии на продукцию: <a href=""https://usveta.ru/cerificate"" target=""_blank"" rel=""noopener"">https://usveta.ru/cerificate</a>";https://static.tildacdn.com/stor3939-3836-4230-a331-356439656461/c9cfa8a8f33f34f9315c6cf9edd1763e.jpg;2832.00;2;4499;;;SocPNroc1dLchi6JuogG;;5;E27;"металл, пластик";Хром;"15Вт (напряжение 220В)";"Под планку";"141х150х141 мм";"3 года (срок эксплуатации 5 лет)";Россия;;;;;;1170;185;185;255;"Люстра потолочная под хрусталь, 5хE27, хром, арт. 1629/5 | УСВЕТА";"Люстра потолочная под хрусталь, хром. 5 рожков с цоколем E27, площадь освещения до 20 м?, мощность до 15 Вт. Подходит для кухни, спальни, гостиной и зала. Производство и гарантия УСВЕТА.";"люстра потолочная, люстра, люстра на кухню, люстра в спальню, люстра в зал, люстра в гостиную, люстра хром, купить люстру, люстра для натяжного потолка";"Потолочная люстра под хрусталь, хром — УСВЕТА";"Потолочная люстра под хрусталь (хром) от производителя. Подходит для кухни, гостиной, спальни и зала. Гарантия завода, доставка по России."
353482397083;УСВЕТА;"1629/5 Черный";;Люстры;"Потолочная люстра, 40Вт, 5хЕ27, черный";"Потолочная люстра под хрусталь, чёрный, 5 рожков E27. Освещение до 20 м?. Подходит для кухни, гостиной, спальни и зала. Производство УСВЕТА.";"<strong>Потолочная люстра под хрусталь, чёрный</strong> — практичное и стильное решение для кухни, гостиной, спальни и зала.<br /><br /><strong>Характеристики:</strong><br />- Цвет: чёрный<br />- Материал: металл, пластик<br />- Количество ламп: 5 шт., цоколь E27<br />- Допустимая мощность: 15Вт (напряжение 220В)<br />- Площадь освещения: до 20 м?<br /><br /><strong>Преимущества:</strong><br />- Собственное производство полного цикла на Урале.<br />- Гарантия 3 года, срок службы до 5 лет.<br />- Простой монтаж, крепёж в комплекте.<br />- Бренд УСВЕТА — проверенное качество в массовом сегменте.<br /><br /><br />Сертификаты соответствия и декларации о соответствии на продукцию: <a href=""https://usveta.ru/cerificate"" target=""_blank"" rel=""noopener"">https://usveta.ru/cerificate</a>";https://static.tildacdn.com/stor6661-3231-4837-b733-643366316630/4536beb94eaccc5cf5322d3e2c3d5dd6.jpg;2685.00;7;4499;;;niFBMJVKjiJ4saUxc9UK;;5;E27;"металл, пластик";Черный;"15Вт (напряжение 220В)";"Под планку";"141х150х141 мм";"3 года (срок эксплуатации 5 лет)";Россия;;;;;;1100;185;185;255;"Люстра потолочная под хрусталь, 5хE27, чёрный, арт. 1629/5 | УСВЕТА";"Люстра потолочная под хрусталь, чёрный. 5 рожков с цоколем E27, площадь освещения до 20 м?, мощность до 15 Вт. Подходит для кухни, спальни, гостиной и зала. Производство и гарантия УСВЕТА.";"люстра потолочная, люстра, люстра на кухню, люстра в спальню, люстра в зал, люстра в гостиную, люстра чёрный, купить люстру, люстра для натяжного потолка";"Потолочная люстра под хрусталь, чёрный — УСВЕТА";"Потолочная люстра под хрусталь (чёрный) от производителя. Подходит для кухни, гостиной, спальни и зала. Гарантия завода, доставка по России."
341777841213;УСВЕТА;"1630/5 Черный";;Люстры;"Люстра потолочная, чёрный, 5хE27 — освещение до 20 м? | УСВЕТА";"Потолочная люстра, чёрный, 5 рожков E27. Подходит для кухни, гостиной, спальни и зала. Производство УСВЕТА.";"<strong>Потолочная люстра, чёрный</strong> — практичное и стильное решение для кухни, гостиной, спальни и зала.<br /><br /><strong>Характеристики:</strong><br />- Цвет: чёрный<br />- Материал: металл, пластик<br />- Количество ламп: 5 шт., цоколь E27<br />- Допустимая мощность: 15Вт (напряжение 220В)<br /><br /><strong>Преимущества:</strong><br />- Собственное производство полного цикла на Урале.<br />- Гарантия 3 года, срок службы до 5 лет.<br />- Простой монтаж, крепёж в комплекте.<br />- Бренд УСВЕТА — проверенное качество в массовом сегменте.<br /><br /><br />Сертификаты соответствия и декларации о соответствии на продукцию: <a href=""https://usveta.ru/cerificate"" target=""_blank"" rel=""noopener"">https://usveta.ru/cerificate</a>";https://static.tildacdn.com/stor3761-6136-4434-a332-333363343339/5a3f86ddc88032a5a2c596b1f9d54981.jpg;1693.00;0;2999;;;ZNV8UPbX7Et6s70BoVJi;;5;E27;"металл, пластик";Черный;"15Вт (напряжение 220В)";"Под планку";"141х150х141 мм";"3 года (срок эксплуатации 5 лет)";Россия;;;;;;1600;345;185;185;"Люстра потолочная, 5хE27, чёрный, арт. 1630/5 | УСВЕТА";"Люстра потолочная, чёрный. 5 рожков с цоколем E27, мощность до 15 Вт. Подходит для кухни, спальни, гостиной и зала. Производство и гарантия УСВЕТА.";"люстра потолочная, люстра, люстра на кухню, люстра в спальню, люстра в зал, люстра в гостиную, люстра чёрный, купить люстру";"Потолочная люстра, чёрный — УСВЕТА";"Потолочная люстра (чёрный) от производителя. Подходит для кухни, гостиной, спальни и зала. Гарантия завода, доставка по России."
862943925223;УСВЕТА;"1720/3 Белый";;Люстры;"Люстра потолочная УСВЕТА Лофт Белая Свечи, 3 лампы, Е14, 40 вт";"Потолочная люстра в стиле лофт, белый, 3 рожка E27. Освещение до 16 м?. Подходит для кухни, гостиной, спальни и зала. Производство УСВЕТА.";"<strong>Потолочная люстра в стиле лофт, белый</strong> — практичное и стильное решение для кухни, гостиной, спальни и зала.<br /><br /><strong>Характеристики:</strong><br />- Цвет: белый<br />- Материал: металл, пластик<br />- Количество ламп: 3 шт., цоколь E14<br />- Допустимая мощность: 15Вт (напряжение 220В)<br />- Площадь освещения: до 16 м?<br /><br /><strong>Преимущества:</strong><br />- Собственное производство полного цикла на Урале.<br />- Гарантия 3 года, срок службы до 5 лет.<br />- Простой монтаж, крепёж в комплекте.<br />- Бренд УСВЕТА — проверенное качество в массовом сегменте.<br /><br /><br />Сертификаты соответствия и декларации о соответствии на продукцию: <a href=""https://usveta.ru/cerificate"" target=""_blank"" rel=""noopener"">https://usveta.ru/cerificate</a>";https://static.tildacdn.com/stor3966-3266-4531-a230-613237313738/f927b42b34d74bb945a296f9309985d0.jpg;1595.00;27;2499;;;9702gM2Xrl2x4bNGFrCC;;3;E14;"металл, пластик";Белый;"15Вт (напряжение 220В)";"Под планку";"155х230х155 мм";"3 года (срок эксплуатации 5 лет)";Россия;;;;;;1070;155;155;235;"Люстра потолочная лофт, 3хE14, белый, арт. 1720/3 | УСВЕТА";"Люстра потолочная лофт, белый. 3 рожка с цоколем E14, площадь освещения до 16 м?, мощность до 15 Вт. Подходит для кухни, спальни, гостиной и зала. Производство и гарантия УСВЕТА.";"люстра потолочная, люстра, люстра на кухню, люстра в спальню, люстра в зал, люстра в гостиную, люстра белый, купить люстру, люстра для натяжного потолка";"Потолочная люстра в стиле лофт, белый — УСВЕТА";"Потолочная люстра в стиле лофт (белый) от производителя. Подходит для кухни, гостиной, спальни и зала. Гарантия завода, доставка по России."
187703000053;УСВЕТА;"1720/3 Черный";;Люстры;"Люстра потолочная УСВЕТА Лофт Черная Свечи, 3 лампы, Е14, 40 вт";"Потолочная люстра в стиле лофт, чёрный, 3 рожка E27. Освещение до 16 м?. Подходит для кухни, гостиной, спальни и зала. Производство УСВЕТА.";"<strong>Потолочная люстра в стиле лофт, чёрный</strong> — практичное и стильное решение для кухни, гостиной, спальни и зала.<br /><br /><strong>Характеристики:</strong><br />- Цвет: чёрный<br />- Материал: металл, пластик<br />- Количество ламп: 3 шт., цоколь E14<br />- Допустимая мощность: 15Вт (напряжение 220В)<br />- Площадь освещения: до 16 м?<br /><br /><strong>Преимущества:</strong><br />- Собственное производство полного цикла на Урале.<br />- Гарантия 3 года, срок службы до 5 лет.<br />- Простой монтаж, крепёж в комплекте.<br />- Бренд УСВЕТА — проверенное качество в массовом сегменте.<br /><br /><br />Сертификаты соответствия и декларации о соответствии на продукцию: <a href=""https://usveta.ru/cerificate"" target=""_blank"" rel=""noopener"">https://usveta.ru/cerificate</a>";https://static.tildacdn.com/stor3138-3237-4362-b065-393564393864/c4618fd475919f493f72cf3914c61635.jpg;1550.00;15;2499;;;X4OkFcTnDHLoXI4PSrD3;;3;E14;"металл, пластик";Черный;"15Вт (напряжение 220В)";"Под планку";"155х230х155 мм";"3 года (срок эксплуатации 5 лет)";Россия;;;;;;1070;155;155;235;"Люстра потолочная лофт, 3хE14, чёрный, арт. 1720/3 | УСВЕТА";"Люстра потолочная лофт, чёрный. 3 рожка с цоколем E14, площадь освещения до 16 м?, мощность до 15 Вт. Подходит для кухни, спальни, гостиной и зала. Производство и гарантия УСВЕТА.";"люстра потолочная, люстра, люстра на кухню, люстра в спальню, люстра в зал, люстра в гостиную, люстра чёрный, купить люстру, люстра для натяжного потолка";"Потолочная люстра в стиле лофт, чёрный — УСВЕТА";"Потолочная люстра в стиле лофт (чёрный) от производителя. Подходит для кухни, гостиной, спальни и зала. Гарантия завода, доставка по России."
349587650683;УСВЕТА;"1720/5 Белый";;Люстры;"Люстра потолочная УСВЕТА Лофт Белая Свечи, 5 ламп, Е14, 40 вт";"Потолочная люстра в стиле лофт, белый, 5 рожков E27. Освещение до 20 м?. Подходит для кухни, гостиной, спальни и зала. Производство УСВЕТА.";"<strong>Потолочная люстра в стиле лофт, белый</strong> — практичное и стильное решение для кухни, гостиной, спальни и зала.<br /><br /><strong>Характеристики:</strong><br />- Цвет: белый<br />- Материал: металл, пластик<br />- Количество ламп: 5 шт., цоколь E14<br />- Допустимая мощность: 15Вт (напряжение 220В)<br />- Площадь освещения: до 20 м?<br /><br /><strong>Преимущества:</strong><br />- Собственное производство полного цикла на Урале.<br />- Гарантия 3 года, срок службы до 5 лет.<br />- Простой монтаж, крепёж в комплекте.<br />- Бренд УСВЕТА — проверенное качество в массовом сегменте.<br /><br /><br />Сертификаты соответствия и декларации о соответствии на продукцию: <a href=""https://usveta.ru/cerificate"" target=""_blank"" rel=""noopener"">https://usveta.ru/cerificate</a>";https://static.tildacdn.com/stor3066-3237-4832-b638-626231643761/1d93b19bf5f9d5733f9717440ae4cf3d.jpg;2200.00;10;3499;;;MN1AVgVjcLzr5csnBmzA;;5;E14;"металл, пластик";Белый;"15Вт (напряжение 220В)";"Под планку";"155х230х155 мм";"3 года (срок эксплуатации 5 лет)";Россия;;;;;;1500;220;175;140;"Люстра потолочная лофт, 5хE14, белый, арт. 1720/5 | УСВЕТА";"Люстра потолочная лофт, белый. 5 рожков с цоколем E14, площадь освещения до 20 м?, мощность до 15 Вт. Подходит для кухни, спальни, гостиной и зала. Производство и гарантия УСВЕТА.";"люстра потолочная, люстра, люстра на кухню, люстра в спальню, люстра в зал, люстра в гостиную, люстра белый, купить люстру, люстра для натяжного потолка";"Потолочная люстра в стиле лофт, белый — УСВЕТА";"Потолочная люстра в стиле лофт (белый) от производителя. Подходит для кухни, гостиной, спальни и зала. Гарантия завода, доставка по России."
185808758373;УСВЕТА;"1720/5 Черный";;Люстры;"Люстра потолочная, чёрный, 5хE27 — освещение до 20 м? | УСВЕТА";"Потолочная люстра, чёрный, 5 рожков E27. Подходит для кухни, гостиной, спальни и зала. Производство УСВЕТА.";"<strong>Потолочная люстра, чёрный</strong> — практичное и стильное решение для кухни, гостиной, спальни и зала.<br /><br /><strong>Характеристики:</strong><br />- Цвет: чёрный<br />- Материал: металл, пластик<br />- Количество ламп: 5 шт., цоколь E27<br />- Допустимая мощность: 15Вт (напряжение 220В)<br /><br /><strong>Преимущества:</strong><br />- Собственное производство полного цикла на Урале.<br />- Гарантия 3 года, срок службы до 5 лет.<br />- Простой монтаж, крепёж в комплекте.<br />- Бренд УСВЕТА — проверенное качество в массовом сегменте.<br /><br /><br />Сертификаты соответствия и декларации о соответствии на продукцию: <a href=""https://usveta.ru/cerificate"" target=""_blank"" rel=""noopener"">https://usveta.ru/cerificate</a>";https://static.tildacdn.com/stor3964-6462-4133-b639-373836623937/8888457e6104c0c49292bf8578173c8d.jpg;2195.00;9;3499;;;BUxsE81oMBRjAIB6mPd6;;5;E27;"металл, пластик";Черный;"15Вт (напряжение 220В)";"Под планку";"155х230х155 мм";"3 года (срок эксплуатации 5 лет)";Россия;;;;;;1500;220;175;140;"Люстра потолочная, 5хE27, чёрный, арт. 1720/5 | УСВЕТА";"Люстра потолочная, чёрный. 5 рожков с цоколем E27, мощность до 15 Вт. Подходит для кухни, спальни, гостиной и зала. Производство и гарантия УСВЕТА.";"люстра потолочная, люстра, люстра на кухню, люстра в спальню, люстра в зал, люстра в гостиную, люстра чёрный, купить люстру";"Потолочная люстра, чёрный — УСВЕТА";"Потолочная люстра (чёрный) от производителя. Подходит для кухни, гостиной, спальни и зала. Гарантия завода, доставка по России."
803414202813;УСВЕТА;"1721/3 Белый";;Люстры;"Люстра потолочная, белый, 3хE27 — освещение до 16 м? | УСВЕТА";"Потолочная люстра в стиле лофт, белый, 3 рожка E27. Освещение до 16 м?. Подходит для кухни, гостиной, спальни и зала. Производство УСВЕТА.";"<strong>Потолочная люстра в стиле лофт, белый</strong> — практичное и стильное решение для кухни, гостиной, спальни и зала.<br /><br /><strong>Характеристики:</strong><br />- Цвет: белый<br />- Материал: металл, пластик<br />- Количество ламп: 3 шт., цоколь E27<br />- Допустимая мощность: 15Вт (напряжение 220В)<br />- Площадь освещения: до 16 м?<br /><br /><strong>Преимущества:</strong><br />- Собственное производство полного цикла на Урале.<br />- Гарантия 3 года, срок службы до 5 лет.<br />- Простой монтаж, крепёж в комплекте.<br />- Бренд УСВЕТА — проверенное качество в массовом сегменте.<br /><br /><br />Сертификаты соответствия и декларации о соответствии на продукцию: <a href=""https://usveta.ru/cerificate"" target=""_blank"" rel=""noopener"">https://usveta.ru/cerificate</a>";https://static.tildacdn.com/stor6633-6661-4262-b362-333261643063/bc11617b1ce45b8d8a595732a58deec1.jpg;2270.00;50;3499;;;gbiG8yVsGfgtxiryOtsK;;3;E27;"металл, пластик";Белый;"15Вт (напряжение 220В)";"Под планку";"140х140х123 мм";"3 года (срок эксплуатации 5 лет)";Россия;;;;;;1150;310;270;170;"Люстра потолочная лофт, 3хE27, белый, арт. 1721/3 | УСВЕТА";"Люстра потолочная лофт, белый. 3 рожка с цоколем E27, площадь освещения до 16 м?, мощность до 15 Вт. Подходит для кухни, спальни, гостиной и зала. Производство и гарантия УСВЕТА.";"люстра потолочная, люстра, люстра на кухню, люстра в спальню, люстра в зал, люстра в гостиную, люстра белый, купить люстру, люстра для натяжного потолка";"Потолочная люстра в стиле лофт, белый — УСВЕТА";"Потолочная люстра в стиле лофт (белый) от производителя. Подходит для кухни, гостиной, спальни и зала. Гарантия завода, доставка по России."
359188244423;УСВЕТА;"1721/3 Черный";;Люстры;"Люстра потолочная, чёрный, 3хE27 — освещение до 16 м? | УСВЕТА";"Потолочная люстра в стиле лофт, чёрный, 3 рожка E27. Освещение до 16 м?. Подходит для кухни, гостиной, спальни и зала. Производство УСВЕТА.";"<strong>Потолочная люстра в стиле лофт, чёрный</strong> — практичное и стильное решение для кухни, гостиной, спальни и зала.<br /><br /><strong>Характеристики:</strong><br />- Цвет: чёрный<br />- Материал: металл, пластик<br />- Количество ламп: 3 шт., цоколь E27<br />- Допустимая мощность: 15Вт (напряжение 220В)<br />- Площадь освещения: до 16 м?<br /><br /><strong>Преимущества:</strong><br />- Собственное производство полного цикла на Урале.<br />- Гарантия 3 года, срок службы до 5 лет.<br />- Простой монтаж, крепёж в комплекте.<br />- Бренд УСВЕТА — проверенное качество в массовом сегменте.<br /><br /><br />Сертификаты соответствия и декларации о соответствии на продукцию: <a href=""https://usveta.ru/cerificate"" target=""_blank"" rel=""noopener"">https://usveta.ru/cerificate</a>";https://static.tildacdn.com/stor6566-3537-4332-b232-373265366233/568eda78dffef03c380bfa0f07d06668.jpg;2270.00;2;3499;;;5rBdejGrnXFFXTcjBs1O;;3;E27;"металл, пластик";Черный;"15Вт (напряжение 220В)";"Под планку";"140х140х123 мм";"3 года (срок эксплуатации 5 лет)";Россия;;;;;;1100;310;270;170;"Люстра потолочная лофт, 3хE27, чёрный, арт. 1721/3 | УСВЕТА";"Люстра потолочная лофт, чёрный. 3 рожка с цоколем E27, площадь освещения до 16 м?, мощность до 15 Вт. Подходит для кухни, спальни, гостиной и зала. Производство и гарантия УСВЕТА.";"люстра потолочная, люстра, люстра на кухню, люстра в спальню, люстра в зал, люстра в гостиную, люстра чёрный, купить люстру, люстра для натяжного потолка";"Потолочная люстра в стиле лофт, чёрный — УСВЕТА";"Потолочная люстра в стиле лофт (чёрный) от производителя. Подходит для кухни, гостиной, спальни и зала. Гарантия завода, доставка по России."
704960092703;УСВЕТА;"1721/5 Черный";;Люстры;"Люстра потолочная, чёрный, 5хE27 — освещение до 20 м? | УСВЕТА";"Потолочная люстра в стиле лофт, чёрный, 5 рожков E27. Освещение до 20 м?. Подходит для кухни, гостиной, спальни и зала. Производство УСВЕТА.";"<strong>Потолочная люстра в стиле лофт, чёрный</strong> — практичное и стильное решение для кухни, гостиной, спальни и зала.<br /><br /><strong>Характеристики:</strong><br />- Цвет: чёрный<br />- Материал: металл, пластик<br />- Количество ламп: 5 шт., цоколь E27<br />- Допустимая мощность: 15Вт (напряжение 220В)<br />- Площадь освещения: до 20 м?<br /><br /><strong>Преимущества:</strong><br />- Собственное производство полного цикла на Урале.<br />- Гарантия 3 года, срок службы до 5 лет.<br />- Простой монтаж, крепёж в комплекте.<br />- Бренд УСВЕТА — проверенное качество в массовом сегменте.<br /><br /><br />Сертификаты соответствия и декларации о соответствии на продукцию: <a href=""https://usveta.ru/cerificate"" target=""_blank"" rel=""noopener"">https://usveta.ru/cerificate</a>";https://static.tildacdn.com/stor6536-6633-4931-b763-303362303531/a2278a4d3e190c1b5859a6b61149dda4.jpg;3480.00;0;5499;;;N4jETz0SL7uxBMp0P2gA;;5;E27;"металл, пластик";Черный;"15Вт (напряжение 220В)";"Под планку";"140х140х123 мм";"3 года (срок эксплуатации 5 лет)";Россия;;;;;;1600;395;315;175;"Люстра потолочная лофт, 5хE27, чёрный, арт. 1721/5 | УСВЕТА";"Люстра потолочная лофт, чёрный. 5 рожков с цоколем E27, площадь освещения до 20 м?, мощность до 15 Вт. Подходит для кухни, спальни, гостиной и зала. Производство и гарантия УСВЕТА.";"люстра потолочная, люстра, люстра на кухню, люстра в спальню, люстра в зал, люстра в гостиную, люстра чёрный, купить люстру, люстра для натяжного потолка";"Потолочная люстра в стиле лофт, чёрный — УСВЕТА";"Потолочная люстра в стиле лофт (чёрный) от производителя. Подходит для кухни, гостиной, спальни и зала. Гарантия завода, доставка по России."
375734478523;УСВЕТА;"1723/3 Черный";;Люстры;"Люстра потолочная на кухню, в спальню, в зал УСВЕТА Лофт Черная Трапеция, 3 лампы, Е27";"Потолочная люстра в стиле лофт, чёрный, 3 рожка E27. Освещение до 16 м?. Подходит для кухни, гостиной, спальни и зала. Производство УСВЕТА.";"<strong>Потолочная люстра в стиле лофт, чёрный</strong> — практичное и стильное решение для кухни, гостиной, спальни и зала.<br /><br /><strong>Характеристики:</strong><br />- Цвет: чёрный<br />- Материал: металл, пластик<br />- Количество ламп: 3 шт., цоколь E27<br />- Допустимая мощность: 15Вт (напряжение 220В)<br />- Площадь освещения: до 16 м?<br /><br /><strong>Преимущества:</strong><br />- Собственное производство полного цикла на Урале.<br />- Гарантия 3 года, срок службы до 5 лет.<br />- Простой монтаж, крепёж в комплекте.<br />- Бренд УСВЕТА — проверенное качество в массовом сегменте.<br /><br /><br />Сертификаты соответствия и декларации о соответствии на продукцию: <a href=""https://usveta.ru/cerificate"" target=""_blank"" rel=""noopener"">https://usveta.ru/cerificate</a>";https://static.tildacdn.com/stor3136-6466-4063-b837-323164646330/a4dd5d4ad26d379e751d0298f4db6e80.jpg;1674.00;21;2999;;;fEA8ZjUAIPRKg4ATpgy9;;3;E27;"металл, пластик";Черный;"15Вт (напряжение 220В)";"Под планку";"140х140х123 мм";"3 года (срок эксплуатации 5 лет)";Россия;;;;;;1290;215;125;230;"Люстра потолочная лофт, 3хE27, чёрный, арт. 1723/3 | УСВЕТА";"Люстра потолочная лофт, чёрный. 3 рожка с цоколем E27, площадь освещения до 16 м?, мощность до 15 Вт. Подходит для кухни, спальни, гостиной и зала. Производство и гарантия УСВЕТА.";"люстра потолочная, люстра, люстра на кухню, люстра в спальню, люстра в зал, люстра в гостиную, люстра чёрный, купить люстру, люстра для натяжного потолка";"Потолочная люстра в стиле лофт, чёрный — УСВЕТА";"Потолочная люстра в стиле лофт (чёрный) от производителя. Подходит для кухни, гостиной, спальни и зала. Гарантия завода, доставка по России."
150645349713;УСВЕТА;"1723/5 Черный";;Люстры;"Люстра потолочная на кухню, в спальню, в зал УСВЕТА Лофт Черная Трапеция, 5 ламп, Е27";"Потолочная люстра в стиле лофт, чёрный, 5 рожков E27. Освещение до 20 м?. Подходит для кухни, гостиной, спальни и зала. Производство УСВЕТА.";"<strong>Потолочная люстра в стиле лофт, чёрный</strong> — практичное и стильное решение для кухни, гостиной, спальни и зала.<br /><br /><strong>Характеристики:</strong><br />- Цвет: чёрный<br />- Материал: металл, пластик<br />- Количество ламп: 5 шт., цоколь E27<br />- Допустимая мощность: 15Вт (напряжение 220В)<br />- Площадь освещения: до 20 м?<br /><br /><strong>Преимущества:</strong><br />- Собственное производство полного цикла на Урале.<br />- Гарантия 3 года, срок службы до 5 лет.<br />- Простой монтаж, крепёж в комплекте.<br />- Бренд УСВЕТА — проверенное качество в массовом сегменте.<br /><br /><br />Сертификаты соответствия и декларации о соответствии на продукцию: <a href=""https://usveta.ru/cerificate"" target=""_blank"" rel=""noopener"">https://usveta.ru/cerificate</a>";https://static.tildacdn.com/stor6366-3835-4631-b732-656436323033/7b78812f0df1d3dbf65fbb7a0ed4547b.jpg;2390.00;5;3999;;;TIU2bUPR42xVS70MLIMZ;;5;E27;"металл, пластик";Черный;"15Вт (напряжение 220В)";"Под планку";"140х140х123 мм";"3 года (срок эксплуатации 5 лет)";Россия;;;;;;1920;215;215;235;"Люстра потолочная лофт, 5хE27, чёрный, арт. 1723/5 | УСВЕТА";"Люстра потолочная лофт, чёрный. 5 рожков с цоколем E27, площадь освещения до 20 м?, мощность до 15 Вт. Подходит для кухни, спальни, гостиной и зала. Производство и гарантия УСВЕТА.";"люстра потолочная, люстра, люстра на кухню, люстра в спальню, люстра в зал, люстра в гостиную, люстра чёрный, купить люстру, люстра для натяжного потолка";"Потолочная люстра в стиле лофт, чёрный — УСВЕТА";"Потолочная люстра в стиле лофт (чёрный) от производителя. Подходит для кухни, гостиной, спальни и зала. Гарантия завода, доставка по России."
661330654343;УСВЕТА;"1724/3 Белый";;Люстры;"Люстра потолочная на кухню, в спальню, в зал Лофт Белая 3 лампы, Е27";"Потолочная люстра в стиле лофт, белый, 3 рожка E27. Освещение до 18 м?. Подходит для кухни, гостиной, спальни и зала. Производство УСВЕТА.";"<strong>Потолочная люстра в стиле лофт, белый</strong> — практичное и стильное решение для кухни, гостиной, спальни и зала.<br /><br /><strong>Характеристики:</strong><br />- Цвет: белый<br />- Материал: металл, пластик<br />- Количество ламп: 3 шт., цоколь E27<br />- Допустимая мощность: 15Вт (напряжение 220В)<br />- Площадь освещения: до 18 м?<br /><br /><strong>Преимущества:</strong><br />- Собственное производство полного цикла на Урале.<br />- Гарантия 3 года, срок службы до 5 лет.<br />- Простой монтаж, крепёж в комплекте.<br />- Бренд УСВЕТА — проверенное качество в массовом сегменте.<br /><br /><br />Сертификаты соответствия и декларации о соответствии на продукцию: <a href=""https://usveta.ru/cerificate"" target=""_blank"" rel=""noopener"">https://usveta.ru/cerificate</a>";https://static.tildacdn.com/stor6234-6130-4064-b232-636235316431/0b026ee86bec3a8dcb86d2aa331e5efe.jpg;1561.00;1;2499;;;BpJhegSarJbGSGVtd8rM;;3;E27;"металл, пластик";Белый;"15Вт (напряжение 220В)";"Под планку";"140х140х123 мм";"3 года (срок эксплуатации 5 лет)";Россия;;;;;;920;290;270;185;"Люстра потолочная лофт, 3хE27, белый, арт. 1724/3 | УСВЕТА";"Люстра потолочная лофт, белый. 3 рожка с цоколем E27, площадь освещения до 18 м?, мощность до 15 Вт. Подходит для кухни, спальни, гостиной и зала. Производство и гарантия УСВЕТА.";"люстра потолочная, люстра, люстра на кухню, люстра в спальню, люстра в зал, люстра в гостиную, люстра белый, купить люстру, люстра для натяжного потолка";"Потолочная люстра в стиле лофт, белый — УСВЕТА";"Потолочная люстра в стиле лофт (белый) от производителя. Подходит для кухни, гостиной, спальни и зала. Гарантия завода, доставка по России."
255862199593;УСВЕТА;"1724/3 Черный";;Люстры;"Люстра потолочная на кухню, в спальню, в зал УСВЕТА Лофт Черная, 3 лампы, Е27";"Потолочная люстра в стиле лофт, чёрный, 3 рожка E27. Освещение до 18 м?. Подходит для кухни, гостиной, спальни и зала. Производство УСВЕТА.";"<strong>Потолочная люстра в стиле лофт, чёрный</strong> — практичное и стильное решение для кухни, гостиной, спальни и зала.<br /><br /><strong>Характеристики:</strong><br />- Цвет: чёрный<br />- Материал: металл, пластик<br />- Количество ламп: 3 шт., цоколь E27<br />- Допустимая мощность: 15Вт (напряжение 220В)<br />- Площадь освещения: до 18 м?<br /><br /><strong>Преимущества:</strong><br />- Собственное производство полного цикла на Урале.<br />- Гарантия 3 года, срок службы до 5 лет.<br />- Простой монтаж, крепёж в комплекте.<br />- Бренд УСВЕТА — проверенное качество в массовом сегменте.<br /><br /><br />Сертификаты соответствия и декларации о соответствии на продукцию: <a href=""https://usveta.ru/cerificate"" target=""_blank"" rel=""noopener"">https://usveta.ru/cerificate</a>";https://static.tildacdn.com/stor3962-3331-4036-b062-333332376435/f23e7a4f6a8ec2b91927993f85ae5204.jpg;1551.00;0;2499;;;RgAixL23jPa7XrE790uv;;3;E27;"металл, пластик";Черный;"15Вт (напряжение 220В)";"Под планку";"140х140х123 мм";"3 года (срок эксплуатации 5 лет)";Россия;;;;;;920;290;270;185;"Люстра потолочная лофт, 3хE27, чёрный, арт. 1724/3 | УСВЕТА";"Люстра потолочная лофт, чёрный. 3 рожка с цоколем E27, площадь освещения до 18 м?, мощность до 15 Вт. Подходит для кухни, спальни, гостиной и зала. Производство и гарантия УСВЕТА.";"люстра потолочная, люстра, люстра на кухню, люстра в спальню, люстра в зал, люстра в гостиную, люстра чёрный, купить люстру, люстра для натяжного потолка";"Потолочная люстра в стиле лофт, чёрный — УСВЕТА";"Потолочная люстра в стиле лофт (чёрный) от производителя. Подходит для кухни, гостиной, спальни и зала. Гарантия завода, доставка по России."
912993117753;УСВЕТА;"1724/5 Белый";;Люстры;"Люстра потолочная на кухню, в спальню, в зал УСВЕТА Лофт Белая, 5 ламп, Е27";"Потолочная люстра в стиле лофт, белый, 5 рожков E27. Освещение до 20 м?. Подходит для кухни, гостиной, спальни и зала. Производство УСВЕТА.";"<strong>Потолочная люстра в стиле лофт, белый</strong> — практичное и стильное решение для кухни, гостиной, спальни и зала.<br /><br /><strong>Характеристики:</strong><br />- Цвет: белый<br />- Материал: металл, пластик<br />- Количество ламп: 5 шт., цоколь E27<br />- Допустимая мощность: 15Вт (напряжение 220В)<br />- Площадь освещения: до 20 м?<br /><br /><strong>Преимущества:</strong><br />- Собственное производство полного цикла на Урале.<br />- Гарантия 3 года, срок службы до 5 лет.<br />- Простой монтаж, крепёж в комплекте.<br />- Бренд УСВЕТА — проверенное качество в массовом сегменте.<br /><br /><br />Сертификаты соответствия и декларации о соответствии на продукцию: <a href=""https://usveta.ru/cerificate"" target=""_blank"" rel=""noopener"">https://usveta.ru/cerificate</a>";https://static.tildacdn.com/stor6633-6238-4964-b363-363338353838/e4de471ad5ecc01dffc7d4ec71bb6075.jpg;2375.00;4;3999;;;JIcuVG6nmdBJy56ZjHUT;;5;E27;"металл, пластик";Белый;"15Вт (напряжение 220В)";"Под планку";"140х140х123 мм";"3 года (срок эксплуатации 5 лет)";Россия;;;;;;1430;395;310;175;"Люстра потолочная лофт, 5хE27, белый, арт. 1724/5 | УСВЕТА";"Люстра потолочная лофт, белый. 5 рожков с цоколем E27, площадь освещения до 20 м?, мощность до 15 Вт. Подходит для кухни, спальни, гостиной и зала. Производство и гарантия УСВЕТА.";"люстра потолочная, люстра, люстра на кухню, люстра в спальню, люстра в зал, люстра в гостиную, люстра белый, купить люстру, люстра для натяжного потолка";"Потолочная люстра в стиле лофт, белый — УСВЕТА";"Потолочная люстра в стиле лофт (белый) от производителя. Подходит для кухни, гостиной, спальни и зала. Гарантия завода, доставка по России."
583915369403;УСВЕТА;"1724/5 Черный";;Люстры;"Люстра потолочная на кухню, в спальню, в зал УСВЕТА Лофт Черная, 5 ламп, Е27";"Потолочная люстра в стиле лофт, чёрный, 5 рожков E27. Освещение до 20 м?. Подходит для кухни, гостиной, спальни и зала. Производство УСВЕТА.";"<strong>Потолочная люстра в стиле лофт, чёрный</strong> — практичное и стильное решение для кухни, гостиной, спальни и зала.<br /><br /><strong>Характеристики:</strong><br />- Цвет: чёрный<br />- Материал: металл, пластик<br />- Количество ламп: 5 шт., цоколь E27<br />- Допустимая мощность: 15Вт (напряжение 220В)<br />- Площадь освещения: до 20 м?<br /><br /><strong>Преимущества:</strong><br />- Собственное производство полного цикла на Урале.<br />- Гарантия 3 года, срок службы до 5 лет.<br />- Простой монтаж, крепёж в комплекте.<br />- Бренд УСВЕТА — проверенное качество в массовом сегменте.<br /><br /><br />Сертификаты соответствия и декларации о соответствии на продукцию: <a href=""https://usveta.ru/cerificate"" target=""_blank"" rel=""noopener"">https://usveta.ru/cerificate</a>";https://static.tildacdn.com/stor3138-3033-4863-b362-663835616662/1527eb060cc49bfeaf83bf08c8077b24.jpg;2375.00;23;3999;;;Udi64GbRFtNc7il1VDgL;;5;E27;"металл, пластик";Черный;"15Вт (напряжение 220В)";"Под планку";"140х140х123 мм";"3 года (срок эксплуатации 5 лет)";Россия;;;;;;1400;395;310;175;"Люстра потолочная лофт, 5хE27, чёрный, арт. 1724/5 | УСВЕТА";"Люстра потолочная лофт, чёрный. 5 рожков с цоколем E27, площадь освещения до 20 м?, мощность до 15 Вт. Подходит для кухни, спальни, гостиной и зала. Производство и гарантия УСВЕТА.";"люстра потолочная, люстра, люстра на кухню, люстра в спальню, люстра в зал, люстра в гостиную, люстра чёрный, купить люстру, люстра для натяжного потолка";"Потолочная люстра в стиле лофт, чёрный — УСВЕТА";"Потолочная люстра в стиле лофт (чёрный) от производителя. Подходит для кухни, гостиной, спальни и зала. Гарантия завода, доставка по России."
565692038543;УСВЕТА;"1725/3 Черный";;Люстры;"Люстра потолочная на кухню, в спальню, в зал УСВЕТА Лофт Черная, Е27";"Потолочная люстра в стиле лофт, чёрный, 3 рожка E27. Освещение до 16 м?. Подходит для кухни, гостиной, спальни и зала. Производство УСВЕТА.";"<strong>Потолочная люстра в стиле лофт, чёрный</strong> — практичное и стильное решение для кухни, гостиной, спальни и зала.<br /><br /><strong>Характеристики:</strong><br />- Цвет: чёрный<br />- Материал: металл, пластик<br />- Количество ламп: 3 шт., цоколь E27<br />- Допустимая мощность: 15Вт (напряжение 220В)<br />- Площадь освещения: до 16 м?<br /><br /><strong>Преимущества:</strong><br />- Собственное производство полного цикла на Урале.<br />- Гарантия 3 года, срок службы до 5 лет.<br />- Простой монтаж, крепёж в комплекте.<br />- Бренд УСВЕТА — проверенное качество в массовом сегменте.<br /><br /><br />Сертификаты соответствия и декларации о соответствии на продукцию: <a href=""https://usveta.ru/cerificate"" target=""_blank"" rel=""noopener"">https://usveta.ru/cerificate</a>";https://static.tildacdn.com/stor3338-6466-4634-a339-306431363165/024315accf2a4dd5728db0ff836f0b1b.jpg;1555.00;50;2499;;;9NrVog7Mc1XfZVBRVYpn;;3;E27;"металл, пластик";Черный;"15Вт (напряжение 220В)";"Под планку";"210х210х210 мм.";"3 года (срок эксплуатации 5 лет)";Россия;;;;;;1250;235;230;160;"Люстра потолочная лофт, 3хE27, чёрный, арт. 1725/3 | УСВЕТА";"Люстра потолочная лофт, чёрный. 3 рожка с цоколем E27, площадь освещения до 16 м?, мощность до 15 Вт. Подходит для кухни, спальни, гостиной и зала. Производство и гарантия УСВЕТА.";"люстра потолочная, люстра, люстра на кухню, люстра в спальню, люстра в зал, люстра в гостиную, люстра чёрный, купить люстру, люстра для натяжного потолка";"Потолочная люстра в стиле лофт, чёрный — УСВЕТА";"Потолочная люстра в стиле лофт (чёрный) от производителя. Подходит для кухни, гостиной, спальни и зала. Гарантия завода, доставка по России."
681834965803;УСВЕТА;"1725/5 Черный";;Люстры;"Люстра потолочная на кухню, в спальню, в зал УСВЕТА Лофт Черная Круги, 5 ламп, Е27";"Потолочная люстра в стиле лофт, чёрный, 5 рожков E27. Освещение до 20 м?. Подходит для кухни, гостиной, спальни и зала. Производство УСВЕТА.";"<strong>Потолочная люстра в стиле лофт, чёрный</strong> — практичное и стильное решение для кухни, гостиной, спальни и зала.<br /><br /><strong>Характеристики:</strong><br />- Цвет: чёрный<br />- Материал: металл, пластик<br />- Количество ламп: 5 шт., цоколь E27<br />- Допустимая мощность: 15Вт (напряжение 220В)<br />- Площадь освещения: до 20 м?<br /><br /><strong>Преимущества:</strong><br />- Собственное производство полного цикла на Урале.<br />- Гарантия 3 года, срок службы до 5 лет.<br />- Простой монтаж, крепёж в комплекте.<br />- Бренд УСВЕТА — проверенное качество в массовом сегменте.<br /><br /><br />Сертификаты соответствия и декларации о соответствии на продукцию: <a href=""https://usveta.ru/cerificate"" target=""_blank"" rel=""noopener"">https://usveta.ru/cerificate</a>";https://static.tildacdn.com/stor3966-6363-4534-b565-643337306630/4272c65b2aa631721ffd6f6a028f219f.jpg;2167.00;50;3499;;;KmrRzeXCv1XBlKy7AIkk;;5;E27;"металл, пластик";Черный;"15Вт (напряжение 220В)";"Под планку";"210х210х210 мм.";"3 года (срок эксплуатации 5 лет)";Россия;;;;;;1820;255;255;240;"Люстра потолочная лофт, 5хE27, чёрный, арт. 1725/5 | УСВЕТА";"Люстра потолочная лофт, чёрный. 5 рожков с цоколем E27, площадь освещения до 20 м?, мощность до 15 Вт. Подходит для кухни, спальни, гостиной и зала. Производство и гарантия УСВЕТА.";"люстра потолочная, люстра, люстра на кухню, люстра в спальню, люстра в зал, люстра в гостиную, люстра чёрный, купить люстру, люстра для натяжного потолка";"Потолочная люстра в стиле лофт, чёрный — УСВЕТА";"Потолочная люстра в стиле лофт (чёрный) от производителя. Подходит для кухни, гостиной, спальни и зала. Гарантия завода, доставка по России."
273616477273;УСВЕТА;"1726/3 Черный";;Люстры;"Люстра потолочная на кухню, в спальню, в зал УСВЕТА Черная, E27";"Потолочная люстра, чёрный, 3 рожка E27. Освещение до 18 м?. Подходит для кухни, гостиной, спальни и зала. Производство УСВЕТА.";"<strong>Потолочная люстра, чёрный</strong> — практичное и стильное решение для кухни, гостиной, спальни и зала.<br /><br /><strong>Характеристики:</strong><br />- Цвет: чёрный<br />- Материал: металл, пластик<br />- Количество ламп: 3 шт., цоколь E27<br />- Допустимая мощность: 15Вт (напряжение 220В)<br />- Площадь освещения: до 18 м?<br /><br /><strong>Преимущества:</strong><br />- Собственное производство полного цикла на Урале.<br />- Гарантия 3 года, срок службы до 5 лет.<br />- Простой монтаж, крепёж в комплекте.<br />- Бренд УСВЕТА — проверенное качество в массовом сегменте.<br /><br /><br />Сертификаты соответствия и декларации о соответствии на продукцию: <a href=""https://usveta.ru/cerificate"" target=""_blank"" rel=""noopener"">https://usveta.ru/cerificate</a>";https://static.tildacdn.com/stor6332-3535-4635-b033-373733343265/83b6bb5757cef9b8a648d1552b0689e5.jpg;2014.00;50;3499;;;Beh6l1Ri6y6dB0dt3kuj;;3;E27;"металл, пластик";Черный;"15Вт (напряжение 220В)";"Под планку";"210х210х210 мм.";"3 года (срок эксплуатации 5 лет)";Россия;;;;;;1300;270;270;175;"Люстра потолочная, 3хE27, чёрный, арт. 1726/3 | УСВЕТА";"Люстра потолочная, чёрный. 3 рожка с цоколем E27, площадь освещения до 18 м?, мощность до 15 Вт. Подходит для кухни, спальни, гостиной и зала. Производство и гарантия УСВЕТА.";"люстра потолочная, люстра, люстра на кухню, люстра в спальню, люстра в зал, люстра в гостиную, люстра чёрный, купить люстру, люстра для натяжного потолка";"Потолочная люстра, чёрный — УСВЕТА";"Потолочная люстра (чёрный) от производителя. Подходит для кухни, гостиной, спальни и зала. Гарантия завода, доставка по России."
432394283613;УСВЕТА;"1726/5 Черный";;Люстры;"Люстра потолочная на кухню, в спальню, в зал УСВЕТА, Черная, 5 ламп, E27";"Потолочная люстра, чёрный, 5 рожков E27. Освещение до 20 м?. Подходит для кухни, гостиной, спальни и зала. Производство УСВЕТА.";"<strong>Потолочная люстра, чёрный</strong> — практичное и стильное решение для кухни, гостиной, спальни и зала.<br /><br /><strong>Характеристики:</strong><br />- Цвет: чёрный<br />- Материал: металл, пластик<br />- Количество ламп: 5 шт., цоколь E27<br />- Допустимая мощность: 15Вт (напряжение 220В)<br />- Площадь освещения: до 20 м?<br /><br /><strong>Преимущества:</strong><br />- Собственное производство полного цикла на Урале.<br />- Гарантия 3 года, срок службы до 5 лет.<br />- Простой монтаж, крепёж в комплекте.<br />- Бренд УСВЕТА — проверенное качество в массовом сегменте.<br /><br /><br />Сертификаты соответствия и декларации о соответствии на продукцию: <a href=""https://usveta.ru/cerificate"" target=""_blank"" rel=""noopener"">https://usveta.ru/cerificate</a>";https://static.tildacdn.com/stor3762-3262-4637-b430-373966383533/8141b51bf7ec3c394244e367beface6e.jpg;3025.00;49;4999;;;T3zUeoK8l6PXlZbs2E9T;;5;E27;"металл, пластик";Черный;"15Вт (напряжение 220В)";"Под планку";"210х210х210 мм.";"3 года (срок эксплуатации 5 лет)";Россия;;;;;;1920;330;320;175;"Люстра потолочная, 5хE27, чёрный, арт. 1726/5 | УСВЕТА";"Люстра потолочная, чёрный. 5 рожков с цоколем E27, площадь освещения до 20 м?, мощность до 15 Вт. Подходит для кухни, спальни, гостиной и зала. Производство и гарантия УСВЕТА.";"люстра потолочная, люстра, люстра на кухню, люстра в спальню, люстра в зал, люстра в гостиную, люстра чёрный, купить люстру, люстра для натяжного потолка";"Потолочная люстра, чёрный — УСВЕТА";"Потолочная люстра (чёрный) от производителя. Подходит для кухни, гостиной, спальни и зала. Гарантия завода, доставка по России."
709947355553;УСВЕТА;"1730/3 Черный";;Люстры;"Люстра потолочная для кухни, спальни, зала УСВЕТА Лофт Минимализм Черная, 3 лампы, Е27, 40 вт";"Потолочная люстра в стиле лофт, чёрный, 3 рожка E27. Освещение до 16 м?. Подходит для кухни, гостиной, спальни и зала. Производство УСВЕТА.";"<strong>Потолочная люстра в стиле лофт, чёрный</strong> — практичное и стильное решение для кухни, гостиной, спальни и зала.<br /><br /><strong>Характеристики:</strong><br />- Цвет: чёрный<br />- Материал: металл, пластик<br />- Количество ламп: 3 шт., цоколь E27<br />- Допустимая мощность: 15Вт (напряжение 220В)<br />- Площадь освещения: до 16 м?<br /><br /><strong>Преимущества:</strong><br />- Собственное производство полного цикла на Урале.<br />- Гарантия 3 года, срок службы до 5 лет.<br />- Простой монтаж, крепёж в комплекте.<br />- Бренд УСВЕТА — проверенное качество в массовом сегменте.<br /><br /><br />Сертификаты соответствия и декларации о соответствии на продукцию: <a href=""https://usveta.ru/cerificate"" target=""_blank"" rel=""noopener"">https://usveta.ru/cerificate</a>";https://static.tildacdn.com/stor6431-3130-4361-a535-393166613835/78fd3182464b853e300ddc89afc0305e.jpg;1954.00;50;2999;;;KHGlC8UlJC42TJitvmaU;;3;E27;"металл, пластик";Черный;"15Вт (напряжение 220В)";"Под планку";"140х140х123 мм";"3 года (срок эксплуатации 5 лет)";Россия;;;;;;1050;270;310;170;"Люстра потолочная лофт, 3хE27, чёрный, арт. 1730/3 | УСВЕТА";"Люстра потолочная лофт, чёрный. 3 рожка с цоколем E27, площадь освещения до 16 м?, мощность до 15 Вт. Подходит для кухни, спальни, гостиной и зала. Производство и гарантия УСВЕТА.";"люстра потолочная, люстра, люстра на кухню, люстра в спальню, люстра в зал, люстра в гостиную, люстра чёрный, купить люстру, люстра для натяжного потолка";"Потолочная люстра в стиле лофт, чёрный — УСВЕТА";"Потолочная люстра в стиле лофт (чёрный) от производителя. Подходит для кухни, гостиной, спальни и зала. Гарантия завода, доставка по России."
422422472403;УСВЕТА;"1730/5 Черный";;Люстры;"Люстра потолочная УСВЕТА Лофт Черная, 5 ламп, Е27, 40 вт";"Потолочная люстра в стиле лофт, чёрный, 5 рожков E27. Освещение до 20 м?. Подходит для кухни, гостиной, спальни и зала. Производство УСВЕТА.";"<strong>Потолочная люстра в стиле лофт, чёрный</strong> — практичное и стильное решение для кухни, гостиной, спальни и зала.<br /><br /><strong>Характеристики:</strong><br />- Цвет: чёрный<br />- Материал: металл, пластик<br />- Количество ламп: 5 шт., цоколь E27<br />- Допустимая мощность: 15Вт (напряжение 220В)<br />- Площадь освещения: до 20 м?<br /><br /><strong>Преимущества:</strong><br />- Собственное производство полного цикла на Урале.<br />- Гарантия 3 года, срок службы до 5 лет.<br />- Простой монтаж, крепёж в комплекте.<br />- Бренд УСВЕТА — проверенное качество в массовом сегменте.<br /><br /><br />Сертификаты соответствия и декларации о соответствии на продукцию: <a href=""https://usveta.ru/cerificate"" target=""_blank"" rel=""noopener"">https://usveta.ru/cerificate</a>";https://static.tildacdn.com/stor3263-3230-4331-b031-363237353061/6628c9c497245489146cb73b3e5b29aa.jpg;2915.00;50;4499;;;vxX1dN3ErddHx5yrs2jn;;5;E27;"металл, пластик";Черный;"15Вт (напряжение 220В)";"Под планку";"140х140х123 мм";"3 года (срок эксплуатации 5 лет)";Россия;;;;;;1400;310;395;175;"Люстра потолочная лофт, 5хE27, чёрный, арт. 1730/5 | УСВЕТА";"Люстра потолочная лофт, чёрный. 5 рожков с цоколем E27, площадь освещения до 20 м?, мощность до 15 Вт. Подходит для кухни, спальни, гостиной и зала. Производство и гарантия УСВЕТА.";"люстра потолочная, люстра, люстра на кухню, люстра в спальню, люстра в зал, люстра в гостиную, люстра чёрный, купить люстру, люстра для натяжного потолка";"Потолочная люстра в стиле лофт, чёрный — УСВЕТА";"Потолочная люстра в стиле лофт (чёрный) от производителя. Подходит для кухни, гостиной, спальни и зала. Гарантия завода, доставка по России."
303990568903;УСВЕТА;"2059/1 Белый";;Люстры;"Люстра потолочная, белый, 1хE27 — освещение до 8 м? | УСВЕТА";"Потолочная люстра, белый, 1 рожок E27. Освещение до 8 м?. Подходит для кухни, гостиной, спальни и зала. Производство УСВЕТА.";"<strong>Потолочная люстра, белый</strong> — практичное и стильное решение для кухни, гостиной, спальни и зала.<br /><br /><strong>Характеристики:</strong><br />- Цвет: белый<br />- Материал: металл, пластик<br />- Количество ламп: 1 шт., цоколь E27<br />- Допустимая мощность: 15Вт (напряжение 220В)<br />- Площадь освещения: до 8 м?<br /><br /><strong>Преимущества:</strong><br />- Собственное производство полного цикла на Урале.<br />- Гарантия 3 года, срок службы до 5 лет.<br />- Простой монтаж, крепёж в комплекте.<br />- Бренд УСВЕТА — проверенное качество в массовом сегменте.<br /><br /><br />Сертификаты соответствия и декларации о соответствии на продукцию: <a href=""https://usveta.ru/cerificate"" target=""_blank"" rel=""noopener"">https://usveta.ru/cerificate</a>";https://static.tildacdn.com/stor3336-6463-4638-a661-366431393330/06f782ae5a2f41a08efad77ffc732a58.jpg;195.00;2;499;;;0Da7701cRSDCCU37Nm7g;;1;E27;"металл, пластик";Белый;"15Вт (напряжение 220В)";"Крепление под крюк";;"3 года (срок эксплуатации 5 лет)";Россия;;;;;;100;190;120;135;"Люстра потолочная с регулировкой высоты, 1хE27, белый | УСВЕТА";"Люстра потолочная с регулировкой высоты, белый. 1 рожок с цоколем E27, площадь освещения до 8 м?, мощность до 15 Вт. Подходит для кухни, спальни, гостиной и зала. Производство и гарантия УСВЕТА.";"люстра потолочная, люстра, люстра на кухню, люстра в спальню, люстра в зал, люстра в гостиную, люстра белый, купить люстру, люстра для натяжного потолка";"Потолочная люстра, белый — УСВЕТА";"Потолочная люстра (белый) от производителя. Подходит для кухни, гостиной, спальни и зала. Гарантия завода, доставка по России."
956554143433;УСВЕТА;"2059/1 Хром";;Люстры;"Люстра потолочная, хромированный, 1хE27 — освещение до 8 м? | УСВЕТА";"Потолочная люстра, хром, 1 рожок E27. Освещение до 8 м?. Подходит для кухни, гостиной, спальни и зала. Производство УСВЕТА.";"<strong>Потолочная люстра, хром</strong> — практичное и стильное решение для кухни, гостиной, спальни и зала.<br /><br /><strong>Характеристики:</strong><br />- Цвет: хром<br />- Материал: металл, пластик<br />- Количество ламп: 1 шт., цоколь E27<br />- Допустимая мощность: 15Вт (напряжение 220В)<br />- Площадь освещения: до 8 м?<br /><br /><strong>Преимущества:</strong><br />- Собственное производство полного цикла на Урале.<br />- Гарантия 3 года, срок службы до 5 лет.<br />- Простой монтаж, крепёж в комплекте.<br />- Бренд УСВЕТА — проверенное качество в массовом сегменте.<br /><br /><br />Сертификаты соответствия и декларации о соответствии на продукцию: <a href=""https://usveta.ru/cerificate"" target=""_blank"" rel=""noopener"">https://usveta.ru/cerificate</a>";https://static.tildacdn.com/stor3437-3063-4661-a462-656335303333/c76682ffee9bc0dcc224395db80fc38e.jpg;263.00;50;499;;;81D3Dn5peR3sBrbSdLzZ;;1;E27;"металл, пластик";Хром;"15Вт (напряжение 220В)";"Крепление под крюк";;"3 года (срок эксплуатации 5 лет)";Россия;;;;;;140;190;120;135;"Люстра потолочная с регулировкой высоты, 1хE27, хром | УСВЕТА";"Люстра потолочная с регулировкой высоты, хром. 1 рожок с цоколем E27, площадь освещения до 8 м?, мощность до 15 Вт. Подходит для кухни, спальни, гостиной и зала. Производство и гарантия УСВЕТА.";"люстра потолочная, люстра, люстра на кухню, люстра в спальню, люстра в зал, люстра в гостиную, люстра хром, купить люстру, люстра для натяжного потолка";"Потолочная люстра, хром — УСВЕТА";"Потолочная люстра (хром) от производителя. Подходит для кухни, гостиной, спальни и зала. Гарантия завода, доставка по России."
254793696333;УСВЕТА;"2059/1 Черный";;Люстры;"Люстра потолочная, чёрный, 1хE27 — освещение до 8 м? | УСВЕТА";"Потолочная люстра, чёрный, 1 рожок E27. Освещение до 8 м?. Подходит для кухни, гостиной, спальни и зала. Производство УСВЕТА.";"<strong>Потолочная люстра, чёрный</strong> — практичное и стильное решение для кухни, гостиной, спальни и зала.<br /><br /><strong>Характеристики:</strong><br />- Цвет: чёрный<br />- Материал: металл, пластик<br />- Количество ламп: 1 шт., цоколь E27<br />- Допустимая мощность: 15Вт (напряжение 220В)<br />- Площадь освещения: до 8 м?<br /><br /><strong>Преимущества:</strong><br />- Собственное производство полного цикла на Урале.<br />- Гарантия 3 года, срок службы до 5 лет.<br />- Простой монтаж, крепёж в комплекте.<br />- Бренд УСВЕТА — проверенное качество в массовом сегменте.<br /><br /><br />Сертификаты соответствия и декларации о соответствии на продукцию: <a href=""https://usveta.ru/cerificate"" target=""_blank"" rel=""noopener"">https://usveta.ru/cerificate</a>";https://static.tildacdn.com/stor6365-6330-4265-b931-323430303664/125729dd796e451d2bd6b7ee07cdc574.jpg;192.00;0;499;;;GLNPfPgvSZm3jmA2HdFp;;1;E27;"металл, пластик";Черный;"15Вт (напряжение 220В)";"Крепление под крюк";;"3 года (срок эксплуатации 5 лет)";Россия;;;;;;100;190;120;135;"Люстра потолочная с регулировкой высоты, 1хE27, чёрный | УСВЕТА";"Люстра потолочная с регулировкой высоты, чёрный. 1 рожок с цоколем E27, площадь освещения до 8 м?, мощность до 15 Вт. Подходит для кухни, спальни, гостиной и зала. Производство и гарантия УСВЕТА.";"люстра потолочная, люстра, люстра на кухню, люстра в спальню, люстра в зал, люстра в гостиную, люстра чёрный, купить люстру, люстра для натяжного потолка";"Потолочная люстра, чёрный — УСВЕТА";"Потолочная люстра (чёрный) от производителя. Подходит для кухни, гостиной, спальни и зала. Гарантия завода, доставка по России."
892125017653;УСВЕТА;"2061/6 Белый";;Люстры;"Люстра потолочная, белый, 6хE27 — освещение до 22 м? | УСВЕТА";"Потолочная люстра в стиле лофт, белый, 6 рожков E27. Освещение до 22 м?. Подходит для кухни, гостиной, спальни и зала. Производство УСВЕТА.";"<strong>Потолочная люстра в стиле лофт, белый</strong> — практичное и стильное решение для кухни, гостиной, спальни и зала.<br /><br /><strong>Характеристики:</strong><br />- Цвет: белый<br />- Материал: металл, пластик<br />- Количество ламп: 6 шт., цоколь E27<br />- Допустимая мощность: 15Вт (напряжение 220В)<br />- Площадь освещения: до 22 м?<br /><br /><strong>Преимущества:</strong><br />- Собственное производство полного цикла на Урале.<br />- Гарантия 3 года, срок службы до 5 лет.<br />- Простой монтаж, крепёж в комплекте.<br />- Бренд УСВЕТА — проверенное качество в массовом сегменте.<br /><br /><br />Сертификаты соответствия и декларации о соответствии на продукцию: <a href=""https://usveta.ru/cerificate"" target=""_blank"" rel=""noopener"">https://usveta.ru/cerificate</a>";https://static.tildacdn.com/stor3833-3739-4631-b931-373565313734/df24b864b98720aa0e91b8dce97f43a6.jpg;1479.00;50;2499;;;fcKvRkCKlNBbEg2ctSLg;;6;E27;"металл, пластик";Белый;"15Вт (напряжение 220В)";"Под планку";"42х62х42 мм";"3 года (срок эксплуатации 5 лет)";Россия;;;;;;940;220;175;140;"Люстра потолочная лофт, 6хE27, белый, арт. 2061/6 | УСВЕТА";"Люстра потолочная лофт, белый. 6 рожков с цоколем E27, площадь освещения до 22 м?, мощность до 15 Вт. Подходит для кухни, спальни, гостиной и зала. Производство и гарантия УСВЕТА.";"люстра потолочная, люстра, люстра на кухню, люстра в спальню, люстра в зал, люстра в гостиную, люстра белый, купить люстру, люстра для натяжного потолка";"Потолочная люстра в стиле лофт, белый — УСВЕТА";"Потолочная люстра в стиле лофт (белый) от производителя. Подходит для кухни, гостиной, спальни и зала. Гарантия завода, доставка по России."
739032712903;УСВЕТА;"2061/6 Черный";;Люстры;"Люстра потолочная, чёрный, 6хE28 — освещение до 22 м? | УСВЕТА";"Потолочная люстра в стиле лофт, чёрный, 6 рожков E27. Освещение до 22 м?. Подходит для кухни, гостиной, спальни и зала. Производство УСВЕТА.";"<strong>Потолочная люстра в стиле лофт, чёрный</strong> — практичное и стильное решение для кухни, гостиной, спальни и зала.<br /><br /><strong>Характеристики:</strong><br />- Цвет: чёрный<br />- Материал: металл, пластик<br />- Количество ламп: 6 шт., цоколь E28<br />- Допустимая мощность: 15Вт (напряжение 220В)<br />- Площадь освещения: до 22 м?<br /><br /><strong>Преимущества:</strong><br />- Собственное производство полного цикла на Урале.<br />- Гарантия 3 года, срок службы до 5 лет.<br />- Простой монтаж, крепёж в комплекте.<br />- Бренд УСВЕТА — проверенное качество в массовом сегменте.<br /><br /><br />Сертификаты соответствия и декларации о соответствии на продукцию: <a href=""https://usveta.ru/cerificate"" target=""_blank"" rel=""noopener"">https://usveta.ru/cerificate</a>";https://static.tildacdn.com/stor3765-6261-4937-a430-316434356232/336b6419df1dd089269a9aa202aabca1.jpg;1420.00;50;2499;;;hNCJaDtcDvzjp4HEeKsp;;6;E28;"металл, пластик";Черный;"15Вт (напряжение 220В)";"Под планку";"42х62х42 мм";"3 года (срок эксплуатации 5 лет)";Россия;;;;;;940;220;175;140;"Люстра потолочная лофт, 6хE28, чёрный, арт. 2061/6 | УСВЕТА";"Люстра потолочная лофт, чёрный. 6 рожков с цоколем E28, площадь освещения до 22 м?, мощность до 15 Вт. Подходит для кухни, спальни, гостиной и зала. Производство и гарантия УСВЕТА.";"люстра потолочная, люстра, люстра на кухню, люстра в спальню, люстра в зал, люстра в гостиную, люстра чёрный, купить люстру, люстра для натяжного потолка";"Потолочная люстра в стиле лофт, чёрный — УСВЕТА";"Потолочная люстра в стиле лофт (чёрный) от производителя. Подходит для кухни, гостиной, спальни и зала. Гарантия завода, доставка по России."
644832914183;УСВЕТА;"2061/8 Белый";;Люстры;"Люстра потолочная, белый, 8хE29 — освещение до 26 м? | УСВЕТА";"Потолочная люстра в стиле лофт, белый, 8 рожков E27. Освещение до 26 м?. Подходит для кухни, гостиной, спальни и зала. Производство УСВЕТА.";"<strong>Потолочная люстра в стиле лофт, белый</strong> — практичное и стильное решение для кухни, гостиной, спальни и зала.<br /><br /><strong>Характеристики:</strong><br />- Цвет: белый<br />- Материал: металл, пластик<br />- Количество ламп: 8 шт., цоколь E29<br />- Допустимая мощность: 15Вт (напряжение 220В)<br />- Площадь освещения: до 26 м?<br /><br /><strong>Преимущества:</strong><br />- Собственное производство полного цикла на Урале.<br />- Гарантия 3 года, срок службы до 5 лет.<br />- Простой монтаж, крепёж в комплекте.<br />- Бренд УСВЕТА — проверенное качество в массовом сегменте.<br /><br /><br />Сертификаты соответствия и декларации о соответствии на продукцию: <a href=""https://usveta.ru/cerificate"" target=""_blank"" rel=""noopener"">https://usveta.ru/cerificate</a>";https://static.tildacdn.com/stor3164-3236-4937-b462-303839666236/e6436bc017a9e47f555167b5b325e766.jpg;1826.00;50;2999;;;fexL07YKIfL7LjtfCSxh;;8;E29;"металл, пластик";Белый;"15Вт (напряжение 220В)";"Под планку";"42х62х42 мм";"3 года (срок эксплуатации 5 лет)";Россия;;;;;;1110;215;130;230;"Люстра потолочная лофт, 8хE29, белый, арт. 2061/8 | УСВЕТА";"Люстра потолочная лофт, белый. 8 рожков с цоколем E29, площадь освещения до 26 м?, мощность до 15 Вт. Подходит для кухни, спальни, гостиной и зала. Производство и гарантия УСВЕТА.";"люстра потолочная, люстра, люстра на кухню, люстра в спальню, люстра в зал, люстра в гостиную, люстра белый, купить люстру, люстра для натяжного потолка";"Потолочная люстра в стиле лофт, белый — УСВЕТА";"Потолочная люстра в стиле лофт (белый) от производителя. Подходит для кухни, гостиной, спальни и зала. Гарантия завода, доставка по России."
889690007063;УСВЕТА;"2061/8 Черный";;Люстры;"Люстра потолочная, чёрный, 8хE30 — освещение до 26 м? | УСВЕТА";"Потолочная люстра в стиле лофт, чёрный, 8 рожков E27. Освещение до 26 м?. Подходит для кухни, гостиной, спальни и зала. Производство УСВЕТА.";"<strong>Потолочная люстра в стиле лофт, чёрный</strong> — практичное и стильное решение для кухни, гостиной, спальни и зала.<br /><br /><strong>Характеристики:</strong><br />- Цвет: чёрный<br />- Материал: металл, пластик<br />- Количество ламп: 8 шт., цоколь E30<br />- Допустимая мощность: 15Вт (напряжение 220В)<br />- Площадь освещения: до 26 м?<br /><br /><strong>Преимущества:</strong><br />- Собственное производство полного цикла на Урале.<br />- Гарантия 3 года, срок службы до 5 лет.<br />- Простой монтаж, крепёж в комплекте.<br />- Бренд УСВЕТА — проверенное качество в массовом сегменте.<br /><br /><br />Сертификаты соответствия и декларации о соответствии на продукцию: <a href=""https://usveta.ru/cerificate"" target=""_blank"" rel=""noopener"">https://usveta.ru/cerificate</a>";https://static.tildacdn.com/stor3639-3932-4763-a264-306138373665/c7fca474979907066946fca59902f976.jpg;1795.00;50;2999;;;XkVl8TvKj1CL6ZJMKhmd;;8;E30;"металл, пластик";Черный;"15Вт (напряжение 220В)";"Под планку";"42х62х42 мм";"3 года (срок эксплуатации 5 лет)";Россия;;;;;;1110;230;130;230;"Люстра потолочная лофт, 8хE30, чёрный, арт. 2061/8 | УСВЕТА";"Люстра потолочная лофт, чёрный. 8 рожков с цоколем E30, площадь освещения до 26 м?, мощность до 15 Вт. Подходит для кухни, спальни, гостиной и зала. Производство и гарантия УСВЕТА.";"люстра потолочная, люстра, люстра на кухню, люстра в спальню, люстра в зал, люстра в гостиную, люстра чёрный, купить люстру, люстра для натяжного потолка";"Потолочная люстра в стиле лофт, чёрный — УСВЕТА";"Потолочная люстра в стиле лофт (чёрный) от производителя. Подходит для кухни, гостиной, спальни и зала. Гарантия завода, доставка по России."
689138311953;УСВЕТА;"2062/6 Белый";;Люстры;"Люстра потолочная на кухню, в спальню, в зал, светильник УСВЕТА Лофт Белая, 6 ламп, Е27";"Потолочная люстра в стиле лофт, белый, 6 рожков E27. Освещение до 18 м?. Подходит для кухни, гостиной, спальни и зала. Производство УСВЕТА.";"<strong>Потолочная люстра в стиле лофт, белый</strong> — практичное и стильное решение для кухни, гостиной, спальни и зала.<br /><br /><strong>Характеристики:</strong><br />- Цвет: белый<br />- Материал: металл, пластик<br />- Количество ламп: 6 шт., цоколь E27<br />- Допустимая мощность: 15Вт (напряжение 220В)<br />- Площадь освещения: до 18 м?<br /><br /><strong>Преимущества:</strong><br />- Собственное производство полного цикла на Урале.<br />- Гарантия 3 года, срок службы до 5 лет.<br />- Простой монтаж, крепёж в комплекте.<br />- Бренд УСВЕТА — проверенное качество в массовом сегменте.<br /><br /><br />Сертификаты соответствия и декларации о соответствии на продукцию: <a href=""https://usveta.ru/cerificate"" target=""_blank"" rel=""noopener"">https://usveta.ru/cerificate</a>";https://static.tildacdn.com/stor6436-6464-4930-a564-313632646366/7008168ec0b4d6ad525762fd3d63d174.jpg;1544.00;1;2499;;;JCOXY4HVn0Buc8uiYO8Z;;6;E27;"металл, пластик";Белый;"15Вт (напряжение 220В)";"Под планку";;"3 года (срок эксплуатации 5 лет)";Россия;;;;;;940;375;155;65;"Люстра потолочная лофт, 6хE27, белый, арт. 2062/6 | УСВЕТА";"Люстра потолочная лофт, белый. 6 рожков с цоколем E27, площадь освещения до 18 м?, мощность до 15 Вт. Подходит для кухни, спальни, гостиной и зала. Производство и гарантия УСВЕТА.";"люстра потолочная, люстра, люстра на кухню, люстра в спальню, люстра в зал, люстра в гостиную, люстра белый, купить люстру, люстра для натяжного потолка";"Потолочная люстра в стиле лофт, белый — УСВЕТА";"Потолочная люстра в стиле лофт (белый) от производителя. Подходит для кухни, гостиной, спальни и зала. Гарантия завода, доставка по России."
211947442833;УСВЕТА;"2062/6 Черный";;Люстры;"Люстра потолочная на кухню, в спальню, в зал, светильник УСВЕТА Лофт Черный, 6 ламп, Е27";"Потолочная люстра в стиле лофт, чёрный, 6 рожков E27. Освещение до 18 м?. Подходит для кухни, гостиной, спальни и зала. Производство УСВЕТА.";"<strong>Потолочная люстра в стиле лофт, чёрный</strong> — практичное и стильное решение для кухни, гостиной, спальни и зала.<br /><br /><strong>Характеристики:</strong><br />- Цвет: чёрный<br />- Материал: металл, пластик<br />- Количество ламп: 6 шт., цоколь E27<br />- Допустимая мощность: 15Вт (напряжение 220В)<br />- Площадь освещения: до 18 м?<br /><br /><strong>Преимущества:</strong><br />- Собственное производство полного цикла на Урале.<br />- Гарантия 3 года, срок службы до 5 лет.<br />- Простой монтаж, крепёж в комплекте.<br />- Бренд УСВЕТА — проверенное качество в массовом сегменте.<br /><br /><br />Сертификаты соответствия и декларации о соответствии на продукцию: <a href=""https://usveta.ru/cerificate"" target=""_blank"" rel=""noopener"">https://usveta.ru/cerificate</a>";https://static.tildacdn.com/stor6434-6637-4131-b531-643166646534/637915ab76577b9651b3847be177e588.jpg;1535.00;50;2499;;;ZGzp2MHfuhCKVtPXjO8h;;6;E27;"металл, пластик";Черный;"15Вт (напряжение 220В)";"Под планку";;"3 года (срок эксплуатации 5 лет)";Россия;;;;;;940;375;155;65;"Люстра потолочная лофт, 6хE27, чёрный, арт. 2062/6 | УСВЕТА";"Люстра потолочная лофт, чёрный. 6 рожков с цоколем E27, площадь освещения до 18 м?, мощность до 15 Вт. Подходит для кухни, спальни, гостиной и зала. Производство и гарантия УСВЕТА.";"люстра потолочная, люстра, люстра на кухню, люстра в спальню, люстра в зал, люстра в гостиную, люстра чёрный, купить люстру, люстра для натяжного потолка";"Потолочная люстра в стиле лофт, чёрный — УСВЕТА";"Потолочная люстра в стиле лофт (чёрный) от производителя. Подходит для кухни, гостиной, спальни и зала. Гарантия завода, доставка по России."
742629656553;УСВЕТА;"2062/8 Белый";;Люстры;"Люстра потолочная на кухню, в спальню, в зал, светильник УСВЕТА Лофт Белая, 8 ламп, Е27";"Потолочная люстра в стиле лофт, белый, 8 рожков E27. Освещение до 26 м?. Подходит для кухни, гостиной, спальни и зала. Производство УСВЕТА.";"<strong>Потолочная люстра в стиле лофт, белый</strong> — практичное и стильное решение для кухни, гостиной, спальни и зала.<br /><br /><strong>Характеристики:</strong><br />- Цвет: белый<br />- Материал: металл, пластик<br />- Количество ламп: 8 шт., цоколь E27<br />- Допустимая мощность: 15Вт (напряжение 220В)<br />- Площадь освещения: до 26 м?<br /><br /><strong>Преимущества:</strong><br />- Собственное производство полного цикла на Урале.<br />- Гарантия 3 года, срок службы до 5 лет.<br />- Простой монтаж, крепёж в комплекте.<br />- Бренд УСВЕТА — проверенное качество в массовом сегменте.<br /><br /><br />Сертификаты соответствия и декларации о соответствии на продукцию: <a href=""https://usveta.ru/cerificate"" target=""_blank"" rel=""noopener"">https://usveta.ru/cerificate</a>";https://static.tildacdn.com/stor3230-3131-4136-a364-363030633031/ae6e0641a73012c7f9f69958154770e1.jpg;1820.00;17;2999;;;1PYctA8NKVSeBpK73Paz;;8;E27;"металл, пластик";Белый;"15Вт (напряжение 220В)";"Под планку";;"3 года (срок эксплуатации 5 лет)";Россия;;;;;;1100;345;200;65;"Люстра потолочная лофт, 8хE27, белый, арт. 2062/8 | УСВЕТА";"Люстра потолочная лофт, белый. 8 рожков с цоколем E27, площадь освещения до 26 м?, мощность до 15 Вт. Подходит для кухни, спальни, гостиной и зала. Производство и гарантия УСВЕТА.";"люстра потолочная, люстра, люстра на кухню, люстра в спальню, люстра в зал, люстра в гостиную, люстра белый, купить люстру, люстра для натяжного потолка";"Потолочная люстра в стиле лофт, белый — УСВЕТА";"Потолочная люстра в стиле лофт (белый) от производителя. Подходит для кухни, гостиной, спальни и зала. Гарантия завода, доставка по России."
677762762933;УСВЕТА;"2062/8 Черный";;Люстры;"Люстра потолочная на кухню, в спальню, в зал, светильник УСВЕТА Лофт Черный, 8 ламп, Е27";"Потолочная люстра в стиле лофт, чёрный, 8 рожков E27. Освещение до 26 м?. Подходит для кухни, гостиной, спальни и зала. Производство УСВЕТА.";"<strong>Потолочная люстра в стиле лофт, чёрный</strong> — практичное и стильное решение для кухни, гостиной, спальни и зала.<br /><br /><strong>Характеристики:</strong><br />- Цвет: чёрный<br />- Материал: металл, пластик<br />- Количество ламп: 8 шт., цоколь E27<br />- Допустимая мощность: 15Вт (напряжение 220В)<br />- Площадь освещения: до 26 м?<br /><br /><strong>Преимущества:</strong><br />- Собственное производство полного цикла на Урале.<br />- Гарантия 3 года, срок службы до 5 лет.<br />- Простой монтаж, крепёж в комплекте.<br />- Бренд УСВЕТА — проверенное качество в массовом сегменте.<br /><br /><br />Сертификаты соответствия и декларации о соответствии на продукцию: <a href=""https://usveta.ru/cerificate"" target=""_blank"" rel=""noopener"">https://usveta.ru/cerificate</a>";https://static.tildacdn.com/stor6631-3065-4464-a462-393165343762/cc959aca7dcedf9a0a0e4c06e68eca22.jpg;1802.00;50;2999;;;Iv3gMBkKXOrarpXIjdzP;;8;E27;"металл, пластик";Черный;"15Вт (напряжение 220В)";"Под планку";;"3 года (срок эксплуатации 5 лет)";Россия;;;;;;1100;345;200;65;"Люстра потолочная лофт, 8хE27, чёрный, арт. 2062/8 | УСВЕТА";"Люстра потолочная лофт, чёрный. 8 рожков с цоколем E27, площадь освещения до 26 м?, мощность до 15 Вт. Подходит для кухни, спальни, гостиной и зала. Производство и гарантия УСВЕТА.";"люстра потолочная, люстра, люстра на кухню, люстра в спальню, люстра в зал, люстра в гостиную, люстра чёрный, купить люстру, люстра для натяжного потолка";"Потолочная люстра в стиле лофт, чёрный — УСВЕТА";"Потолочная люстра в стиле лофт (чёрный) от производителя. Подходит для кухни, гостиной, спальни и зала. Гарантия завода, доставка по России."
802515114423;УСВЕТА;"2069/8 Белый";;Люстры;"Люстра-трансформер потолочная УСВЕТА Лофт Белый, 8 ламп, Е27, 40 вт";"Потолочная люстра в стиле лофт, белый, 8 рожков E27. Освещение до 26 м?. Подходит для кухни, гостиной, спальни и зала. Производство УСВЕТА.";"<strong>Потолочная люстра в стиле лофт, белый</strong> — практичное и стильное решение для кухни, гостиной, спальни и зала.<br /><br /><strong>Характеристики:</strong><br />- Цвет: белый<br />- Материал: металл, пластик<br />- Количество ламп: 8 шт., цоколь E27<br />- Допустимая мощность: 15Вт (напряжение 220В)<br />- Площадь освещения: до 26 м?<br /><br /><strong>Преимущества:</strong><br />- Собственное производство полного цикла на Урале.<br />- Гарантия 3 года, срок службы до 5 лет.<br />- Простой монтаж, крепёж в комплекте.<br />- Бренд УСВЕТА — проверенное качество в массовом сегменте.<br /><br /><br />Сертификаты соответствия и декларации о соответствии на продукцию: <a href=""https://usveta.ru/cerificate"" target=""_blank"" rel=""noopener"">https://usveta.ru/cerificate</a>";https://static.tildacdn.com/stor3937-3766-4733-b962-313533666162/1e71bb9e20518b2a7382c99457dcfb27.jpg;1791.00;50;2999;;;OLRlfoxlYit1PCn2ogfk;;8;E27;"металл, пластик";Белый;"15Вт (напряжение 220В)";"Под планку";;"3 года (срок эксплуатации 5 лет)";Россия;;;;;;1130;570;180;65;"Люстра потолочная лофт, 8хE27, белый, арт. 2069/8 | УСВЕТА";"Люстра потолочная лофт, белый. 8 рожков с цоколем E27, площадь освещения до 26 м?, мощность до 15 Вт. Подходит для кухни, спальни, гостиной и зала. Производство и гарантия УСВЕТА.";"люстра потолочная, люстра, люстра на кухню, люстра в спальню, люстра в зал, люстра в гостиную, люстра белый, купить люстру, люстра для натяжного потолка";"Потолочная люстра в стиле лофт, белый — УСВЕТА";"Потолочная люстра в стиле лофт (белый) от производителя. Подходит для кухни, гостиной, спальни и зала. Гарантия завода, доставка по России."
937670860553;УСВЕТА;"2069/8 Золото";;Люстры;"Люстра-трансформер потолочная УСВЕТА Лофт Золото, 8 ламп, Е27, 40 вт";"Потолочная люстра в стиле лофт, золото, 8 рожков E27. Освещение до 26 м?. Подходит для кухни, гостиной, спальни и зала. Производство УСВЕТА.";"<strong>Потолочная люстра в стиле лофт, золото</strong> — практичное и стильное решение для кухни, гостиной, спальни и зала.<br /><br /><strong>Характеристики:</strong><br />- Цвет: золото<br />- Материал: металл, пластик<br />- Количество ламп: 8 шт., цоколь E27<br />- Допустимая мощность: 15Вт (напряжение 220В)<br />- Площадь освещения: до 26 м?<br /><br /><strong>Преимущества:</strong><br />- Собственное производство полного цикла на Урале.<br />- Гарантия 3 года, срок службы до 5 лет.<br />- Простой монтаж, крепёж в комплекте.<br />- Бренд УСВЕТА — проверенное качество в массовом сегменте.<br /><br /><br />Сертификаты соответствия и декларации о соответствии на продукцию: <a href=""https://usveta.ru/cerificate"" target=""_blank"" rel=""noopener"">https://usveta.ru/cerificate</a>";https://static.tildacdn.com/stor3335-6539-4561-b735-353637633431/8ba81c4370887eb8fbea453e138853a6.jpg;2275.00;50;3499;;;jriZL4fG6n6sihytvGOd;;8;E27;"металл, пластик";Золото;"15Вт (напряжение 220В)";"Под планку";;"3 года (срок эксплуатации 5 лет)";Россия;;;;;;1220;570;180;65;"Люстра потолочная лофт, 8хE27, золото, арт. 2069/8 | УСВЕТА";"Люстра потолочная лофт, золото. 8 рожков с цоколем E27, площадь освещения до 26 м?, мощность до 15 Вт. Подходит для кухни, спальни, гостиной и зала. Производство и гарантия УСВЕТА.";"люстра потолочная, люстра, люстра на кухню, люстра в спальню, люстра в зал, люстра в гостиную, люстра золото, купить люстру, люстра для натяжного потолка";"Потолочная люстра в стиле лофт, золото — УСВЕТА";"Потолочная люстра в стиле лофт (золото) от производителя. Подходит для кухни, гостиной, спальни и зала. Гарантия завода, доставка по России."
313691378543;УСВЕТА;"2069/8 Черный";;Люстры;"Люстра-трансформер потолочная УСВЕТА Лофт Черный, 8 ламп, Е27, 40 вт";"Потолочная люстра в стиле лофт, чёрный, 8 рожков E27. Освещение до 26 м?. Подходит для кухни, гостиной, спальни и зала. Производство УСВЕТА.";"<strong>Потолочная люстра в стиле лофт, чёрный</strong> — практичное и стильное решение для кухни, гостиной, спальни и зала.<br /><br /><strong>Характеристики:</strong><br />- Цвет: чёрный<br />- Материал: металл, пластик<br />- Количество ламп: 8 шт., цоколь E27<br />- Допустимая мощность: 15Вт (напряжение 220В)<br />- Площадь освещения: до 26 м?<br /><br /><strong>Преимущества:</strong><br />- Собственное производство полного цикла на Урале.<br />- Гарантия 3 года, срок службы до 5 лет.<br />- Простой монтаж, крепёж в комплекте.<br />- Бренд УСВЕТА — проверенное качество в массовом сегменте.<br /><br /><br />Сертификаты соответствия и декларации о соответствии на продукцию: <a href=""https://usveta.ru/cerificate"" target=""_blank"" rel=""noopener"">https://usveta.ru/cerificate</a>";https://static.tildacdn.com/stor3664-3232-4335-b031-323766333439/fbe6a51e10b0400f37f32c9fd3a02fb9.jpg;1772.00;50;2999;;;J8GcrFxatlt2AKJf3xdv;;8;E27;"металл, пластик";Черный;"15Вт (напряжение 220В)";"Под планку";;"3 года (срок эксплуатации 5 лет)";Россия;;;;;;1130;570;180;65;"Люстра потолочная лофт, 8хE27, чёрный, арт. 2069/8 | УСВЕТА";"Люстра потолочная лофт, чёрный. 8 рожков с цоколем E27, площадь освещения до 26 м?, мощность до 15 Вт. Подходит для кухни, спальни, гостиной и зала. Производство и гарантия УСВЕТА.";"люстра потолочная, люстра, люстра на кухню, люстра в спальню, люстра в зал, люстра в гостиную, люстра чёрный, купить люстру, люстра для натяжного потолка";"Потолочная люстра в стиле лофт, чёрный — УСВЕТА";"Потолочная люстра в стиле лофт (чёрный) от производителя. Подходит для кухни, гостиной, спальни и зала. Гарантия завода, доставка по России."
924826003963;УСВЕТА;"2850/6 Белый";;Люстры;"Люстра белая потолочная УСВЕТА, Е27, 40 вт, 6 ламп";"Потолочная люстра, белый, 6 рожков E27. Освещение до 22 м?. Подходит для кухни, гостиной, спальни и зала. Производство УСВЕТА.";"<strong>Потолочная люстра, белый</strong> — практичное и стильное решение для кухни, гостиной, спальни и зала.<br /><br /><strong>Характеристики:</strong><br />- Цвет: белый<br />- Материал: металл, пластик<br />- Количество ламп: 6 шт., цоколь E27<br />- Допустимая мощность: 15Вт (напряжение 220В)<br />- Площадь освещения: до 22 м?<br /><br /><strong>Преимущества:</strong><br />- Собственное производство полного цикла на Урале.<br />- Гарантия 3 года, срок службы до 5 лет.<br />- Простой монтаж, крепёж в комплекте.<br />- Бренд УСВЕТА — проверенное качество в массовом сегменте.<br /><br /><br />Сертификаты соответствия и декларации о соответствии на продукцию: <a href=""https://usveta.ru/cerificate"" target=""_blank"" rel=""noopener"">https://usveta.ru/cerificate</a>";https://static.tildacdn.com/stor3737-3063-4765-a636-636663656530/33fa8ffc568f5552b2520bca24d5b110.jpg;1480.00;0;2499;;;mO49oDNdVFB0ccInbBkY;;6;E27;"металл, пластик";Белый;"15Вт (напряжение 220В)";"Под планку";;"3 года (срок эксплуатации 5 лет)";Россия;;;;;;900;570;180;65;"Люстра потолочная, 6хE27, белый, арт. 2850/6 | УСВЕТА";"Люстра потолочная, белый. 6 рожков с цоколем E27, площадь освещения до 22 м?, мощность до 15 Вт. Подходит для кухни, спальни, гостиной и зала. Производство и гарантия УСВЕТА.";"люстра потолочная, люстра, люстра на кухню, люстра в спальню, люстра в зал, люстра в гостиную, люстра белый, купить люстру, люстра для натяжного потолка";"Потолочная люстра, белый — УСВЕТА";"Потолочная люстра (белый) от производителя. Подходит для кухни, гостиной, спальни и зала. Гарантия завода, доставка по России."
552609104973;УСВЕТА;"2850/6 Золото";;Люстры;"Люстра потолочная трансформер, светильник потолочный УСВЕТА Лофт Минимализм Золото, 6 ламп, Е27, 40 вт";"Потолочная люстра в стиле лофт, золото, 6 рожков E27. Освещение до 22 м?. Подходит для кухни, гостиной, спальни и зала. Производство УСВЕТА.";"<strong>Потолочная люстра в стиле лофт, золото</strong> — практичное и стильное решение для кухни, гостиной, спальни и зала.<br /><br /><strong>Характеристики:</strong><br />- Цвет: золото<br />- Материал: металл, пластик<br />- Количество ламп: 6 шт., цоколь E27<br />- Допустимая мощность: 15Вт (напряжение 220В)<br />- Площадь освещения: до 22 м?<br /><br /><strong>Преимущества:</strong><br />- Собственное производство полного цикла на Урале.<br />- Гарантия 3 года, срок службы до 5 лет.<br />- Простой монтаж, крепёж в комплекте.<br />- Бренд УСВЕТА — проверенное качество в массовом сегменте.<br /><br /><br />Сертификаты соответствия и декларации о соответствии на продукцию: <a href=""https://usveta.ru/cerificate"" target=""_blank"" rel=""noopener"">https://usveta.ru/cerificate</a>";https://static.tildacdn.com/stor3062-3630-4262-b865-303539346234/0a959ddd7df3dd85e4d7fb8668e10c60.jpg;1826.00;50;2999;;;TS0FdDyH1ClLnpnCk58x;;6;E27;"металл, пластик";Золото;"15Вт (напряжение 220В)";"Под планку";;"3 года (срок эксплуатации 5 лет)";Россия;;;;;;970;570;180;65;"Люстра потолочная лофт, 6хE27, золото, арт. 2850/6 | УСВЕТА";"Люстра потолочная лофт, золото. 6 рожков с цоколем E27, площадь освещения до 22 м?, мощность до 15 Вт. Подходит для кухни, спальни, гостиной и зала. Производство и гарантия УСВЕТА.";"люстра потолочная, люстра, люстра на кухню, люстра в спальню, люстра в зал, люстра в гостиную, люстра золото, купить люстру, люстра для натяжного потолка";"Потолочная люстра в стиле лофт, золото — УСВЕТА";"Потолочная люстра в стиле лофт (золото) от производителя. Подходит для кухни, гостиной, спальни и зала. Гарантия завода, доставка по России."
273224828353;УСВЕТА;"2850/6 Черный";;Люстры;"Люстра потолочная трансформер, светильник потолочный УСВЕТА Лофт Минимализм Черная, 6 ламп, Е27, 40 вт";"Потолочная люстра в стиле лофт, чёрный, 6 рожков E27. Освещение до 22 м?. Подходит для кухни, гостиной, спальни и зала. Производство УСВЕТА.";"<strong>Потолочная люстра в стиле лофт, чёрный</strong> — практичное и стильное решение для кухни, гостиной, спальни и зала.<br /><br /><strong>Характеристики:</strong><br />- Цвет: чёрный<br />- Материал: металл, пластик<br />- Количество ламп: 6 шт., цоколь E27<br />- Допустимая мощность: 15Вт (напряжение 220В)<br />- Площадь освещения: до 22 м?<br /><br /><strong>Преимущества:</strong><br />- Собственное производство полного цикла на Урале.<br />- Гарантия 3 года, срок службы до 5 лет.<br />- Простой монтаж, крепёж в комплекте.<br />- Бренд УСВЕТА — проверенное качество в массовом сегменте.<br /><br /><br />Сертификаты соответствия и декларации о соответствии на продукцию: <a href=""https://usveta.ru/cerificate"" target=""_blank"" rel=""noopener"">https://usveta.ru/cerificate</a>";https://static.tildacdn.com/stor3034-6366-4063-a539-666537613135/0ba93c30f63247b4b6489b703d224f37.jpg;1464.00;50;2499;;;vgN9mhjhkB8TycfaxXts;;6;E27;"металл, пластик";Черный;"15Вт (напряжение 220В)";"Под планку";;"3 года (срок эксплуатации 5 лет)";Россия;;;;;;900;570;180;65;"Люстра потолочная лофт, 6хE27, чёрный, арт. 2850/6 | УСВЕТА";"Люстра потолочная лофт, чёрный. 6 рожков с цоколем E27, площадь освещения до 22 м?, мощность до 15 Вт. Подходит для кухни, спальни, гостиной и зала. Производство и гарантия УСВЕТА.";"люстра потолочная, люстра, люстра на кухню, люстра в спальню, люстра в зал, люстра в гостиную, люстра чёрный, купить люстру, люстра для натяжного потолка";"Потолочная люстра в стиле лофт, чёрный — УСВЕТА";"Потолочная люстра в стиле лофт (чёрный) от производителя. Подходит для кухни, гостиной, спальни и зала. Гарантия завода, доставка по России."
300393658483;УСВЕТА;"4019/1 Белый";;Люстры;"Люстра потолочная, белый, 1хE27 — освещение до 8 м? | УСВЕТА";"Потолочная люстра под хрусталь, белый, 1 рожок E27. Освещение до 6 м?. Подходит для кухни, гостиной, спальни и зала. Производство УСВЕТА.";"<strong>Потолочная люстра под хрусталь, белый</strong> — практичное и стильное решение для кухни, гостиной, спальни и зала.<br /><br /><strong>Характеристики:</strong><br />- Цвет: белый<br />- Материал: металл, пластик<br />- Количество ламп: 1 шт., цоколь E27<br />- Допустимая мощность: 15Вт (напряжение 220В)<br />- Площадь освещения: до 6 м?<br /><br /><strong>Преимущества:</strong><br />- Собственное производство полного цикла на Урале.<br />- Гарантия 3 года, срок службы до 5 лет.<br />- Простой монтаж, крепёж в комплекте.<br />- Бренд УСВЕТА — проверенное качество в массовом сегменте.<br /><br /><br />Сертификаты соответствия и декларации о соответствии на продукцию: <a href=""https://usveta.ru/cerificate"" target=""_blank"" rel=""noopener"">https://usveta.ru/cerificate</a>";https://static.tildacdn.com/stor6132-6235-4734-a163-663538323033/968f8fafc4dc8c1f2e1cec7bb08833ca.jpg;983.00;2;1499;;;sTONmeNgKb59HeFHs3Un;;1;E27;"металл, пластик";Белый;"15Вт (напряжение 220В)";"Под планку";"141х150х141 мм";"3 года (срок эксплуатации 5 лет)";Россия;;;;;;480;180;125;125;"Люстра потолочная под хрусталь, 1хE27, белый, арт. 4019/1 | УСВЕТА";"Люстра потолочная под хрусталь, белый. 1 рожок с цоколем E27, площадь освещения до 6 м?, мощность до 15 Вт. Подходит для кухни, спальни, гостиной и зала. Производство и гарантия УСВЕТА.";"люстра потолочная, люстра, люстра на кухню, люстра в спальню, люстра в зал, люстра в гостиную, люстра белый, купить люстру, люстра для натяжного потолка";"Потолочная люстра под хрусталь, белый — УСВЕТА";"Потолочная люстра под хрусталь (белый) от производителя. Подходит для кухни, гостиной, спальни и зала. Гарантия завода, доставка по России."
246984299983;УСВЕТА;"4019/1 Хром";;Люстры;"Люстра потолочная, хромированный, 1хE27 — освещение до 8 м? | УСВЕТА";"Потолочная люстра под хрусталь, хром, 1 рожок E27. Освещение до 6 м?. Подходит для кухни, гостиной, спальни и зала. Производство УСВЕТА.";"<strong>Потолочная люстра под хрусталь, хром</strong> — практичное и стильное решение для кухни, гостиной, спальни и зала.<br /><br /><strong>Характеристики:</strong><br />- Цвет: хром<br />- Материал: металл, пластик<br />- Количество ламп: 1 шт., цоколь E27<br />- Допустимая мощность: 15Вт (напряжение 220В)<br />- Площадь освещения: до 6 м?<br /><br /><strong>Преимущества:</strong><br />- Собственное производство полного цикла на Урале.<br />- Гарантия 3 года, срок службы до 5 лет.<br />- Простой монтаж, крепёж в комплекте.<br />- Бренд УСВЕТА — проверенное качество в массовом сегменте.<br /><br /><br />Сертификаты соответствия и декларации о соответствии на продукцию: <a href=""https://usveta.ru/cerificate"" target=""_blank"" rel=""noopener"">https://usveta.ru/cerificate</a>";https://static.tildacdn.com/stor3037-6330-4439-b761-363735653936/e5bef1d5712eeef97eaf41d27e18d31a.jpg;1023.00;17;1999;;;M9JZmgmT7iYAxpuC7eiN;;1;E27;"металл, пластик";Хром;"15Вт (напряжение 220В)";"Под планку";"141х150х141 мм";"3 года (срок эксплуатации 5 лет)";Россия;;;;;;480;180;125;125;"Люстра потолочная под хрусталь, 1хE27, хром, арт. 4019/1 | УСВЕТА";"Люстра потолочная под хрусталь, хром. 1 рожок с цоколем E27, площадь освещения до 6 м?, мощность до 15 Вт. Подходит для кухни, спальни, гостиной и зала. Производство и гарантия УСВЕТА.";"люстра потолочная, люстра, люстра на кухню, люстра в спальню, люстра в зал, люстра в гостиную, люстра хром, купить люстру, люстра для натяжного потолка";"Потолочная люстра под хрусталь, хром — УСВЕТА";"Потолочная люстра под хрусталь (хром) от производителя. Подходит для кухни, гостиной, спальни и зала. Гарантия завода, доставка по России."
631600176143;УСВЕТА;"4019/1 Черный";;Люстры;"Люстра потолочная, чёрный, 1хE27 — освещение до 8 м? | УСВЕТА";"Потолочная люстра под хрусталь, чёрный, 1 рожок E27. Освещение до 6 м?. Подходит для кухни, гостиной, спальни и зала. Производство УСВЕТА.";"<strong>Потолочная люстра под хрусталь, чёрный</strong> — практичное и стильное решение для кухни, гостиной, спальни и зала.<br /><br /><strong>Характеристики:</strong><br />- Цвет: чёрный<br />- Материал: металл, пластик<br />- Количество ламп: 1 шт., цоколь E27<br />- Допустимая мощность: 15Вт (напряжение 220В)<br />- Площадь освещения: до 6 м?<br /><br /><strong>Преимущества:</strong><br />- Собственное производство полного цикла на Урале.<br />- Гарантия 3 года, срок службы до 5 лет.<br />- Простой монтаж, крепёж в комплекте.<br />- Бренд УСВЕТА — проверенное качество в массовом сегменте.<br /><br /><br />Сертификаты соответствия и декларации о соответствии на продукцию: <a href=""https://usveta.ru/cerificate"" target=""_blank"" rel=""noopener"">https://usveta.ru/cerificate</a>";https://static.tildacdn.com/stor3730-3637-4833-b530-316166333232/8be2a54f77a1414cf89ca42d8142b67b.jpg;970.00;21;1499;;;ciBxbYpKKuphljNn01oP;;1;E27;"металл, пластик";Черный;"15Вт (напряжение 220В)";"Под планку";"141х150х141 мм";"3 года (срок эксплуатации 5 лет)";Россия;;;;;;480;180;125;125;"Люстра потолочная под хрусталь, 1хE27, чёрный, арт. 4019/1 | УСВЕТА";"Люстра потолочная под хрусталь, чёрный. 1 рожок с цоколем E27, площадь освещения до 6 м?, мощность до 15 Вт. Подходит для кухни, спальни, гостиной и зала. Производство и гарантия УСВЕТА.";"люстра потолочная, люстра, люстра на кухню, люстра в спальню, люстра в зал, люстра в гостиную, люстра чёрный, купить люстру, люстра для натяжного потолка";"Потолочная люстра под хрусталь, чёрный — УСВЕТА";"Потолочная люстра под хрусталь (чёрный) от производителя. Подходит для кухни, гостиной, спальни и зала. Гарантия завода, доставка по России."
529180519723;УСВЕТА;"4020/1 Белый";;Люстры;"Люстра потолочная, белый, 1хE27 — освещение до 8 м? | УСВЕТА";"Потолочная люстра под хрусталь, белый, 1 рожок E27. Освещение до 6 м?. Подходит для кухни, гостиной, спальни и зала. Производство УСВЕТА.";"<strong>Потолочная люстра под хрусталь, белый</strong> — практичное и стильное решение для кухни, гостиной, спальни и зала.<br /><br /><strong>Характеристики:</strong><br />- Цвет: белый<br />- Материал: металл, пластик<br />- Количество ламп: 1 шт., цоколь E27<br />- Допустимая мощность: 15Вт (напряжение 220В)<br />- Площадь освещения: до 6 м?<br /><br /><strong>Преимущества:</strong><br />- Собственное производство полного цикла на Урале.<br />- Гарантия 3 года, срок службы до 5 лет.<br />- Простой монтаж, крепёж в комплекте.<br />- Бренд УСВЕТА — проверенное качество в массовом сегменте.<br /><br /><br />Сертификаты соответствия и декларации о соответствии на продукцию: <a href=""https://usveta.ru/cerificate"" target=""_blank"" rel=""noopener"">https://usveta.ru/cerificate</a>";https://static.tildacdn.com/stor3664-3863-4338-b364-313438336462/3ae9afaf8e3c57f9c064991bca5be863.jpg;1003.00;3;1999;;;uKsDvblKJDHGaPgAOpMp;;1;E27;"металл, пластик";Белый;"15Вт (напряжение 220В)";"Под планку";"141х150х141 мм";"3 года (срок эксплуатации 5 лет)";Россия;;;;;;520;180;125;125;"Люстра потолочная под хрусталь, 1хE27, белый, арт. 4020/1 | УСВЕТА";"Люстра потолочная под хрусталь, белый. 1 рожок с цоколем E27, площадь освещения до 6 м?, мощность до 15 Вт. Подходит для кухни, спальни, гостиной и зала. Производство и гарантия УСВЕТА.";"люстра потолочная, люстра, люстра на кухню, люстра в спальню, люстра в зал, люстра в гостиную, люстра белый, купить люстру, люстра для натяжного потолка";"Потолочная люстра под хрусталь, белый — УСВЕТА";"Потолочная люстра под хрусталь (белый) от производителя. Подходит для кухни, гостиной, спальни и зала. Гарантия завода, доставка по России."
797702455013;УСВЕТА;"4020/1 Хром";;Люстры;"Люстра потолочная, хромированный, 1хE27 — освещение до 8 м? | УСВЕТА";"Потолочная люстра под хрусталь, хром, 1 рожок E27. Освещение до 6 м?. Подходит для кухни, гостиной, спальни и зала. Производство УСВЕТА.";"<strong>Потолочная люстра под хрусталь, хром</strong> — практичное и стильное решение для кухни, гостиной, спальни и зала.<br /><br /><strong>Характеристики:</strong><br />- Цвет: хром<br />- Материал: металл, пластик<br />- Количество ламп: 1 шт., цоколь E27<br />- Допустимая мощность: 15Вт (напряжение 220В)<br />- Площадь освещения: до 6 м?<br /><br /><strong>Преимущества:</strong><br />- Собственное производство полного цикла на Урале.<br />- Гарантия 3 года, срок службы до 5 лет.<br />- Простой монтаж, крепёж в комплекте.<br />- Бренд УСВЕТА — проверенное качество в массовом сегменте.<br /><br /><br />Сертификаты соответствия и декларации о соответствии на продукцию: <a href=""https://usveta.ru/cerificate"" target=""_blank"" rel=""noopener"">https://usveta.ru/cerificate</a>";https://static.tildacdn.com/stor3464-3634-4538-b735-383634326230/43800563dcc36c69395d4b0de17ec4a6.jpg;1037.00;3;1999;;;3j5CC6VjT3DsnVyiGFa1;;1;E27;"металл, пластик";Хром;"15Вт (напряжение 220В)";"Под планку";"141х150х141 мм";"3 года (срок эксплуатации 5 лет)";Россия;;;;;;520;180;125;125;"Люстра потолочная под хрусталь, 1хE27, хром, арт. 4020/1 | УСВЕТА";"Люстра потолочная под хрусталь, хром. 1 рожок с цоколем E27, площадь освещения до 6 м?, мощность до 15 Вт. Подходит для кухни, спальни, гостиной и зала. Производство и гарантия УСВЕТА.";"люстра потолочная, люстра, люстра на кухню, люстра в спальню, люстра в зал, люстра в гостиную, люстра хром, купить люстру, люстра для натяжного потолка";"Потолочная люстра под хрусталь, хром — УСВЕТА";"Потолочная люстра под хрусталь (хром) от производителя. Подходит для кухни, гостиной, спальни и зала. Гарантия завода, доставка по России."
131109672843;УСВЕТА;"4020/1 Черный";;Люстры;"Люстра потолочная, чёрный, 1хE27 — освещение до 8 м? | УСВЕТА";"Потолочная люстра под хрусталь, чёрный, 1 рожок E27. Освещение до 6 м?. Подходит для кухни, гостиной, спальни и зала. Производство УСВЕТА.";"<strong>Потолочная люстра под хрусталь, чёрный</strong> — практичное и стильное решение для кухни, гостиной, спальни и зала.<br /><br /><strong>Характеристики:</strong><br />- Цвет: чёрный<br />- Материал: металл, пластик<br />- Количество ламп: 1 шт., цоколь E27<br />- Допустимая мощность: 15Вт (напряжение 220В)<br />- Площадь освещения: до 6 м?<br /><br /><strong>Преимущества:</strong><br />- Собственное производство полного цикла на Урале.<br />- Гарантия 3 года, срок службы до 5 лет.<br />- Простой монтаж, крепёж в комплекте.<br />- Бренд УСВЕТА — проверенное качество в массовом сегменте.<br /><br /><br />Сертификаты соответствия и декларации о соответствии на продукцию: <a href=""https://usveta.ru/cerificate"" target=""_blank"" rel=""noopener"">https://usveta.ru/cerificate</a>";https://static.tildacdn.com/stor6265-6262-4631-a636-613630633832/1eb692947178d58336173c5e18b9c105.jpg;986.00;15;1499;;;SocPNroc1dLchi6JuogG;;1;E27;"металл, пластик";Черный;"15Вт (напряжение 220В)";"Под планку";"141х150х141 мм";"3 года (срок эксплуатации 5 лет)";Россия;;;;;;520;180;125;125;"Люстра потолочная под хрусталь, 1хE27, чёрный, арт. 4020/1 | УСВЕТА";"Люстра потолочная под хрусталь, чёрный. 1 рожок с цоколем E27, площадь освещения до 6 м?, мощность до 15 Вт. Подходит для кухни, спальни, гостиной и зала. Производство и гарантия УСВЕТА.";"люстра потолочная, люстра, люстра на кухню, люстра в спальню, люстра в зал, люстра в гостиную, люстра чёрный, купить люстру, люстра для натяжного потолка";"Потолочная люстра под хрусталь, чёрный — УСВЕТА";"Потолочная люстра под хрусталь (чёрный) от производителя. Подходит для кухни, гостиной, спальни и зала. Гарантия завода, доставка по России."
452293271083;УСВЕТА;"4134/3 Белый";;Люстры;"Люстра потолочная на кухню, в спальню, в гостиную УСВЕТА 3 ламп Классическая Белая";"Потолочная люстра, белый, 3 рожка E27. Освещение до 14 м?. Подходит для кухни, гостиной, спальни и зала. Производство УСВЕТА.";"<strong>Потолочная люстра, белый</strong> — практичное и стильное решение для кухни, гостиной, спальни и зала.<br /><br /><strong>Характеристики:</strong><br />- Цвет: белый<br />- Материал: металл, пластик<br />- Количество ламп: 3 шт., цоколь E27<br />- Допустимая мощность: 15Вт (напряжение 220В)<br />- Площадь освещения: до 14 м?<br /><br /><strong>Преимущества:</strong><br />- Собственное производство полного цикла на Урале.<br />- Гарантия 3 года, срок службы до 5 лет.<br />- Простой монтаж, крепёж в комплекте.<br />- Бренд УСВЕТА — проверенное качество в массовом сегменте.<br /><br /><br />Сертификаты соответствия и декларации о соответствии на продукцию: <a href=""https://usveta.ru/cerificate"" target=""_blank"" rel=""noopener"">https://usveta.ru/cerificate</a>";https://static.tildacdn.com/stor3239-6339-4562-a136-343736636330/2d38464cfc31eafa286e0f60e531807c.jpg;1206.00;50;1999;;;niFBMJVKjiJ4saUxc9UK;;3;E27;"металл, пластик";Белый;"15Вт (напряжение 220В)";"Под планку";"110х100х110 мм";"3 года (срок эксплуатации 5 лет)";Россия;;;;;;790;220;220;210;"Люстра потолочная, 3хE27, белый, арт. 4134/3 | УСВЕТА";"Люстра потолочная, белый. 3 рожка с цоколем E27, площадь освещения до 14 м?, мощность до 15 Вт. Подходит для кухни, спальни, гостиной и зала. Производство и гарантия УСВЕТА.";"люстра потолочная, люстра, люстра на кухню, люстра в спальню, люстра в зал, люстра в гостиную, люстра белый, купить люстру, люстра для натяжного потолка";"Потолочная люстра, белый — УСВЕТА";"Потолочная люстра (белый) от производителя. Подходит для кухни, гостиной, спальни и зала. Гарантия завода, доставка по России."
500712672403;УСВЕТА;"4134/3 Черный";;Люстры;"Люстра потолочная на кухню, в спальню, в гостиную УСВЕТА 3 ламп Классическая Черная";"Потолочная люстра, чёрный, 3 рожка E27. Освещение до 14 м?. Подходит для кухни, гостиной, спальни и зала. Производство УСВЕТА.";"<strong>Потолочная люстра, чёрный</strong> — практичное и стильное решение для кухни, гостиной, спальни и зала.<br /><br /><strong>Характеристики:</strong><br />- Цвет: чёрный<br />- Материал: металл, пластик<br />- Количество ламп: 3 шт., цоколь E27<br />- Допустимая мощность: 15Вт (напряжение 220В)<br />- Площадь освещения: до 14 м?<br /><br /><strong>Преимущества:</strong><br />- Собственное производство полного цикла на Урале.<br />- Гарантия 3 года, срок службы до 5 лет.<br />- Простой монтаж, крепёж в комплекте.<br />- Бренд УСВЕТА — проверенное качество в массовом сегменте.<br /><br /><br />Сертификаты соответствия и декларации о соответствии на продукцию: <a href=""https://usveta.ru/cerificate"" target=""_blank"" rel=""noopener"">https://usveta.ru/cerificate</a>";https://static.tildacdn.com/stor3531-3539-4034-a261-616135313237/96cfba23161353cda1c32b458106f9fe.jpg;1201.00;50;1999;;;ZNV8UPbX7Et6s70BoVJi;;3;E27;"металл, пластик";Черный;"15Вт (напряжение 220В)";"Под планку";"110х100х110 мм";"3 года (срок эксплуатации 5 лет)";Россия;;;;;;790;220;220;210;"Люстра потолочная, 3хE27, чёрный, арт. 4134/3 | УСВЕТА";"Люстра потолочная, чёрный. 3 рожка с цоколем E27, площадь освещения до 14 м?, мощность до 15 Вт. Подходит для кухни, спальни, гостиной и зала. Производство и гарантия УСВЕТА.";"люстра потолочная, люстра, люстра на кухню, люстра в спальню, люстра в зал, люстра в гостиную, люстра чёрный, купить люстру, люстра для натяжного потолка";"Потолочная люстра, чёрный — УСВЕТА";"Потолочная люстра (чёрный) от производителя. Подходит для кухни, гостиной, спальни и зала. Гарантия завода, доставка по России."
469655793123;УСВЕТА;"1016/1 Белый";Хит;Бра;"Бра, настенный светильник УСВЕТА Черный, 15 Вт";"Настенное бра, белый. Освещение до 8 м?. Подходит в спальню, над кроватью, в гостиную и коридор. Производство УСВЕТА.";"<strong>Настенное бра, белый</strong> — компактный настенный свет в спальню, над кроватью, в гостиную и коридор.<br /><br /><strong>Характеристики:</strong><br />- Цвет: белый<br />- Материал: металл, пластик<br />- Количество ламп: 1 шт., цоколь E27<br />- Допустимая мощность: 15Вт (напряжение 220В)<br />- Площадь освещения: до 8 м?<br /><br /><strong>Преимущества:</strong><br />- Собственное производство полного цикла на Урале.<br />- Гарантия 3 года, срок службы до 5 лет.<br />- Простой монтаж, крепёж в комплекте.<br />- Бренд УСВЕТА — проверенное качество в массовом сегменте.<br /><br /><br />Сертификаты соответствия и декларации о соответствии на продукцию: <a href=""https://usveta.ru/cerificate"" target=""_blank"" rel=""noopener"">https://usveta.ru/cerificate</a>";https://static.tildacdn.com/stor6431-6432-4736-a632-616634333333/deb0cdf571e9a443c18641e5a10a69ae.jpg;361.00;50;999;;;9702gM2Xrl2x4bNGFrCC;;1;E27;"металл, пластик";Белый;"15Вт (напряжение 220В)";"Под планку";"98х140х98 мм";"3 года (срок эксплуатации 5 лет)";Россия;;;;;;220;120;120;145;"Бра настенный светильник, белый, арт. 1016/1 | УСВЕТА";"Бра настенный светильник, белый. Площадь освещения до 8 м?, мощность до 15 Вт. Подходит в спальню, над кроватью и в коридор. Производство и гарантия УСВЕТА.";"бра настенные, бра, бра на стену, светильник настенный бра, настенный светильник, бра настенные светильники, бра белый, купить бра";"Настенное бра, белый — УСВЕТА";"Настенное бра (белый) от производителя. Подходит в спальню, над кроватью, в гостиную и коридор. Гарантия завода, доставка по России."
322100559843;УСВЕТА;"1016/1 Черный";Хит;Бра;"Бра, настенный светильник УСВЕТА Черный, 15 Вт";"Настенное бра, чёрный. Освещение до 8 м?. Подходит в спальню, над кроватью, в гостиную и коридор. Производство УСВЕТА.";"<strong>Настенное бра, чёрный</strong> — компактный настенный свет в спальню, над кроватью, в гостиную и коридор.<br /><br /><strong>Характеристики:</strong><br />- Цвет: чёрный<br />- Материал: металл, пластик<br />- Количество ламп: 1 шт., цоколь E27<br />- Допустимая мощность: 15Вт (напряжение 220В)<br />- Площадь освещения: до 8 м?<br /><br /><strong>Преимущества:</strong><br />- Собственное производство полного цикла на Урале.<br />- Гарантия 3 года, срок службы до 5 лет.<br />- Простой монтаж, крепёж в комплекте.<br />- Бренд УСВЕТА — проверенное качество в массовом сегменте.<br /><br /><br />Сертификаты соответствия и декларации о соответствии на продукцию: <a href=""https://usveta.ru/cerificate"" target=""_blank"" rel=""noopener"">https://usveta.ru/cerificate</a>";https://static.tildacdn.com/stor3062-3362-4662-b162-363531356439/a79636c7788b53342786322367a5c022.jpg;360.00;50;999;;;X4OkFcTnDHLoXI4PSrD3;;1;E27;"металл, пластик";Черный;"15Вт (напряжение 220В)";"Под планку";"98х140х98 мм";"3 года (срок эксплуатации 5 лет)";Россия;;;;;;220;120;120;145;"Бра настенный светильник, чёрный, арт. 1016/1 | УСВЕТА";"Бра настенный светильник, чёрный. Площадь освещения до 8 м?, мощность до 15 Вт. Подходит в спальню, над кроватью и в коридор. Производство и гарантия УСВЕТА.";"бра настенные, бра, бра на стену, светильник настенный бра, настенный светильник, бра настенные светильники, бра чёрный, купить бра";"Настенное бра, чёрный — УСВЕТА";"Настенное бра (чёрный) от производителя. Подходит в спальню, над кроватью, в гостиную и коридор. Гарантия завода, доставка по России."
230072718803;УСВЕТА;"10400 Муар Белый";;"Бра;Акции>>>Со скидкой;Акции";"Спот потолочный УСВЕТА Лофт Одиночный Белый GU10, 40 Вт";"Настенное бра в стиле лофт, белый. Освещение до 7 м?. Подходит в спальню, над кроватью, в гостиную и коридор. Производство УСВЕТА.";"<strong>Настенное бра в стиле лофт, белый</strong> — компактный настенный свет в спальню, над кроватью, в гостиную и коридор.<br /><br /><strong>Характеристики:</strong><br />- Цвет: белый<br />- Материал: металл, пластик<br />- Количество ламп: 1 шт., цоколь GU10<br />- Допустимая мощность: 15Вт (напряжение 220В)<br />- Площадь освещения: до 7 м?<br /><br /><strong>Преимущества:</strong><br />- Собственное производство полного цикла на Урале.<br />- Гарантия 3 года, срок службы до 5 лет.<br />- Простой монтаж, крепёж в комплекте.<br />- Бренд УСВЕТА — проверенное качество в массовом сегменте.<br /><br /><br />Сертификаты соответствия и декларации о соответствии на продукцию: <a href=""https://usveta.ru/cerificate"" target=""_blank"" rel=""noopener"">https://usveta.ru/cerificate</a>";https://static.tildacdn.com/stor3935-6336-4062-a163-343735393033/c99b6b6a2e3fa75a6a647a70d12bdc9e.jpg;664.00;41;999;;;gbiG8yVsGfgtxiryOtsK;;1;GU10;"металл, пластик";Белый;"15Вт (напряжение 220В)";"Под планку";"54х102х54 мм";"3 года (срок эксплуатации 5 лет)";Россия;;;;;;100;65;63;136;"Бра настенный светильник лофт, белый, арт. 10400 | УСВЕТА";"Бра настенный светильник лофт, белый. Площадь освещения до 7 м?, мощность до 15 Вт. Подходит в спальню, над кроватью и в коридор. Производство и гарантия УСВЕТА.";"бра настенные, бра, бра на стену, светильник настенный бра, настенный светильник, бра настенные светильники, бра белый, купить бра";"Настенное бра в стиле лофт, белый — УСВЕТА";"Настенное бра в стиле лофт (белый) от производителя. Подходит в спальню, над кроватью, в гостиную и коридор. Гарантия завода, доставка по России."
839875561163;УСВЕТА;"10400 Муар Черный";;"Бра;Акции>>>Со скидкой;Акции";"Спот потолочный УСВЕТА Лофт Черный GU10, 40 Вт";"Настенное бра в стиле лофт, чёрный. Освещение до 7 м?. Подходит в спальню, над кроватью, в гостиную и коридор. Производство УСВЕТА.";"<strong>Настенное бра в стиле лофт, чёрный</strong> — компактный настенный свет в спальню, над кроватью, в гостиную и коридор.<br /><br /><strong>Характеристики:</strong><br />- Цвет: чёрный<br />- Материал: металл, пластик<br />- Количество ламп: 1 шт., цоколь GU10<br />- Допустимая мощность: 15Вт (напряжение 220В)<br />- Площадь освещения: до 7 м?<br /><br /><strong>Преимущества:</strong><br />- Собственное производство полного цикла на Урале.<br />- Гарантия 3 года, срок службы до 5 лет.<br />- Простой монтаж, крепёж в комплекте.<br />- Бренд УСВЕТА — проверенное качество в массовом сегменте.<br /><br /><br />Сертификаты соответствия и декларации о соответствии на продукцию: <a href=""https://usveta.ru/cerificate"" target=""_blank"" rel=""noopener"">https://usveta.ru/cerificate</a>";https://static.tildacdn.com/stor3331-3661-4730-b861-666239616136/3abd8b32bb8e41a2f2387ca5ad7fbf0c.jpg;645.00;45;999;;;5rBdejGrnXFFXTcjBs1O;;1;GU10;"металл, пластик";Черный;"15Вт (напряжение 220В)";"Под планку";"54х102х54 мм";"3 года (срок эксплуатации 5 лет)";Россия;;;;;;100;65;63;136;"Бра настенный светильник лофт, чёрный, арт. 10400 | УСВЕТА";"Бра настенный светильник лофт, чёрный. Площадь освещения до 7 м?, мощность до 15 Вт. Подходит в спальню, над кроватью и в коридор. Производство и гарантия УСВЕТА.";"бра настенные, бра, бра на стену, светильник настенный бра, настенный светильник, бра настенные светильники, бра чёрный, купить бра";"Настенное бра в стиле лофт, чёрный — УСВЕТА";"Настенное бра в стиле лофт (чёрный) от производителя. Подходит в спальню, над кроватью, в гостиную и коридор. Гарантия завода, доставка по России."
962690637303;УСВЕТА;"10401 Муар Белый";;"Бра;Акции>>>Со скидкой;Акции";"Светильник потолочный GU10 / Спот настенный / белый УСВЕТА Лофт, 40 Вт";"Настенное бра в стиле лофт, белый. Освещение до 7 м?. Подходит в спальню, над кроватью, в гостиную и коридор. Производство УСВЕТА.";"<strong>Настенное бра в стиле лофт, белый</strong> — компактный настенный свет в спальню, над кроватью, в гостиную и коридор.<br /><br /><strong>Характеристики:</strong><br />- Цвет: белый<br />- Материал: металл, пластик<br />- Количество ламп: 1 шт., цоколь GU10<br />- Допустимая мощность: 15Вт (напряжение 220В)<br />- Площадь освещения: до 7 м?<br /><br /><strong>Преимущества:</strong><br />- Собственное производство полного цикла на Урале.<br />- Гарантия 3 года, срок службы до 5 лет.<br />- Простой монтаж, крепёж в комплекте.<br />- Бренд УСВЕТА — проверенное качество в массовом сегменте.<br /><br /><br />Сертификаты соответствия и декларации о соответствии на продукцию: <a href=""https://usveta.ru/cerificate"" target=""_blank"" rel=""noopener"">https://usveta.ru/cerificate</a>";https://static.tildacdn.com/stor3064-3639-4761-b864-346136646435/f553a9c13408e479f8698130bb233d16.jpg;857.00;0;1499;;;N4jETz0SL7uxBMp0P2gA;;1;GU10;"металл, пластик";Белый;"15Вт (напряжение 220В)";"Под планку";"54х102х54 мм";"3 года (срок эксплуатации 5 лет)";Россия;;;;;;190;65;63;136;"Бра настенный светильник лофт, белый, арт. 10401 | УСВЕТА";"Бра настенный светильник лофт, белый. Площадь освещения до 7 м?, мощность до 15 Вт. Подходит в спальню, над кроватью и в коридор. Производство и гарантия УСВЕТА.";"бра настенные, бра, бра на стену, светильник настенный бра, настенный светильник, бра настенные светильники, бра белый, купить бра";"Настенное бра в стиле лофт, белый — УСВЕТА";"Настенное бра в стиле лофт (белый) от производителя. Подходит в спальню, над кроватью, в гостиную и коридор. Гарантия завода, доставка по России."
415076405033;УСВЕТА;"10401 Муар Черный";;"Бра;Акции>>>Со скидкой;Акции";"Спот настенно-потолочный УСВЕТА Лофт Черный GU10, 40 Вт";"Настенное бра в стиле лофт, чёрный. Освещение до 7 м?. Подходит в спальню, над кроватью, в гостиную и коридор. Производство УСВЕТА.";"<strong>Настенное бра в стиле лофт, чёрный</strong> — компактный настенный свет в спальню, над кроватью, в гостиную и коридор.<br /><br /><strong>Характеристики:</strong><br />- Цвет: чёрный<br />- Материал: металл, пластик<br />- Количество ламп: 1 шт., цоколь GU10<br />- Допустимая мощность: 15Вт (напряжение 220В)<br />- Площадь освещения: до 7 м?<br /><br /><strong>Преимущества:</strong><br />- Собственное производство полного цикла на Урале.<br />- Гарантия 3 года, срок службы до 5 лет.<br />- Простой монтаж, крепёж в комплекте.<br />- Бренд УСВЕТА — проверенное качество в массовом сегменте.<br /><br /><br />Сертификаты соответствия и декларации о соответствии на продукцию: <a href=""https://usveta.ru/cerificate"" target=""_blank"" rel=""noopener"">https://usveta.ru/cerificate</a>";https://static.tildacdn.com/stor6635-6463-4261-b835-663864653837/8c0a25c26eded49d8b224ec5b076c98b.jpg;836.00;13;1499;;;fEA8ZjUAIPRKg4ATpgy9;;1;GU10;"металл, пластик";Черный;"15Вт (напряжение 220В)";"Под планку";"54х102х54 мм";"3 года (срок эксплуатации 5 лет)";Россия;;;;;;190;65;63;136;"Бра настенный светильник лофт, чёрный, арт. 10401 | УСВЕТА";"Бра настенный светильник лофт, чёрный. Площадь освещения до 7 м?, мощность до 15 Вт. Подходит в спальню, над кроватью и в коридор. Производство и гарантия УСВЕТА.";"бра настенные, бра, бра на стену, светильник настенный бра, настенный светильник, бра настенные светильники, бра чёрный, купить бра";"Настенное бра в стиле лофт, чёрный — УСВЕТА";"Настенное бра в стиле лофт (чёрный) от производителя. Подходит в спальню, над кроватью, в гостиную и коридор. Гарантия завода, доставка по России."
431066890733;УСВЕТА;"1628/1 Белый муар";Новинка;Бра;"Светильник бра настенный, белый, Е27";"Настенное бра под хрусталь, белый. Освещение до 6 м?. Подходит в спальню, над кроватью, в гостиную и коридор. Производство УСВЕТА.";"<strong>Настенное бра под хрусталь, белый</strong> — компактный настенный свет в спальню, над кроватью, в гостиную и коридор.<br /><br /><strong>Характеристики:</strong><br />- Цвет: белый<br />- Материал: металл, пластик<br />- Количество ламп: 1 шт., цоколь E27<br />- Допустимая мощность: 15Вт (напряжение 220В)<br />- Площадь освещения: до 6 м?<br /><br /><strong>Преимущества:</strong><br />- Собственное производство полного цикла на Урале.<br />- Гарантия 3 года, срок службы до 5 лет.<br />- Простой монтаж, крепёж в комплекте.<br />- Бренд УСВЕТА — проверенное качество в массовом сегменте.<br /><br /><br />Сертификаты соответствия и декларации о соответствии на продукцию: <a href=""https://usveta.ru/cerificate"" target=""_blank"" rel=""noopener"">https://usveta.ru/cerificate</a>";https://static.tildacdn.com/stor3966-3965-4931-a337-643738663830/230ff897e16f35a346db5726d3ba4a9a.jpg;1026.00;50;1999;;;TIU2bUPR42xVS70MLIMZ;;1;E27;"металл, пластик";Белый;"15Вт (напряжение 220В)";"Под планку";"141х150х141 мм";"3 года (срок эксплуатации 5 лет)";Россия;;;;;;510;180;125;125;"Бра настенный светильник под хрусталь, белый, арт. 1628/1 | УСВЕТА";"Бра настенный светильник под хрусталь, белый. Площадь освещения до 6 м?, мощность до 15 Вт. Подходит в спальню, над кроватью и в коридор. Производство и гарантия УСВЕТА.";"бра настенные, бра, бра на стену, светильник настенный бра, настенный светильник, бра настенные светильники, бра белый, купить бра";"Настенное бра под хрусталь, белый — УСВЕТА";"Настенное бра под хрусталь (белый) от производителя. Подходит в спальню, над кроватью, в гостиную и коридор. Гарантия завода, доставка по России."
191524989483;УСВЕТА;"1628/1 Хром";Новинка;Бра;"Светильник бра настенный, хром, Е27";"Настенное бра под хрусталь, хром. Освещение до 6 м?. Подходит в спальню, над кроватью, в гостиную и коридор. Производство УСВЕТА.";"<strong>Настенное бра под хрусталь, хром</strong> — компактный настенный свет в спальню, над кроватью, в гостиную и коридор.<br /><br /><strong>Характеристики:</strong><br />- Цвет: хром<br />- Материал: металл, пластик<br />- Количество ламп: 1 шт., цоколь E27<br />- Допустимая мощность: 15Вт (напряжение 220В)<br />- Площадь освещения: до 6 м?<br /><br /><strong>Преимущества:</strong><br />- Собственное производство полного цикла на Урале.<br />- Гарантия 3 года, срок службы до 5 лет.<br />- Простой монтаж, крепёж в комплекте.<br />- Бренд УСВЕТА — проверенное качество в массовом сегменте.<br /><br /><br />Сертификаты соответствия и декларации о соответствии на продукцию: <a href=""https://usveta.ru/cerificate"" target=""_blank"" rel=""noopener"">https://usveta.ru/cerificate</a>";https://static.tildacdn.com/stor3739-6336-4064-b537-306533323864/56bf95420c30b16931d792597e1fc35a.jpg;1058.00;50;1999;;;BpJhegSarJbGSGVtd8rM;;1;E27;"металл, пластик";Хром;"15Вт (напряжение 220В)";"Под планку";"141х150х141 мм";"3 года (срок эксплуатации 5 лет)";Россия;;;;;;510;180;125;125;"Бра настенный светильник под хрусталь, хром, арт. 1628/1 | УСВЕТА";"Бра настенный светильник под хрусталь, хром. Площадь освещения до 6 м?, мощность до 15 Вт. Подходит в спальню, над кроватью и в коридор. Производство и гарантия УСВЕТА.";"бра настенные, бра, бра на стену, светильник настенный бра, настенный светильник, бра настенные светильники, бра хром, купить бра";"Настенное бра под хрусталь, хром — УСВЕТА";"Настенное бра под хрусталь (хром) от производителя. Подходит в спальню, над кроватью, в гостиную и коридор. Гарантия завода, доставка по России."
301293250243;УСВЕТА;"1628/1 Черный муар";Новинка;Бра;"Светильник бра настенный, черный, Е27";"Настенное бра под хрусталь, чёрный. Освещение до 6 м?. Подходит в спальню, над кроватью, в гостиную и коридор. Производство УСВЕТА.";"<strong>Настенное бра под хрусталь, чёрный</strong> — компактный настенный свет в спальню, над кроватью, в гостиную и коридор.<br /><br /><strong>Характеристики:</strong><br />- Цвет: чёрный<br />- Материал: металл, пластик<br />- Количество ламп: 1 шт., цоколь E27<br />- Допустимая мощность: 15Вт (напряжение 220В)<br />- Площадь освещения: до 6 м?<br /><br /><strong>Преимущества:</strong><br />- Собственное производство полного цикла на Урале.<br />- Гарантия 3 года, срок службы до 5 лет.<br />- Простой монтаж, крепёж в комплекте.<br />- Бренд УСВЕТА — проверенное качество в массовом сегменте.<br /><br /><br />Сертификаты соответствия и декларации о соответствии на продукцию: <a href=""https://usveta.ru/cerificate"" target=""_blank"" rel=""noopener"">https://usveta.ru/cerificate</a>";https://static.tildacdn.com/stor3232-3565-4762-a465-643036386339/a1e770e644e8cff45e83436535023dee.jpg;1022.00;50;1999;;;RgAixL23jPa7XrE790uv;;1;E27;"металл, пластик";Черный;"15Вт (напряжение 220В)";"Под планку";"141х150х141 мм";"3 года (срок эксплуатации 5 лет)";Россия;;;;;;510;180;125;125;"Бра настенный светильник под хрусталь, чёрный, арт. 1628/1 | УСВЕТА";"Бра настенный светильник под хрусталь, чёрный. Площадь освещения до 6 м?, мощность до 15 Вт. Подходит в спальню, над кроватью и в коридор. Производство и гарантия УСВЕТА.";"бра настенные, бра, бра на стену, светильник настенный бра, настенный светильник, бра настенные светильники, бра чёрный, купить бра";"Настенное бра под хрусталь, чёрный — УСВЕТА";"Настенное бра под хрусталь (чёрный) от производителя. Подходит в спальню, над кроватью, в гостиную и коридор. Гарантия завода, доставка по России."
325470488373;УСВЕТА;"1630/1 Белый";;Бра;"Светильник бра настенный, белый с плафоном под хрусталь, Е27";"Настенное бра под хрусталь, белый. Освещение до 8 м?. Подходит в спальню, над кроватью, в гостиную и коридор. Производство УСВЕТА.";"<strong>Настенное бра под хрусталь, белый</strong> — компактный настенный свет в спальню, над кроватью, в гостиную и коридор.<br /><br /><strong>Характеристики:</strong><br />- Цвет: белый<br />- Материал: металл, пластик<br />- Количество ламп: 1 шт., цоколь E27<br />- Допустимая мощность: 15Вт (напряжение 220В)<br />- Площадь освещения: до 8 м?<br /><br /><strong>Преимущества:</strong><br />- Собственное производство полного цикла на Урале.<br />- Гарантия 3 года, срок службы до 5 лет.<br />- Простой монтаж, крепёж в комплекте.<br />- Бренд УСВЕТА — проверенное качество в массовом сегменте.<br /><br /><br />Сертификаты соответствия и декларации о соответствии на продукцию: <a href=""https://usveta.ru/cerificate"" target=""_blank"" rel=""noopener"">https://usveta.ru/cerificate</a>";https://static.tildacdn.com/stor3932-3037-4835-a339-356662353634/2b373bea102818b9a50de5665859812d.jpg;625.00;50;999;;;JIcuVG6nmdBJy56ZjHUT;;1;E27;"металл, пластик";Белый;"15Вт (напряжение 220В)";"Под планку";"150х127х150 мм";"3 года (срок эксплуатации 5 лет)";Россия;;;;;;370;170;155;155;"Бра настенный светильник под хрусталь, белый, арт. 1630/1 | УСВЕТА";"Бра настенный светильник под хрусталь, белый. Площадь освещения до 8 м?, мощность до 15 Вт. Подходит в спальню, над кроватью и в коридор. Производство и гарантия УСВЕТА.";"бра настенные, бра, бра на стену, светильник настенный бра, настенный светильник, бра настенные светильники, бра белый, купить бра";"Настенное бра под хрусталь, белый — УСВЕТА";"Настенное бра под хрусталь (белый) от производителя. Подходит в спальню, над кроватью, в гостиную и коридор. Гарантия завода, доставка по России."
228522060633;УСВЕТА;"1630/1 Хром";;Бра;"Бра настенное хромированный, 1хE27 | УСВЕТА";"Настенное бра, чёрный. Подходит в спальню, над кроватью, в гостиную и коридор. Производство УСВЕТА.";"<strong>Настенное бра, чёрный</strong> — компактный настенный свет в спальню, над кроватью, в гостиную и коридор.<br /><br /><strong>Характеристики:</strong><br />- Цвет: чёрный<br />- Материал: металл, пластик<br />- Количество ламп: 1 шт., цоколь E27<br />- Допустимая мощность: 15Вт (напряжение 220В)<br /><br /><strong>Преимущества:</strong><br />- Собственное производство полного цикла на Урале.<br />- Гарантия 3 года, срок службы до 5 лет.<br />- Простой монтаж, крепёж в комплекте.<br />- Бренд УСВЕТА — проверенное качество в массовом сегменте.<br /><br /><br />Сертификаты соответствия и декларации о соответствии на продукцию: <a href=""https://usveta.ru/cerificate"" target=""_blank"" rel=""noopener"">https://usveta.ru/cerificate</a>";https://static.tildacdn.com/stor3864-3165-4135-b464-373437383361/c044abc328215ea6e402b4d77a864cbb.jpg;666.00;0;999;;;Udi64GbRFtNc7il1VDgL;;1;E27;"металл, пластик";Черный;"15Вт (напряжение 220В)";"Под планку";"150х127х150 мм";"3 года (срок эксплуатации 5 лет)";Россия;;;;;;390;170;155;155;"Бра настенный светильник, чёрный, арт. 1630/1 | УСВЕТА";"Бра настенный светильник, чёрный. Мощность до 15 Вт. Подходит в спальню, над кроватью и в коридор. Производство и гарантия УСВЕТА.";"бра настенные, бра, бра на стену, светильник настенный бра, настенный светильник, бра настенные светильники, бра чёрный, купить бра";"Настенное бра, чёрный — УСВЕТА";"Настенное бра (чёрный) от производителя. Подходит в спальню, над кроватью, в гостиную и коридор. Гарантия завода, доставка по России."
495481315173;УСВЕТА;"1630/1 Черный";;Бра;"Светильник бра настенный, черный с плафоном под хрусталь, Е27";"Настенное бра под хрусталь, чёрный. Освещение до 8 м?. Подходит в спальню, над кроватью, в гостиную и коридор. Производство УСВЕТА.";"<strong>Настенное бра под хрусталь, чёрный</strong> — компактный настенный свет в спальню, над кроватью, в гостиную и коридор.<br /><br /><strong>Характеристики:</strong><br />- Цвет: чёрный<br />- Материал: металл, пластик<br />- Количество ламп: 1 шт., цоколь E27<br />- Допустимая мощность: 15Вт (напряжение 220В)<br />- Площадь освещения: до 8 м?<br /><br /><strong>Преимущества:</strong><br />- Собственное производство полного цикла на Урале.<br />- Гарантия 3 года, срок службы до 5 лет.<br />- Простой монтаж, крепёж в комплекте.<br />- Бренд УСВЕТА — проверенное качество в массовом сегменте.<br /><br /><br />Сертификаты соответствия и декларации о соответствии на продукцию: <a href=""https://usveta.ru/cerificate"" target=""_blank"" rel=""noopener"">https://usveta.ru/cerificate</a>";https://static.tildacdn.com/stor6634-6466-4566-b730-353661616639/319418af53335961b47c43819136c4e1.jpg;623.00;50;999;;;9NrVog7Mc1XfZVBRVYpn;;1;E27;"металл, пластик";Черный;"15Вт (напряжение 220В)";"Под планку";"150х127х150 мм";"3 года (срок эксплуатации 5 лет)";Россия;;;;;;370;170;155;155;"Бра настенный светильник под хрусталь, чёрный, арт. 1630/1 | УСВЕТА";"Бра настенный светильник под хрусталь, чёрный. Площадь освещения до 8 м?, мощность до 15 Вт. Подходит в спальню, над кроватью и в коридор. Производство и гарантия УСВЕТА.";"бра настенные, бра, бра на стену, светильник настенный бра, настенный светильник, бра настенные светильники, бра чёрный, купить бра";"Настенное бра под хрусталь, чёрный — УСВЕТА";"Настенное бра под хрусталь (чёрный) от производителя. Подходит в спальню, над кроватью, в гостиную и коридор. Гарантия завода, доставка по России."
144610442233;УСВЕТА;"4130/1 Белый";;Бра;"Светильник-спот настенный, бра настенный УСВЕТА Лофт Белый, Е27";"Настенное бра в стиле лофт, белый. Освещение до 8 м?. Подходит в спальню, над кроватью, в гостиную и коридор. Производство УСВЕТА.";"<strong>Настенное бра в стиле лофт, белый</strong> — компактный настенный свет в спальню, над кроватью, в гостиную и коридор.<br /><br /><strong>Характеристики:</strong><br />- Цвет: белый<br />- Материал: металл, пластик<br />- Количество ламп: 1 шт., цоколь E27<br />- Допустимая мощность: 15Вт (напряжение 220В)<br />- Площадь освещения: до 8 м?<br /><br /><strong>Преимущества:</strong><br />- Собственное производство полного цикла на Урале.<br />- Гарантия 3 года, срок службы до 5 лет.<br />- Простой монтаж, крепёж в комплекте.<br />- Бренд УСВЕТА — проверенное качество в массовом сегменте.<br /><br /><br />Сертификаты соответствия и декларации о соответствии на продукцию: <a href=""https://usveta.ru/cerificate"" target=""_blank"" rel=""noopener"">https://usveta.ru/cerificate</a>";https://static.tildacdn.com/stor3030-3463-4564-a565-363437393139/f08e26fac94c7bb9acedde2419b45a3f.jpg;650.00;1;999;;;KmrRzeXCv1XBlKy7AIkk;;1;E27;"металл, пластик";Белый;"15Вт (напряжение 220В)";"Под планку";"149х178х149 мм";"3 года (срок эксплуатации 5 лет)";Россия;;;;;;350;250;165;200;"Бра настенный светильник лофт, белый, арт. 4130/1 | УСВЕТА";"Бра настенный светильник лофт, белый. Площадь освещения до 8 м?, мощность до 15 Вт. Подходит в спальню, над кроватью и в коридор. Производство и гарантия УСВЕТА.";"бра настенные, бра, бра на стену, светильник настенный бра, настенный светильник, бра настенные светильники, бра белый, купить бра";"Настенное бра в стиле лофт, белый — УСВЕТА";"Настенное бра в стиле лофт (белый) от производителя. Подходит в спальню, над кроватью, в гостиную и коридор. Гарантия завода, доставка по России."
273322740343;УСВЕТА;"4130/1 Черный";;Бра;"Светильник-спот настенный, бра настенный УСВЕТА Лофт Черный, Е27";"Настенное бра в стиле лофт, чёрный. Освещение до 8 м?. Подходит в спальню, над кроватью, в гостиную и коридор. Производство УСВЕТА.";"<strong>Настенное бра в стиле лофт, чёрный</strong> — компактный настенный свет в спальню, над кроватью, в гостиную и коридор.<br /><br /><strong>Характеристики:</strong><br />- Цвет: чёрный<br />- Материал: металл, пластик<br />- Количество ламп: 1 шт., цоколь E27<br />- Допустимая мощность: 15Вт (напряжение 220В)<br />- Площадь освещения: до 8 м?<br /><br /><strong>Преимущества:</strong><br />- Собственное производство полного цикла на Урале.<br />- Гарантия 3 года, срок службы до 5 лет.<br />- Простой монтаж, крепёж в комплекте.<br />- Бренд УСВЕТА — проверенное качество в массовом сегменте.<br /><br /><br />Сертификаты соответствия и декларации о соответствии на продукцию: <a href=""https://usveta.ru/cerificate"" target=""_blank"" rel=""noopener"">https://usveta.ru/cerificate</a>";https://static.tildacdn.com/stor3762-6437-4633-b233-626261343333/51607f96d48ba602e784e38c54ec0c4b.jpg;729.00;1;1499;;;Beh6l1Ri6y6dB0dt3kuj;;1;E27;"металл, пластик";Черный;"15Вт (напряжение 220В)";"Под планку";"149х178х149 мм";"3 года (срок эксплуатации 5 лет)";Россия;;;;;;350;250;165;200;"Бра настенный светильник лофт, чёрный, арт. 4130/1 | УСВЕТА";"Бра настенный светильник лофт, чёрный. Площадь освещения до 8 м?, мощность до 15 Вт. Подходит в спальню, над кроватью и в коридор. Производство и гарантия УСВЕТА.";"бра настенные, бра, бра на стену, светильник настенный бра, настенный светильник, бра настенные светильники, бра чёрный, купить бра";"Настенное бра в стиле лофт, чёрный — УСВЕТА";"Настенное бра в стиле лофт (чёрный) от производителя. Подходит в спальню, над кроватью, в гостиную и коридор. Гарантия завода, доставка по России."
588255344113;УСВЕТА;"4130/2 Белый";;Бра;"Светильник-спот настенный УСВЕТА Лофт Белый, Е27х2, 40 Вт";"Настенное бра в стиле лофт, белый. Освещение до 10 м?. Подходит в спальню, над кроватью, в гостиную и коридор. Производство УСВЕТА.";"<strong>Настенное бра в стиле лофт, белый</strong> — компактный настенный свет в спальню, над кроватью, в гостиную и коридор.<br /><br /><strong>Характеристики:</strong><br />- Цвет: белый<br />- Материал: металл, пластик<br />- Количество ламп: 2 шт., цоколь E27<br />- Допустимая мощность: 15Вт (напряжение 220В)<br />- Площадь освещения: до 10 м?<br /><br /><strong>Преимущества:</strong><br />- Собственное производство полного цикла на Урале.<br />- Гарантия 3 года, срок службы до 5 лет.<br />- Простой монтаж, крепёж в комплекте.<br />- Бренд УСВЕТА — проверенное качество в массовом сегменте.<br /><br /><br />Сертификаты соответствия и декларации о соответствии на продукцию: <a href=""https://usveta.ru/cerificate"" target=""_blank"" rel=""noopener"">https://usveta.ru/cerificate</a>";https://static.tildacdn.com/stor3063-3765-4966-b764-356464353063/130788542cb526aaf03ae76bfc2962b1.jpg;1320.00;0;1999;;;vxX1dN3ErddHx5yrs2jn;;2;E27;"металл, пластик";Белый;"15Вт (напряжение 220В)";"Под планку";"149х178х149 мм";"3 года (срок эксплуатации 5 лет)";Россия;;;;;;760;455;155;200;"Бра настенный светильник лофт, белый, арт. 4130/2 | УСВЕТА";"Бра настенный светильник лофт, белый. Площадь освещения до 10 м?, мощность до 15 Вт. Подходит в спальню, над кроватью и в коридор. Производство и гарантия УСВЕТА.";"бра настенные, бра, бра на стену, светильник настенный бра, настенный светильник, бра настенные светильники, бра белый, купить бра";"Настенное бра в стиле лофт, белый — УСВЕТА";"Настенное бра в стиле лофт (белый) от производителя. Подходит в спальню, над кроватью, в гостиную и коридор. Гарантия завода, доставка по России."
329159540643;УСВЕТА;"4130/2 Черный";;Бра;"Светильник-спот настенный УСВЕТА Лофт Черный, Е27х2, 40 Вт";"Настенное бра в стиле лофт, чёрный. Освещение до 10 м?. Подходит в спальню, над кроватью, в гостиную и коридор. Производство УСВЕТА.";"<strong>Настенное бра в стиле лофт, чёрный</strong> — компактный настенный свет в спальню, над кроватью, в гостиную и коридор.<br /><br /><strong>Характеристики:</strong><br />- Цвет: чёрный<br />- Материал: металл, пластик<br />- Количество ламп: 2 шт., цоколь E27<br />- Допустимая мощность: 15Вт (напряжение 220В)<br />- Площадь освещения: до 10 м?<br /><br /><strong>Преимущества:</strong><br />- Собственное производство полного цикла на Урале.<br />- Гарантия 3 года, срок службы до 5 лет.<br />- Простой монтаж, крепёж в комплекте.<br />- Бренд УСВЕТА — проверенное качество в массовом сегменте.<br /><br /><br />Сертификаты соответствия и декларации о соответствии на продукцию: <a href=""https://usveta.ru/cerificate"" target=""_blank"" rel=""noopener"">https://usveta.ru/cerificate</a>";https://static.tildacdn.com/stor6566-3239-4261-b639-323434393662/919d861f793fb8f57549b53190d3690b.jpg;1384.00;9;2499;;;0Da7701cRSDCCU37Nm7g;;2;E27;"металл, пластик";Черный;"15Вт (напряжение 220В)";"Под планку";"149х178х149 мм";"3 года (срок эксплуатации 5 лет)";Россия;;;;;;760;455;155;200;"Бра настенный светильник лофт, чёрный, арт. 4130/2 | УСВЕТА";"Бра настенный светильник лофт, чёрный. Площадь освещения до 10 м?, мощность до 15 Вт. Подходит в спальню, над кроватью и в коридор. Производство и гарантия УСВЕТА.";"бра настенные, бра, бра на стену, светильник настенный бра, настенный светильник, бра настенные светильники, бра чёрный, купить бра";"Настенное бра в стиле лофт, чёрный — УСВЕТА";"Настенное бра в стиле лофт (чёрный) от производителя. Подходит в спальню, над кроватью, в гостиную и коридор. Гарантия завода, доставка по России."
367161913423;УСВЕТА;"4130/3 Белый";;Бра;"Светильник-спот настенный УСВЕТА Лофт Белый, Е27х3, 40 Вт";"Настенное бра в стиле лофт, белый. Освещение до 16 м?. Подходит в спальню, над кроватью, в гостиную и коридор. Производство УСВЕТА.";"<strong>Настенное бра в стиле лофт, белый</strong> — компактный настенный свет в спальню, над кроватью, в гостиную и коридор.<br /><br /><strong>Характеристики:</strong><br />- Цвет: белый<br />- Материал: металл, пластик<br />- Количество ламп: 3 шт., цоколь E27<br />- Допустимая мощность: 15Вт (напряжение 220В)<br />- Площадь освещения: до 16 м?<br /><br /><strong>Преимущества:</strong><br />- Собственное производство полного цикла на Урале.<br />- Гарантия 3 года, срок службы до 5 лет.<br />- Простой монтаж, крепёж в комплекте.<br />- Бренд УСВЕТА — проверенное качество в массовом сегменте.<br /><br /><br />Сертификаты соответствия и декларации о соответствии на продукцию: <a href=""https://usveta.ru/cerificate"" target=""_blank"" rel=""noopener"">https://usveta.ru/cerificate</a>";https://static.tildacdn.com/stor3135-6233-4530-a364-646466326664/c4b358a29893eb5ec310c28dd6821e24.jpg;1985.00;4;2999;;;81D3Dn5peR3sBrbSdLzZ;;3;E27;"металл, пластик";Белый;"15Вт (напряжение 220В)";"Под планку";"149х178х149 мм";"3 года (срок эксплуатации 5 лет)";Россия;;;;;;1150;610;165;205;"Бра настенный светильник лофт, белый, арт. 4130/3 | УСВЕТА";"Бра настенный светильник лофт, белый. Площадь освещения до 16 м?, мощность до 15 Вт. Подходит в спальню, над кроватью и в коридор. Производство и гарантия УСВЕТА.";"бра настенные, бра, бра на стену, светильник настенный бра, настенный светильник, бра настенные светильники, бра белый, купить бра";"Настенное бра в стиле лофт, белый — УСВЕТА";"Настенное бра в стиле лофт (белый) от производителя. Подходит в спальню, над кроватью, в гостиную и коридор. Гарантия завода, доставка по России."
427568433643;УСВЕТА;"4130/3 Черный";;Бра;"Светильник-спот настенный УСВЕТА Лофт Черный, Е27х3, 40 Вт";"Настенное бра в стиле лофт, чёрный. Освещение до 16 м?. Подходит в спальню, над кроватью, в гостиную и коридор. Производство УСВЕТА.";"<strong>Настенное бра в стиле лофт, чёрный</strong> — компактный настенный свет в спальню, над кроватью, в гостиную и коридор.<br /><br /><strong>Характеристики:</strong><br />- Цвет: чёрный<br />- Материал: металл, пластик<br />- Количество ламп: 3 шт., цоколь E27<br />- Допустимая мощность: 15Вт (напряжение 220В)<br />- Площадь освещения: до 16 м?<br /><br /><strong>Преимущества:</strong><br />- Собственное производство полного цикла на Урале.<br />- Гарантия 3 года, срок службы до 5 лет.<br />- Простой монтаж, крепёж в комплекте.<br />- Бренд УСВЕТА — проверенное качество в массовом сегменте.<br /><br /><br />Сертификаты соответствия и декларации о соответствии на продукцию: <a href=""https://usveta.ru/cerificate"" target=""_blank"" rel=""noopener"">https://usveta.ru/cerificate</a>";https://static.tildacdn.com/stor6363-3332-4931-b330-316234643466/3ffc9e8f5acbe0c65a1b336759c300c6.jpg;2005.00;2;3499;;;GLNPfPgvSZm3jmA2HdFp;;3;E27;"металл, пластик";Черный;"15Вт (напряжение 220В)";"Под планку";"149х178х149 мм";"3 года (срок эксплуатации 5 лет)";Россия;;;;;;1150;610;165;205;"Бра настенный светильник лофт, чёрный, арт. 4130/3 | УСВЕТА";"Бра настенный светильник лофт, чёрный. Площадь освещения до 16 м?, мощность до 15 Вт. Подходит в спальню, над кроватью и в коридор. Производство и гарантия УСВЕТА.";"бра настенные, бра, бра на стену, светильник настенный бра, настенный светильник, бра настенные светильники, бра чёрный, купить бра";"Настенное бра в стиле лофт, чёрный — УСВЕТА";"Настенное бра в стиле лофт (чёрный) от производителя. Подходит в спальню, над кроватью, в гостиную и коридор. Гарантия завода, доставка по России."
947792372163;УСВЕТА;"4131/1 Белый";;Бра;"Светильник-спот настенный УСВЕТА Лофт Белый, Е27, 40 Вт";"Настенное бра в стиле лофт, белый. Освещение до 8 м?. Подходит в спальню, над кроватью, в гостиную и коридор. Производство УСВЕТА.";"<strong>Настенное бра в стиле лофт, белый</strong> — компактный настенный свет в спальню, над кроватью, в гостиную и коридор.<br /><br /><strong>Характеристики:</strong><br />- Цвет: белый<br />- Материал: металл, пластик<br />- Количество ламп: 1 шт., цоколь E27<br />- Допустимая мощность: 15Вт (напряжение 220В)<br />- Площадь освещения: до 8 м?<br /><br /><strong>Преимущества:</strong><br />- Собственное производство полного цикла на Урале.<br />- Гарантия 3 года, срок службы до 5 лет.<br />- Простой монтаж, крепёж в комплекте.<br />- Бренд УСВЕТА — проверенное качество в массовом сегменте.<br /><br /><br />Сертификаты соответствия и декларации о соответствии на продукцию: <a href=""https://usveta.ru/cerificate"" target=""_blank"" rel=""noopener"">https://usveta.ru/cerificate</a>";https://static.tildacdn.com/stor6366-3830-4132-b830-363466316164/7962718fd2e45585725ab7cd240f4c7a.jpg;683.00;50;1499;;;fcKvRkCKlNBbEg2ctSLg;;1;E27;"металл, пластик";Белый;"15Вт (напряжение 220В)";"Под планку";"149х178х149 мм";"3 года (срок эксплуатации 5 лет)";Россия;;;;;;280;275;145;150;"Бра настенный светильник лофт, белый, арт. 4131/1 | УСВЕТА";"Бра настенный светильник лофт, белый. Площадь освещения до 8 м?, мощность до 15 Вт. Подходит в спальню, над кроватью и в коридор. Производство и гарантия УСВЕТА.";"бра настенные, бра, бра на стену, светильник настенный бра, настенный светильник, бра настенные светильники, бра белый, купить бра";"Настенное бра в стиле лофт, белый — УСВЕТА";"Настенное бра в стиле лофт (белый) от производителя. Подходит в спальню, над кроватью, в гостиную и коридор. Гарантия завода, доставка по России."
198422888893;УСВЕТА;"4131/1 Черный";;Бра;"Светильник-спот настенный УСВЕТА Лофт Черный, Е27, 40 Вт";"Настенное бра в стиле лофт, чёрный. Освещение до 8 м?. Подходит в спальню, над кроватью, в гостиную и коридор. Производство УСВЕТА.";"<strong>Настенное бра в стиле лофт, чёрный</strong> — компактный настенный свет в спальню, над кроватью, в гостиную и коридор.<br /><br /><strong>Характеристики:</strong><br />- Цвет: чёрный<br />- Материал: металл, пластик<br />- Количество ламп: 1 шт., цоколь E27<br />- Допустимая мощность: 15Вт (напряжение 220В)<br />- Площадь освещения: до 8 м?<br /><br /><strong>Преимущества:</strong><br />- Собственное производство полного цикла на Урале.<br />- Гарантия 3 года, срок службы до 5 лет.<br />- Простой монтаж, крепёж в комплекте.<br />- Бренд УСВЕТА — проверенное качество в массовом сегменте.<br /><br /><br />Сертификаты соответствия и декларации о соответствии на продукцию: <a href=""https://usveta.ru/cerificate"" target=""_blank"" rel=""noopener"">https://usveta.ru/cerificate</a>";https://static.tildacdn.com/stor6238-3732-4065-b432-386234646461/8229044d10d6656f59541fee02cec0eb.jpg;710.00;50;1499;;;hNCJaDtcDvzjp4HEeKsp;;1;E27;"металл, пластик";Черный;"15Вт (напряжение 220В)";"Под планку";"149х178х149 мм";"3 года (срок эксплуатации 5 лет)";Россия;;;;;;280;275;145;150;"Бра настенный светильник лофт, чёрный, арт. 4131/1 | УСВЕТА";"Бра настенный светильник лофт, чёрный. Площадь освещения до 8 м?, мощность до 15 Вт. Подходит в спальню, над кроватью и в коридор. Производство и гарантия УСВЕТА.";"бра настенные, бра, бра на стену, светильник настенный бра, настенный светильник, бра настенные светильники, бра чёрный, купить бра";"Настенное бра в стиле лофт, чёрный — УСВЕТА";"Настенное бра в стиле лофт (чёрный) от производителя. Подходит в спальню, над кроватью, в гостиную и коридор. Гарантия завода, доставка по России."
766464018423;УСВЕТА;"4131/2 Белый";;Бра;"Светильник-спот настенный УСВЕТА Лофт Белый, Е27х2, 40 Вт";"Настенное бра в стиле лофт, белый. Освещение до 10 м?. Подходит в спальню, над кроватью, в гостиную и коридор. Производство УСВЕТА.";"<strong>Настенное бра в стиле лофт, белый</strong> — компактный настенный свет в спальню, над кроватью, в гостиную и коридор.<br /><br /><strong>Характеристики:</strong><br />- Цвет: белый<br />- Материал: металл, пластик<br />- Количество ламп: 2 шт., цоколь E27<br />- Допустимая мощность: 15Вт (напряжение 220В)<br />- Площадь освещения: до 10 м?<br /><br /><strong>Преимущества:</strong><br />- Собственное производство полного цикла на Урале.<br />- Гарантия 3 года, срок службы до 5 лет.<br />- Простой монтаж, крепёж в комплекте.<br />- Бренд УСВЕТА — проверенное качество в массовом сегменте.<br /><br /><br />Сертификаты соответствия и декларации о соответствии на продукцию: <a href=""https://usveta.ru/cerificate"" target=""_blank"" rel=""noopener"">https://usveta.ru/cerificate</a>";https://static.tildacdn.com/stor3861-3631-4466-b363-326132373636/ba90b67392ab6cddb9590eac5c6d73c4.jpg;1307.00;0;1999;;;fexL07YKIfL7LjtfCSxh;;2;E27;"металл, пластик";Белый;"15Вт (напряжение 220В)";"Под планку";"149х178х149 мм";"3 года (срок эксплуатации 5 лет)";Россия;;;;;;690;430;150;150;"Бра настенный светильник лофт, белый, арт. 4131/2 | УСВЕТА";"Бра настенный светильник лофт, белый. Площадь освещения до 10 м?, мощность до 15 Вт. Подходит в спальню, над кроватью и в коридор. Производство и гарантия УСВЕТА.";"бра настенные, бра, бра на стену, светильник настенный бра, настенный светильник, бра настенные светильники, бра белый, купить бра";"Настенное бра в стиле лофт, белый — УСВЕТА";"Настенное бра в стиле лофт (белый) от производителя. Подходит в спальню, над кроватью, в гостиную и коридор. Гарантия завода, доставка по России."
413603494073;УСВЕТА;"4131/2 Черный";;Бра;"Светильник-спот настенный УСВЕТА Лофт Черный, Е27х2, 40 Вт";"Настенное бра в стиле лофт, чёрный. Освещение до 10 м?. Подходит в спальню, над кроватью, в гостиную и коридор. Производство УСВЕТА.";"<strong>Настенное бра в стиле лофт, чёрный</strong> — компактный настенный свет в спальню, над кроватью, в гостиную и коридор.<br /><br /><strong>Характеристики:</strong><br />- Цвет: чёрный<br />- Материал: металл, пластик<br />- Количество ламп: 2 шт., цоколь E27<br />- Допустимая мощность: 15Вт (напряжение 220В)<br />- Площадь освещения: до 10 м?<br /><br /><strong>Преимущества:</strong><br />- Собственное производство полного цикла на Урале.<br />- Гарантия 3 года, срок службы до 5 лет.<br />- Простой монтаж, крепёж в комплекте.<br />- Бренд УСВЕТА — проверенное качество в массовом сегменте.<br /><br /><br />Сертификаты соответствия и декларации о соответствии на продукцию: <a href=""https://usveta.ru/cerificate"" target=""_blank"" rel=""noopener"">https://usveta.ru/cerificate</a>";https://static.tildacdn.com/stor3338-3637-4839-b362-353634333330/d852b29d653f662327f08fbd4e179ee1.jpg;1357.00;0;2499;;;XkVl8TvKj1CL6ZJMKhmd;;2;E27;"металл, пластик";Черный;"15Вт (напряжение 220В)";"Под планку";"149х178х149 мм";"3 года (срок эксплуатации 5 лет)";Россия;;;;;;690;430;150;150;"Бра настенный светильник лофт, чёрный, арт. 4131/2 | УСВЕТА";"Бра настенный светильник лофт, чёрный. Площадь освещения до 10 м?, мощность до 15 Вт. Подходит в спальню, над кроватью и в коридор. Производство и гарантия УСВЕТА.";"бра настенные, бра, бра на стену, светильник настенный бра, настенный светильник, бра настенные светильники, бра чёрный, купить бра";"Настенное бра в стиле лофт, чёрный — УСВЕТА";"Настенное бра в стиле лофт (чёрный) от производителя. Подходит в спальню, над кроватью, в гостиную и коридор. Гарантия завода, доставка по России."
777247689203;УСВЕТА;"4131/3 Белый";;Бра;"Светильник-спот настенный УСВЕТА Лофт Белый, Е27х3, 40 Вт";"Настенное бра в стиле лофт, белый. Освещение до 16 м?. Подходит в спальню, над кроватью, в гостиную и коридор. Производство УСВЕТА.";"<strong>Настенное бра в стиле лофт, белый</strong> — компактный настенный свет в спальню, над кроватью, в гостиную и коридор.<br /><br /><strong>Характеристики:</strong><br />- Цвет: белый<br />- Материал: металл, пластик<br />- Количество ламп: 3 шт., цоколь E27<br />- Допустимая мощность: 15Вт (напряжение 220В)<br />- Площадь освещения: до 16 м?<br /><br /><strong>Преимущества:</strong><br />- Собственное производство полного цикла на Урале.<br />- Гарантия 3 года, срок службы до 5 лет.<br />- Простой монтаж, крепёж в комплекте.<br />- Бренд УСВЕТА — проверенное качество в массовом сегменте.<br /><br /><br />Сертификаты соответствия и декларации о соответствии на продукцию: <a href=""https://usveta.ru/cerificate"" target=""_blank"" rel=""noopener"">https://usveta.ru/cerificate</a>";https://static.tildacdn.com/stor6339-3731-4338-b436-396430396563/fb0b2c6a52cc9d7d117595421d3123ac.jpg;1850.00;0;2999;;;Iv3gMBkKXOrarpXIjdzP;;3;E27;"металл, пластик";Белый;"15Вт (напряжение 220В)";"Под планку";"149х178х149 мм";"3 года (срок эксплуатации 5 лет)";Россия;;;;;;960;610;160;145;"Бра настенный светильник лофт, белый, арт. 4131/3 | УСВЕТА";"Бра настенный светильник лофт, белый. Площадь освещения до 16 м?, мощность до 15 Вт. Подходит в спальню, над кроватью и в коридор. Производство и гарантия УСВЕТА.";"бра настенные, бра, бра на стену, светильник настенный бра, настенный светильник, бра настенные светильники, бра белый, купить бра";"Настенное бра в стиле лофт, белый — УСВЕТА";"Настенное бра в стиле лофт (белый) от производителя. Подходит в спальню, над кроватью, в гостиную и коридор. Гарантия завода, доставка по России."
661532087143;УСВЕТА;"4131/3 Черный";;Бра;"Светильник-спот настенный УСВЕТА Лофт Черный, Е27х3, 40 Вт";"Настенное бра в стиле лофт, чёрный. Освещение до 16 м?. Подходит в спальню, над кроватью, в гостиную и коридор. Производство УСВЕТА.";"<strong>Настенное бра в стиле лофт, чёрный</strong> — компактный настенный свет в спальню, над кроватью, в гостиную и коридор.<br /><br /><strong>Характеристики:</strong><br />- Цвет: чёрный<br />- Материал: металл, пластик<br />- Количество ламп: 3 шт., цоколь E27<br />- Допустимая мощность: 15Вт (напряжение 220В)<br />- Площадь освещения: до 16 м?<br /><br /><strong>Преимущества:</strong><br />- Собственное производство полного цикла на Урале.<br />- Гарантия 3 года, срок службы до 5 лет.<br />- Простой монтаж, крепёж в комплекте.<br />- Бренд УСВЕТА — проверенное качество в массовом сегменте.<br /><br /><br />Сертификаты соответствия и декларации о соответствии на продукцию: <a href=""https://usveta.ru/cerificate"" target=""_blank"" rel=""noopener"">https://usveta.ru/cerificate</a>";https://static.tildacdn.com/stor3336-6266-4234-a430-393937353532/eaf55815ee51d99d46f52a3e6b867197.jpg;1877.00;1;2999;;;Aj514OcK1TosNdhdhLpB;;3;E27;"металл, пластик";Черный;"15Вт (напряжение 220В)";"Под планку";"149х178х149 мм";"3 года (срок эксплуатации 5 лет)";Россия;;;;;;960;610;160;145;"Бра настенный светильник лофт, чёрный, арт. 4131/3 | УСВЕТА";"Бра настенный светильник лофт, чёрный. Площадь освещения до 16 м?, мощность до 15 Вт. Подходит в спальню, над кроватью и в коридор. Производство и гарантия УСВЕТА.";"бра настенные, бра, бра на стену, светильник настенный бра, настенный светильник, бра настенные светильники, бра чёрный, купить бра";"Настенное бра в стиле лофт, чёрный — УСВЕТА";"Настенное бра в стиле лофт (чёрный) от производителя. Подходит в спальню, над кроватью, в гостиную и коридор. Гарантия завода, доставка по России."
406928393133;УСВЕТА;"4132/1 Белый";;Бра;"Светильник-спот настенный УСВЕТА Лофт Белый, Е27, 40 Вт";"Настенное бра в стиле лофт, белый. Освещение до 8 м?. Подходит в спальню, над кроватью, в гостиную и коридор. Производство УСВЕТА.";"<strong>Настенное бра в стиле лофт, белый</strong> — компактный настенный свет в спальню, над кроватью, в гостиную и коридор.<br /><br /><strong>Характеристики:</strong><br />- Цвет: белый<br />- Материал: металл, пластик<br />- Количество ламп: 1 шт., цоколь E27<br />- Допустимая мощность: 15Вт (напряжение 220В)<br />- Площадь освещения: до 8 м?<br /><br /><strong>Преимущества:</strong><br />- Собственное производство полного цикла на Урале.<br />- Гарантия 3 года, срок службы до 5 лет.<br />- Простой монтаж, крепёж в комплекте.<br />- Бренд УСВЕТА — проверенное качество в массовом сегменте.<br /><br /><br />Сертификаты соответствия и декларации о соответствии на продукцию: <a href=""https://usveta.ru/cerificate"" target=""_blank"" rel=""noopener"">https://usveta.ru/cerificate</a>";https://static.tildacdn.com/stor6131-3937-4532-b239-343164306131/0820c08f2c0cad70ca4162816b0e0b88.jpg;759.00;50;1499;;;ocJoBvYfEMseL54MLpG8;;1;E27;"металл, пластик";Белый;"15Вт (напряжение 220В)";"Под планку";"149х178х149 мм";"3 года (срок эксплуатации 5 лет)";Россия;;;;;;300;275;145;150;"Бра настенный светильник лофт, белый, арт. 4132/1 | УСВЕТА";"Бра настенный светильник лофт, белый. Площадь освещения до 8 м?, мощность до 15 Вт. Подходит в спальню, над кроватью и в коридор. Производство и гарантия УСВЕТА.";"бра настенные, бра, бра на стену, светильник настенный бра, настенный светильник, бра настенные светильники, бра белый, купить бра";"Настенное бра в стиле лофт, белый — УСВЕТА";"Настенное бра в стиле лофт (белый) от производителя. Подходит в спальню, над кроватью, в гостиную и коридор. Гарантия завода, доставка по России."
643297937843;УСВЕТА;"4132/1 Черный";;Бра;"Светильник-спот настенный УСВЕТА Лофт Черный, Е27, 40 Вт";"Настенное бра в стиле лофт, чёрный. Освещение до 8 м?. Подходит в спальню, над кроватью, в гостиную и коридор. Производство УСВЕТА.";"<strong>Настенное бра в стиле лофт, чёрный</strong> — компактный настенный свет в спальню, над кроватью, в гостиную и коридор.<br /><br /><strong>Характеристики:</strong><br />- Цвет: чёрный<br />- Материал: металл, пластик<br />- Количество ламп: 1 шт., цоколь E27<br />- Допустимая мощность: 15Вт (напряжение 220В)<br />- Площадь освещения: до 8 м?<br /><br /><strong>Преимущества:</strong><br />- Собственное производство полного цикла на Урале.<br />- Гарантия 3 года, срок службы до 5 лет.<br />- Простой монтаж, крепёж в комплекте.<br />- Бренд УСВЕТА — проверенное качество в массовом сегменте.<br /><br /><br />Сертификаты соответствия и декларации о соответствии на продукцию: <a href=""https://usveta.ru/cerificate"" target=""_blank"" rel=""noopener"">https://usveta.ru/cerificate</a>";https://static.tildacdn.com/stor3062-3261-4434-a533-363437373262/7552358ccf6d7336ca80e47655425352.jpg;825.00;50;1499;;;aTk4Vtl0D4uyIfiuaUYA;;1;E27;"металл, пластик";Черный;"15Вт (напряжение 220В)";"Под планку";"149х178х149 мм";"3 года (срок эксплуатации 5 лет)";Россия;;;;;;300;275;145;150;"Бра настенный светильник лофт, чёрный, арт. 4132/1 | УСВЕТА";"Бра настенный светильник лофт, чёрный. Площадь освещения до 8 м?, мощность до 15 Вт. Подходит в спальню, над кроватью и в коридор. Производство и гарантия УСВЕТА.";"бра настенные, бра, бра на стену, светильник настенный бра, настенный светильник, бра настенные светильники, бра чёрный, купить бра";"Настенное бра в стиле лофт, чёрный — УСВЕТА";"Настенное бра в стиле лофт (чёрный) от производителя. Подходит в спальню, над кроватью, в гостиную и коридор. Гарантия завода, доставка по России."
351683371323;УСВЕТА;"4132/2 Белый";;Бра;"Светильник-спот настенный УСВЕТА Лофт Белый, Е27х2, 40 Вт";"Настенное бра в стиле лофт, белый. Освещение до 10 м?. Подходит в спальню, над кроватью, в гостиную и коридор. Производство УСВЕТА.";"<strong>Настенное бра в стиле лофт, белый</strong> — компактный настенный свет в спальню, над кроватью, в гостиную и коридор.<br /><br /><strong>Характеристики:</strong><br />- Цвет: белый<br />- Материал: металл, пластик<br />- Количество ламп: 2 шт., цоколь E27<br />- Допустимая мощность: 15Вт (напряжение 220В)<br />- Площадь освещения: до 10 м?<br /><br /><strong>Преимущества:</strong><br />- Собственное производство полного цикла на Урале.<br />- Гарантия 3 года, срок службы до 5 лет.<br />- Простой монтаж, крепёж в комплекте.<br />- Бренд УСВЕТА — проверенное качество в массовом сегменте.<br /><br /><br />Сертификаты соответствия и декларации о соответствии на продукцию: <a href=""https://usveta.ru/cerificate"" target=""_blank"" rel=""noopener"">https://usveta.ru/cerificate</a>";https://static.tildacdn.com/stor3163-3662-4737-a661-333466343565/ca6acbb49294f1fc67b27fee992022a2.jpg;1310.00;50;1999;;;h2rx2FH0REl5GRr8PGmc;;2;E27;"металл, пластик";Белый;"15Вт (напряжение 220В)";"Под планку";"149х178х149 мм";"3 года (срок эксплуатации 5 лет)";Россия;;;;;;700;400;135;140;"Бра настенный светильник лофт, белый, арт. 4132/2 | УСВЕТА";"Бра настенный светильник лофт, белый. Площадь освещения до 10 м?, мощность до 15 Вт. Подходит в спальню, над кроватью и в коридор. Производство и гарантия УСВЕТА.";"бра настенные, бра, бра на стену, светильник настенный бра, настенный светильник, бра настенные светильники, бра белый, купить бра";"Настенное бра в стиле лофт, белый — УСВЕТА";"Настенное бра в стиле лофт (белый) от производителя. Подходит в спальню, над кроватью, в гостиную и коридор. Гарантия завода, доставка по России."
812471892593;УСВЕТА;"4132/2 Черный";;Бра;"Светильник-спот настенный УСВЕТА Лофт Черный, Е27х2, 40 Вт";"Настенное бра в стиле лофт, чёрный. Освещение до 10 м?. Подходит в спальню, над кроватью, в гостиную и коридор. Производство УСВЕТА.";"<strong>Настенное бра в стиле лофт, чёрный</strong> — компактный настенный свет в спальню, над кроватью, в гостиную и коридор.<br /><br /><strong>Характеристики:</strong><br />- Цвет: чёрный<br />- Материал: металл, пластик<br />- Количество ламп: 2 шт., цоколь E27<br />- Допустимая мощность: 15Вт (напряжение 220В)<br />- Площадь освещения: до 10 м?<br /><br /><strong>Преимущества:</strong><br />- Собственное производство полного цикла на Урале.<br />- Гарантия 3 года, срок службы до 5 лет.<br />- Простой монтаж, крепёж в комплекте.<br />- Бренд УСВЕТА — проверенное качество в массовом сегменте.<br /><br /><br />Сертификаты соответствия и декларации о соответствии на продукцию: <a href=""https://usveta.ru/cerificate"" target=""_blank"" rel=""noopener"">https://usveta.ru/cerificate</a>";https://static.tildacdn.com/stor3637-6261-4465-b964-376436383931/998d8159b5f0ce6ec857b93de3b28b44.jpg;1373.00;0;2499;;;MpImyoHycLFfeJ8Ve7lO;;2;E27;"металл, пластик";Черный;"15Вт (напряжение 220В)";"Под планку";"149х178х149 мм";"3 года (срок эксплуатации 5 лет)";Россия;;;;;;700;400;135;140;"Бра настенный светильник лофт, чёрный, арт. 4132/2 | УСВЕТА";"Бра настенный светильник лофт, чёрный. Площадь освещения до 10 м?, мощность до 15 Вт. Подходит в спальню, над кроватью и в коридор. Производство и гарантия УСВЕТА.";"бра настенные, бра, бра на стену, светильник настенный бра, настенный светильник, бра настенные светильники, бра чёрный, купить бра";"Настенное бра в стиле лофт, чёрный — УСВЕТА";"Настенное бра в стиле лофт (чёрный) от производителя. Подходит в спальню, над кроватью, в гостиную и коридор. Гарантия завода, доставка по России."
429359251873;УСВЕТА;"4132/3 Белый";;Бра;"Светильник-спот настенный УСВЕТА Лофт Белый, Е27х3, 40 Вт";"Настенное бра в стиле лофт, белый. Освещение до 16 м?. Подходит в спальню, над кроватью, в гостиную и коридор. Производство УСВЕТА.";"<strong>Настенное бра в стиле лофт, белый</strong> — компактный настенный свет в спальню, над кроватью, в гостиную и коридор.<br /><br /><strong>Характеристики:</strong><br />- Цвет: белый<br />- Материал: металл, пластик<br />- Количество ламп: 3 шт., цоколь E27<br />- Допустимая мощность: 15Вт (напряжение 220В)<br />- Площадь освещения: до 16 м?<br /><br /><strong>Преимущества:</strong><br />- Собственное производство полного цикла на Урале.<br />- Гарантия 3 года, срок службы до 5 лет.<br />- Простой монтаж, крепёж в комплекте.<br />- Бренд УСВЕТА — проверенное качество в массовом сегменте.<br /><br /><br />Сертификаты соответствия и декларации о соответствии на продукцию: <a href=""https://usveta.ru/cerificate"" target=""_blank"" rel=""noopener"">https://usveta.ru/cerificate</a>";https://static.tildacdn.com/stor6666-6337-4737-b635-393563393337/5f61f425464d9c50e92f56775a63d244.jpg;1915.00;50;2999;;;vY3AEMr47LdviCSDGNVa;;3;E27;"металл, пластик";Белый;"15Вт (напряжение 220В)";"Под планку";"149х178х149 мм";"3 года (срок эксплуатации 5 лет)";Россия;;;;;;1000;515;125;145;"Бра настенный светильник лофт, белый, арт. 4132/3 | УСВЕТА";"Бра настенный светильник лофт, белый. Площадь освещения до 16 м?, мощность до 15 Вт. Подходит в спальню, над кроватью и в коридор. Производство и гарантия УСВЕТА.";"бра настенные, бра, бра на стену, светильник настенный бра, настенный светильник, бра настенные светильники, бра белый, купить бра";"Настенное бра в стиле лофт, белый — УСВЕТА";"Настенное бра в стиле лофт (белый) от производителя. Подходит в спальню, над кроватью, в гостиную и коридор. Гарантия завода, доставка по России."
209072906413;УСВЕТА;"4132/3 Черный";;Бра;"Светильник-спот настенный УСВЕТА Лофт Черный, Е27х3, 40 Вт";"Настенное бра в стиле лофт, чёрный. Освещение до 16 м?. Подходит в спальню, над кроватью, в гостиную и коридор. Производство УСВЕТА.";"<strong>Настенное бра в стиле лофт, чёрный</strong> — компактный настенный свет в спальню, над кроватью, в гостиную и коридор.<br /><br /><strong>Характеристики:</strong><br />- Цвет: чёрный<br />- Материал: металл, пластик<br />- Количество ламп: 3 шт., цоколь E27<br />- Допустимая мощность: 15Вт (напряжение 220В)<br />- Площадь освещения: до 16 м?<br /><br /><strong>Преимущества:</strong><br />- Собственное производство полного цикла на Урале.<br />- Гарантия 3 года, срок службы до 5 лет.<br />- Простой монтаж, крепёж в комплекте.<br />- Бренд УСВЕТА — проверенное качество в массовом сегменте.<br /><br /><br />Сертификаты соответствия и декларации о соответствии на продукцию: <a href=""https://usveta.ru/cerificate"" target=""_blank"" rel=""noopener"">https://usveta.ru/cerificate</a>";https://static.tildacdn.com/stor3265-3632-4062-b134-383466663264/2841dbd3b3ae5d820f76a0c74e68cacc.jpg;1938.00;0;2999;;;j5p3HaInnkZYDI5nSKI7;;3;E27;"металл, пластик";Черный;"15Вт (напряжение 220В)";"Под планку";"149х178х149 мм";"3 года (срок эксплуатации 5 лет)";Россия;;;;;;1000;515;125;145;"Бра настенный светильник лофт, чёрный, арт. 4132/3 | УСВЕТА";"Бра настенный светильник лофт, чёрный. Площадь освещения до 16 м?, мощность до 15 Вт. Подходит в спальню, над кроватью и в коридор. Производство и гарантия УСВЕТА.";"бра настенные, бра, бра на стену, светильник настенный бра, настенный светильник, бра настенные светильники, бра чёрный, купить бра";"Настенное бра в стиле лофт, чёрный — УСВЕТА";"Настенное бра в стиле лофт (чёрный) от производителя. Подходит в спальню, над кроватью, в гостиную и коридор. Гарантия завода, доставка по России."
377364039783;УСВЕТА;"4135/1 Белый";;Бра;"Светильник настенно-потолочный поворотный, бра УСВЕТА Лофт Белый, Е27";"Настенное бра в стиле лофт, белый. Освещение до 8 м?. Подходит в спальню, над кроватью, в гостиную и коридор. Производство УСВЕТА.";"<strong>Настенное бра в стиле лофт, белый</strong> — компактный настенный свет в спальню, над кроватью, в гостиную и коридор.<br /><br /><strong>Характеристики:</strong><br />- Цвет: белый<br />- Материал: металл, пластик<br />- Количество ламп: 1 шт., цоколь E27<br />- Допустимая мощность: 15Вт (напряжение 220В)<br />- Площадь освещения: до 8 м?<br /><br /><strong>Преимущества:</strong><br />- Собственное производство полного цикла на Урале.<br />- Гарантия 3 года, срок службы до 5 лет.<br />- Простой монтаж, крепёж в комплекте.<br />- Бренд УСВЕТА — проверенное качество в массовом сегменте.<br /><br /><br />Сертификаты соответствия и декларации о соответствии на продукцию: <a href=""https://usveta.ru/cerificate"" target=""_blank"" rel=""noopener"">https://usveta.ru/cerificate</a>";https://static.tildacdn.com/stor6564-6361-4533-a431-316434656337/ae190d9c1b361bad7cc8ae296aa766bb.jpg;380.00;1;999;;;NrziGoAinJ96T0sKddFM;;1;E27;"металл, пластик";Белый;"15Вт (напряжение 220В)";"Под планку";"149х178х149 мм";"3 года (срок эксплуатации 5 лет)";Россия;;;;;;180;79;110;111;"Бра настенный светильник лофт, белый, арт. 4135/1 | УСВЕТА";"Бра настенный светильник лофт, белый. Площадь освещения до 8 м?, мощность до 15 Вт. Подходит в спальню, над кроватью и в коридор. Производство и гарантия УСВЕТА.";"бра настенные, бра, бра на стену, светильник настенный бра, настенный светильник, бра настенные светильники, бра белый, купить бра";"Настенное бра в стиле лофт, белый — УСВЕТА";"Настенное бра в стиле лофт (белый) от производителя. Подходит в спальню, над кроватью, в гостиную и коридор. Гарантия завода, доставка по России."
240321588923;УСВЕТА;"4135/1 Черный";;Бра;"Светильник настенно-потолочный поворотный, бра УСВЕТА Лофт Черный, Е27";"Настенное бра в стиле лофт, белый. Освещение до 8 м?. Подходит в спальню, над кроватью, в гостиную и коридор. Производство УСВЕТА.";"<strong>Настенное бра в стиле лофт, белый</strong> — компактный настенный свет в спальню, над кроватью, в гостиную и коридор.<br /><br /><strong>Характеристики:</strong><br />- Цвет: белый<br />- Материал: металл, пластик<br />- Количество ламп: 1 шт., цоколь E27<br />- Допустимая мощность: 15Вт (напряжение 220В)<br />- Площадь освещения: до 8 м?<br /><br /><strong>Преимущества:</strong><br />- Собственное производство полного цикла на Урале.<br />- Гарантия 3 года, срок службы до 5 лет.<br />- Простой монтаж, крепёж в комплекте.<br />- Бренд УСВЕТА — проверенное качество в массовом сегменте.<br /><br /><br />Сертификаты соответствия и декларации о соответствии на продукцию: <a href=""https://usveta.ru/cerificate"" target=""_blank"" rel=""noopener"">https://usveta.ru/cerificate</a>";https://static.tildacdn.com/stor3066-6133-4464-b035-323635366135/3ad947b94f4fadaf3ef939d5477cdddd.jpg;380.00;3;999;;;dzN34E6jDEaJGMRyH08H;;1;E27;"металл, пластик";Белый;"15Вт (напряжение 220В)";"Под планку";"149х178х149 мм";"3 года (срок эксплуатации 5 лет)";Россия;;;;;;180;79;110;111;"Бра настенный светильник лофт, белый, арт. 4135/1 | УСВЕТА";"Бра настенный светильник лофт, белый. Площадь освещения до 8 м?, мощность до 15 Вт. Подходит в спальню, над кроватью и в коридор. Производство и гарантия УСВЕТА.";"бра настенные, бра, бра на стену, светильник настенный бра, настенный светильник, бра настенные светильники, бра белый, купить бра";"Настенное бра в стиле лофт, белый — УСВЕТА";"Настенное бра в стиле лофт (белый) от производителя. Подходит в спальню, над кроватью, в гостиную и коридор. Гарантия завода, доставка по России."
368194479463;УСВЕТА;"1020/1 Белый";;Бра;"Бра настенное чёрный, 1хE27 | УСВЕТА";"Настенное бра, чёрный. Подходит в спальню, над кроватью, в гостиную и коридор. Производство УСВЕТА.";"<strong>Настенное бра, чёрный</strong> — компактный настенный свет в спальню, над кроватью, в гостиную и коридор.<br /><br /><strong>Характеристики:</strong><br />- Цвет: чёрный<br />- Материал: металл, пластик<br />- Количество ламп: 1 шт., цоколь E27<br />- Допустимая мощность: 15Вт (напряжение 220В)<br /><br /><strong>Преимущества:</strong><br />- Собственное производство полного цикла на Урале.<br />- Гарантия 3 года, срок службы до 5 лет.<br />- Простой монтаж, крепёж в комплекте.<br />- Бренд УСВЕТА — проверенное качество в массовом сегменте.<br /><br /><br />Сертификаты соответствия и декларации о соответствии на продукцию: <a href=""https://usveta.ru/cerificate"" target=""_blank"" rel=""noopener"">https://usveta.ru/cerificate</a>";https://static.tildacdn.com/stor3433-6230-4234-b433-336233333832/a0d8efe46edc38a482efe27223136ef7.jpg;1129.00;13;1999;;;gTGvdOBtAKMIEzhYccbk;;1;E27;"металл, пластик";Черный;"15Вт (напряжение 220В)";"Под планку";;"3 года (срок эксплуатации 5 лет)";Россия;;;;;;450;310;210;220;"Бра настенный светильник, чёрный, арт. 1020/1 | УСВЕТА";"Бра настенный светильник, чёрный. Мощность до 15 Вт. Подходит в спальню, над кроватью и в коридор. Производство и гарантия УСВЕТА.";"бра настенные, бра, бра на стену, светильник настенный бра, настенный светильник, бра настенные светильники, бра чёрный, купить бра";"Настенное бра, чёрный — УСВЕТА";"Настенное бра (чёрный) от производителя. Подходит в спальню, над кроватью, в гостиную и коридор. Гарантия завода, доставка по России."
340589242913;УСВЕТА;"1020/1 Черный+Золото";;Бра;"Бра настенное черный + золото, 1хE27 | УСВЕТА";"Настенное бра, чёрный. Подходит в спальню, над кроватью, в гостиную и коридор. Производство УСВЕТА.";"<strong>Настенное бра, чёрный</strong> — компактный настенный свет в спальню, над кроватью, в гостиную и коридор.<br /><br /><strong>Характеристики:</strong><br />- Цвет: чёрный<br />- Материал: металл, пластик<br />- Количество ламп: 1 шт., цоколь E27<br />- Допустимая мощность: 15Вт (напряжение 220В)<br /><br /><strong>Преимущества:</strong><br />- Собственное производство полного цикла на Урале.<br />- Гарантия 3 года, срок службы до 5 лет.<br />- Простой монтаж, крепёж в комплекте.<br />- Бренд УСВЕТА — проверенное качество в массовом сегменте.<br /><br /><br />Сертификаты соответствия и декларации о соответствии на продукцию: <a href=""https://usveta.ru/cerificate"" target=""_blank"" rel=""noopener"">https://usveta.ru/cerificate</a>";https://static.tildacdn.com/stor3832-6563-4834-b966-383339623666/ed3b6e26121dd77b602936886f7dc592.jpg;1188.00;16;1999;;;3oF562VOecNtMtsIM64X;;1;E27;"металл, пластик";Черный;"15Вт (напряжение 220В)";"Под планку";;"3 года (срок эксплуатации 5 лет)";Россия;;;;;;450;310;210;220;"Бра настенный светильник, чёрный, арт. 1020/1 | УСВЕТА";"Бра настенный светильник, чёрный. Мощность до 15 Вт. Подходит в спальню, над кроватью и в коридор. Производство и гарантия УСВЕТА.";"бра настенные, бра, бра на стену, светильник настенный бра, настенный светильник, бра настенные светильники, бра чёрный, купить бра";"Настенное бра, чёрный — УСВЕТА";"Настенное бра (чёрный) от производителя. Подходит в спальню, над кроватью, в гостиную и коридор. Гарантия завода, доставка по России."
975875615383;УСВЕТА;"1721/1 Белый";;Бра;"Бра настенное белый, 1хE27 | УСВЕТА";"Настенное бра, белый. Подходит в спальню, над кроватью, в гостиную и коридор. Производство УСВЕТА.";"<strong>Настенное бра, белый</strong> — компактный настенный свет в спальню, над кроватью, в гостиную и коридор.<br /><br /><strong>Характеристики:</strong><br />- Цвет: белый<br />- Материал: металл, пластик<br />- Количество ламп: 1 шт., цоколь E27<br />- Допустимая мощность: 15Вт (напряжение 220В)<br /><br /><strong>Преимущества:</strong><br />- Собственное производство полного цикла на Урале.<br />- Гарантия 3 года, срок службы до 5 лет.<br />- Простой монтаж, крепёж в комплекте.<br />- Бренд УСВЕТА — проверенное качество в массовом сегменте.<br /><br /><br />Сертификаты соответствия и декларации о соответствии на продукцию: <a href=""https://usveta.ru/cerificate"" target=""_blank"" rel=""noopener"">https://usveta.ru/cerificate</a>";https://static.tildacdn.com/stor3035-3939-4031-b139-353164666431/9a338fc410a98322b3b41d9b05b54275.jpg;951.00;14;1499;;;ZLSdXzHtUKpvYl9yuC5t;;1;E27;"металл, пластик";Белый;"15Вт (напряжение 220В)";"Под планку";"140х135х140 мм";"3 года (срок эксплуатации 5 лет)";Россия;;;;;;315;180;180;185;"Бра настенный светильник, белый, арт. 1721/1 | УСВЕТА";"Бра настенный светильник, белый. Мощность до 15 Вт. Подходит в спальню, над кроватью и в коридор. Производство и гарантия УСВЕТА.";"бра настенные, бра, бра на стену, светильник настенный бра, настенный светильник, бра настенные светильники, бра белый, купить бра";"Настенное бра, белый — УСВЕТА";"Настенное бра (белый) от производителя. Подходит в спальню, над кроватью, в гостиную и коридор. Гарантия завода, доставка по России."
510812461483;УСВЕТА;"1724/1 Белый";;Бра;"Бра настенное белый, 1хE27 | УСВЕТА";"Настенное бра, белый. Подходит в спальню, над кроватью, в гостиную и коридор. Производство УСВЕТА.";"<strong>Настенное бра, белый</strong> — компактный настенный свет в спальню, над кроватью, в гостиную и коридор.<br /><br /><strong>Характеристики:</strong><br />- Цвет: белый<br />- Материал: металл, пластик<br />- Количество ламп: 1 шт., цоколь E27<br />- Допустимая мощность: 15Вт (напряжение 220В)<br /><br /><strong>Преимущества:</strong><br />- Собственное производство полного цикла на Урале.<br />- Гарантия 3 года, срок службы до 5 лет.<br />- Простой монтаж, крепёж в комплекте.<br />- Бренд УСВЕТА — проверенное качество в массовом сегменте.<br /><br /><br />Сертификаты соответствия и декларации о соответствии на продукцию: <a href=""https://usveta.ru/cerificate"" target=""_blank"" rel=""noopener"">https://usveta.ru/cerificate</a>";https://static.tildacdn.com/stor3238-6239-4732-b137-343665666634/6ecdc912c3c1e4284578ddd9415596c7.jpg;769.00;0;1499;;;tNTyG86tVRtv7BNOaOZO;;1;E27;"металл, пластик";Белый;"15Вт (напряжение 220В)";"Под планку";"140х135х140 мм";"3 года (срок эксплуатации 5 лет)";Россия;;;;;;340;180;180;185;"Бра настенный светильник, белый, арт. 1724/1 | УСВЕТА";"Бра настенный светильник, белый. Мощность до 15 Вт. Подходит в спальню, над кроватью и в коридор. Производство и гарантия УСВЕТА.";"бра настенные, бра, бра на стену, светильник настенный бра, настенный светильник, бра настенные светильники, бра белый, купить бра";"Настенное бра, белый — УСВЕТА";"Настенное бра (белый) от производителя. Подходит в спальню, над кроватью, в гостиную и коридор. Гарантия завода, доставка по России."
293000103223;УСВЕТА;"1724/1 Черный";;Бра;"Бра настенное чёрный, 1хE27 | УСВЕТА";"Настенное бра, чёрный. Подходит в спальню, над кроватью, в гостиную и коридор. Производство УСВЕТА.";"<strong>Настенное бра, чёрный</strong> — компактный настенный свет в спальню, над кроватью, в гостиную и коридор.<br /><br /><strong>Характеристики:</strong><br />- Цвет: чёрный<br />- Материал: металл, пластик<br />- Количество ламп: 1 шт., цоколь E27<br />- Допустимая мощность: 15Вт (напряжение 220В)<br /><br /><strong>Преимущества:</strong><br />- Собственное производство полного цикла на Урале.<br />- Гарантия 3 года, срок службы до 5 лет.<br />- Простой монтаж, крепёж в комплекте.<br />- Бренд УСВЕТА — проверенное качество в массовом сегменте.<br /><br /><br />Сертификаты соответствия и декларации о соответствии на продукцию: <a href=""https://usveta.ru/cerificate"" target=""_blank"" rel=""noopener"">https://usveta.ru/cerificate</a>";https://static.tildacdn.com/stor6135-3830-4665-b261-373264313032/e8ad7f5b3de7059d27d6b34f1a325d20.jpg;765.00;0;1499;;;2jBhtzLCBgvvJFFTB5pE;;1;E27;"металл, пластик";Черный;"15Вт (напряжение 220В)";"Под планку";"140х135х140 мм";"3 года (срок эксплуатации 5 лет)";Россия;;;;;;340;180;180;185;"Бра настенный светильник, чёрный, арт. 1724/1 | УСВЕТА";"Бра настенный светильник, чёрный. Мощность до 15 Вт. Подходит в спальню, над кроватью и в коридор. Производство и гарантия УСВЕТА.";"бра настенные, бра, бра на стену, светильник настенный бра, настенный светильник, бра настенные светильники, бра чёрный, купить бра";"Настенное бра, чёрный — УСВЕТА";"Настенное бра (чёрный) от производителя. Подходит в спальню, над кроватью, в гостиную и коридор. Гарантия завода, доставка по России."
489875658263;УСВЕТА;"1113/1 Черный";;"Подвесной светильник";"Подвесной светильник чёрный, 1хE27 | УСВЕТА";"Подвесной светильник, чёрный, 1 рожок E27. Подходит на кухню, в гостиную и над обеденным столом. Производство УСВЕТА.";"<strong>Подвесной светильник, чёрный</strong> — акцентный свет над столом и в зоне отдыха, на кухню, в гостиную и над обеденным столом.<br /><br /><strong>Характеристики:</strong><br />- Цвет: чёрный<br />- Материал: металл, пластик<br />- Количество ламп: 1 шт., цоколь E27<br />- Допустимая мощность: 15Вт (напряжение 220В)<br /><br /><strong>Преимущества:</strong><br />- Собственное производство полного цикла на Урале.<br />- Гарантия 3 года, срок службы до 5 лет.<br />- Простой монтаж, крепёж в комплекте.<br />- Бренд УСВЕТА — проверенное качество в массовом сегменте.<br /><br /><br />Сертификаты соответствия и декларации о соответствии на продукцию: <a href=""https://usveta.ru/cerificate"" target=""_blank"" rel=""noopener"">https://usveta.ru/cerificate</a>";https://static.tildacdn.com/stor3466-3137-4665-a165-623038336631/f5db6c6aa5974c719ae881ea01e9388d.jpg;375.00;18;999;;;TgU0sPGR48r8ZpufsDvH;;1;E27;"металл, пластик";Черный;"15Вт (напряжение 220В)";"Крепление под крюк";;"3 года (срок эксплуатации 5 лет)";Россия;;;;;;240;165;165;280;"Светильник подвесной, 1хE27, чёрный, арт. 1113/1 | УСВЕТА";"Светильник подвесной, чёрный. 1 рожок с цоколем E27, мощность до 15 Вт. Подходит на кухню, в гостиную и над столом. Производство и гарантия УСВЕТА.";"светильник подвесной, светильник потолочный подвесной, люстра подвесная, светильник подвесной потолочный, подвесной светильник, светильник на кухню, светильник подвесной чёрный, купить светильник подвесной";"Подвесной светильник, чёрный — УСВЕТА";"Подвесной светильник (чёрный) от производителя. Подходит на кухню, в гостиную и над обеденным столом. Гарантия завода, доставка по России."
834512233123;УСВЕТА;"1113/2 Черный";;"Подвесной светильник";"Подвесной светильник черны, 2хE27 | УСВЕТА";"Подвесной светильник, чёрный, 2 рожка E27. Подходит на кухню, в гостиную и над обеденным столом. Производство УСВЕТА.";"<strong>Подвесной светильник, чёрный</strong> — акцентный свет над столом и в зоне отдыха, на кухню, в гостиную и над обеденным столом.<br /><br /><strong>Характеристики:</strong><br />- Цвет: чёрный<br />- Материал: металл, пластик<br />- Количество ламп: 2 шт., цоколь E27<br />- Допустимая мощность: 15Вт (напряжение 220В)<br /><br /><strong>Преимущества:</strong><br />- Собственное производство полного цикла на Урале.<br />- Гарантия 3 года, срок службы до 5 лет.<br />- Простой монтаж, крепёж в комплекте.<br />- Бренд УСВЕТА — проверенное качество в массовом сегменте.<br /><br /><br />Сертификаты соответствия и декларации о соответствии на продукцию: <a href=""https://usveta.ru/cerificate"" target=""_blank"" rel=""noopener"">https://usveta.ru/cerificate</a>";https://static.tildacdn.com/stor3133-3930-4135-b030-643663316662/8bc833269bc77661b7b9650d55f242ba.jpg;1034.00;0;1999;;;XlFFUMsa1FxiuM7hDR80;;2;E27;"металл, пластик";Черный;"15Вт (напряжение 220В)";"Крепление под крюк";;"3 года (срок эксплуатации 5 лет)";Россия;;;;;;500;435;230;150;"Светильник подвесной, 2хE27, чёрный, арт. 1113/2 | УСВЕТА";"Светильник подвесной, чёрный. 2 рожка с цоколем E27, мощность до 15 Вт. Подходит на кухню, в гостиную и над столом. Производство и гарантия УСВЕТА.";"светильник подвесной, светильник потолочный подвесной, люстра подвесная, светильник подвесной потолочный, подвесной светильник, светильник на кухню, светильник подвесной чёрный, купить светильник подвесной";"Подвесной светильник, чёрный — УСВЕТА";"Подвесной светильник (чёрный) от производителя. Подходит на кухню, в гостиную и над обеденным столом. Гарантия завода, доставка по России."
895931929483;УСВЕТА;"1114/3 Черный";;"Подвесной светильник";"Светильник подвесной УСВЕТА Лофт Черный, Е27, 40 Вт";"Подвесной светильник в стиле лофт, чёрный, 3 рожка E27. Освещение до 16 м?. Подходит на кухню, в гостиную и над обеденным столом. Производство УСВЕТА.";"<strong>Подвесной светильник в стиле лофт, чёрный</strong> — акцентный свет над столом и в зоне отдыха, на кухню, в гостиную и над обеденным столом.<br /><br /><strong>Характеристики:</strong><br />- Цвет: чёрный<br />- Материал: металл, пластик<br />- Количество ламп: 3 шт., цоколь E27<br />- Допустимая мощность: 15Вт (напряжение 220В)<br />- Площадь освещения: до 16 м?<br /><br /><strong>Преимущества:</strong><br />- Собственное производство полного цикла на Урале.<br />- Гарантия 3 года, срок службы до 5 лет.<br />- Простой монтаж, крепёж в комплекте.<br />- Бренд УСВЕТА — проверенное качество в массовом сегменте.<br /><br /><br />Сертификаты соответствия и декларации о соответствии на продукцию: <a href=""https://usveta.ru/cerificate"" target=""_blank"" rel=""noopener"">https://usveta.ru/cerificate</a>";https://static.tildacdn.com/stor6462-3961-4632-b031-303235393164/6f05c59ca7ad3e787f913be99b584b6d.jpg;1523.00;36;2499;;;3FfbUVzjjev4NMDaRIBg;;3;E27;"металл, пластик";Черный;"15Вт (напряжение 220В)";"Под планку";;"3 года (срок эксплуатации 5 лет)";Россия;;;;;;800;170;280;280;"Светильник подвесной лофт, 3хE27, чёрный, арт. 1114/3 | УСВЕТА";"Светильник подвесной лофт, чёрный. 3 рожка с цоколем E27, площадь освещения до 16 м?, мощность до 15 Вт. Подходит на кухню, в гостиную и над столом. Производство и гарантия УСВЕТА.";"светильник подвесной, светильник потолочный подвесной, люстра подвесная, светильник подвесной потолочный, подвесной светильник, светильник на кухню, светильник подвесной чёрный, купить светильник подвесной, светильник подвесной для натяжного потолка";"Подвесной светильник в стиле лофт, чёрный — УСВЕТА";"Подвесной светильник в стиле лофт (чёрный) от производителя. Подходит на кухню, в гостиную и над обеденным столом. Гарантия завода, доставка по России."
236535764043;УСВЕТА;"1115/1 Черный";;"Подвесной светильник";"Подвесной светильник чёрный, 1хE27 | УСВЕТА";"Подвесной светильник, чёрный, 1 рожок E27. Подходит на кухню, в гостиную и над обеденным столом. Производство УСВЕТА.";"<strong>Подвесной светильник, чёрный</strong> — акцентный свет над столом и в зоне отдыха, на кухню, в гостиную и над обеденным столом.<br /><br /><strong>Характеристики:</strong><br />- Цвет: чёрный<br />- Материал: металл, пластик<br />- Количество ламп: 1 шт., цоколь E27<br />- Допустимая мощность: 15Вт (напряжение 220В)<br /><br /><strong>Преимущества:</strong><br />- Собственное производство полного цикла на Урале.<br />- Гарантия 3 года, срок службы до 5 лет.<br />- Простой монтаж, крепёж в комплекте.<br />- Бренд УСВЕТА — проверенное качество в массовом сегменте.<br /><br /><br />Сертификаты соответствия и декларации о соответствии на продукцию: <a href=""https://usveta.ru/cerificate"" target=""_blank"" rel=""noopener"">https://usveta.ru/cerificate</a>";https://static.tildacdn.com/stor3437-3264-4539-a433-666663623731/20ce70fe01f1d8e58f1c9405bb497d70.jpg;608.00;0;999;;;p9yMNFO9TxgYRHF3zCcI;;1;E27;"металл, пластик";Черный;"15Вт (напряжение 220В)";"Крепление под крюк";;"3 года (срок эксплуатации 5 лет)";Россия;;;;;;290;305;305;175;"Светильник подвесной, 1хE27, чёрный, арт. 1115/1 | УСВЕТА";"Светильник подвесной, чёрный. 1 рожок с цоколем E27, мощность до 15 Вт. Подходит на кухню, в гостиную и над столом. Производство и гарантия УСВЕТА.";"светильник подвесной, светильник потолочный подвесной, люстра подвесная, светильник подвесной потолочный, подвесной светильник, светильник на кухню, светильник подвесной чёрный, купить светильник подвесной";"Подвесной светильник, чёрный — УСВЕТА";"Подвесной светильник (чёрный) от производителя. Подходит на кухню, в гостиную и над обеденным столом. Гарантия завода, доставка по России."
765145484103;УСВЕТА;"1115/3 Черный";;"Подвесной светильник";"Подвесной светильник чёрный, 3хE27 | УСВЕТА";"Подвесной светильник, чёрный, 3 рожка E27. Подходит на кухню, в гостиную и над обеденным столом. Производство УСВЕТА.";"<strong>Подвесной светильник, чёрный</strong> — акцентный свет над столом и в зоне отдыха, на кухню, в гостиную и над обеденным столом.<br /><br /><strong>Характеристики:</strong><br />- Цвет: чёрный<br />- Материал: металл, пластик<br />- Количество ламп: 3 шт., цоколь E27<br />- Допустимая мощность: 15Вт (напряжение 220В)<br /><br /><strong>Преимущества:</strong><br />- Собственное производство полного цикла на Урале.<br />- Гарантия 3 года, срок службы до 5 лет.<br />- Простой монтаж, крепёж в комплекте.<br />- Бренд УСВЕТА — проверенное качество в массовом сегменте.<br /><br /><br />Сертификаты соответствия и декларации о соответствии на продукцию: <a href=""https://usveta.ru/cerificate"" target=""_blank"" rel=""noopener"">https://usveta.ru/cerificate</a>";https://static.tildacdn.com/stor6438-6637-4632-b561-366464656336/73ba42579c237949b29cb33259e5f3c4.jpg;1676.00;0;2999;;;aGRSMuEtRtKS7dhXVKZO;;3;E27;"металл, пластик";Черный;"15Вт (напряжение 220В)";"Под планку";;"3 года (срок эксплуатации 5 лет)";Россия;;;;;;915;610;165;205;"Светильник подвесной, 3хE27, чёрный, арт. 1115/3 | УСВЕТА";"Светильник подвесной, чёрный. 3 рожка с цоколем E27, мощность до 15 Вт. Подходит на кухню, в гостиную и над столом. Производство и гарантия УСВЕТА.";"светильник подвесной, светильник потолочный подвесной, люстра подвесная, светильник подвесной потолочный, подвесной светильник, светильник на кухню, светильник подвесной чёрный, купить светильник подвесной";"Подвесной светильник, чёрный — УСВЕТА";"Подвесной светильник (чёрный) от производителя. Подходит на кухню, в гостиную и над обеденным столом. Гарантия завода, доставка по России."
954258154283;УСВЕТА;"1117/1 Белый";;"Подвесной светильник";"Подвесной светильник белый, 1хE27 | УСВЕТА";"Подвесной светильник, белый, 1 рожок E27. Подходит на кухню, в гостиную и над обеденным столом. Производство УСВЕТА.";"<strong>Подвесной светильник, белый</strong> — акцентный свет над столом и в зоне отдыха, на кухню, в гостиную и над обеденным столом.<br /><br /><strong>Характеристики:</strong><br />- Цвет: белый<br />- Материал: металл, пластик<br />- Количество ламп: 1 шт., цоколь E27<br />- Допустимая мощность: 15Вт (напряжение 220В)<br /><br /><strong>Преимущества:</strong><br />- Собственное производство полного цикла на Урале.<br />- Гарантия 3 года, срок службы до 5 лет.<br />- Простой монтаж, крепёж в комплекте.<br />- Бренд УСВЕТА — проверенное качество в массовом сегменте.<br /><br /><br />Сертификаты соответствия и декларации о соответствии на продукцию: <a href=""https://usveta.ru/cerificate"" target=""_blank"" rel=""noopener"">https://usveta.ru/cerificate</a>";https://static.tildacdn.com/stor3934-6461-4639-a264-613766313337/b4529f49ceaae87bc632daf80706f523.jpg;1115.00;11;1999;;;kT2xfvK8MouXG4fSMotV;;1;E27;"металл, пластик";Белый;"15Вт (напряжение 220В)";"Под планку";;"3 года (срок эксплуатации 5 лет)";Россия;;;;;;560;240;240;230;"Светильник подвесной, 1хE27, белый, арт. 1117/1 | УСВЕТА";"Светильник подвесной, белый. 1 рожок с цоколем E27, мощность до 15 Вт. Подходит на кухню, в гостиную и над столом. Производство и гарантия УСВЕТА.";"светильник подвесной, светильник потолочный подвесной, люстра подвесная, светильник подвесной потолочный, подвесной светильник, светильник на кухню, светильник подвесной белый, купить светильник подвесной";"Подвесной светильник, белый — УСВЕТА";"Подвесной светильник (белый) от производителя. Подходит на кухню, в гостиную и над обеденным столом. Гарантия завода, доставка по России."
906878991103;УСВЕТА;"1117/1 Хром";;"Подвесной светильник";"Подвесной светильник хромированный, 1хE27 | УСВЕТА";"Подвесной светильник, хром, 1 рожок E27. Подходит на кухню, в гостиную и над обеденным столом. Производство УСВЕТА.";"<strong>Подвесной светильник, хром</strong> — акцентный свет над столом и в зоне отдыха, на кухню, в гостиную и над обеденным столом.<br /><br /><strong>Характеристики:</strong><br />- Цвет: хром<br />- Материал: металл, пластик<br />- Количество ламп: 1 шт., цоколь E27<br />- Допустимая мощность: 15Вт (напряжение 220В)<br /><br /><strong>Преимущества:</strong><br />- Собственное производство полного цикла на Урале.<br />- Гарантия 3 года, срок службы до 5 лет.<br />- Простой монтаж, крепёж в комплекте.<br />- Бренд УСВЕТА — проверенное качество в массовом сегменте.<br /><br /><br />Сертификаты соответствия и декларации о соответствии на продукцию: <a href=""https://usveta.ru/cerificate"" target=""_blank"" rel=""noopener"">https://usveta.ru/cerificate</a>";https://static.tildacdn.com/stor6435-3136-4261-b831-363432323965/65a66773edcc882175070c6dcc2d18a4.jpg;1230.00;39;1999;;;EIMVpvYrEdH8sHdddR7C;;1;E27;"металл, пластик";Хром;"15Вт (напряжение 220В)";"Под планку";;"3 года (срок эксплуатации 5 лет)";Россия;;;;;;490;235;235;230;"Светильник подвесной, 1хE27, хром, арт. 1117/1 | УСВЕТА";"Светильник подвесной, хром. 1 рожок с цоколем E27, мощность до 15 Вт. Подходит на кухню, в гостиную и над столом. Производство и гарантия УСВЕТА.";"светильник подвесной, светильник потолочный подвесной, люстра подвесная, светильник подвесной потолочный, подвесной светильник, светильник на кухню, светильник подвесной хром, купить светильник подвесной";"Подвесной светильник, хром — УСВЕТА";"Подвесной светильник (хром) от производителя. Подходит на кухню, в гостиную и над обеденным столом. Гарантия завода, доставка по России."
144881193763;УСВЕТА;"1117/1 Черный";;"Подвесной светильник";"Подвесной светильник чёрный, 1хE27 | УСВЕТА";"Подвесной светильник, чёрный, 1 рожок E27. Подходит на кухню, в гостиную и над обеденным столом. Производство УСВЕТА.";"<strong>Подвесной светильник, чёрный</strong> — акцентный свет над столом и в зоне отдыха, на кухню, в гостиную и над обеденным столом.<br /><br /><strong>Характеристики:</strong><br />- Цвет: чёрный<br />- Материал: металл, пластик<br />- Количество ламп: 1 шт., цоколь E27<br />- Допустимая мощность: 15Вт (напряжение 220В)<br /><br /><strong>Преимущества:</strong><br />- Собственное производство полного цикла на Урале.<br />- Гарантия 3 года, срок службы до 5 лет.<br />- Простой монтаж, крепёж в комплекте.<br />- Бренд УСВЕТА — проверенное качество в массовом сегменте.<br /><br /><br />Сертификаты соответствия и декларации о соответствии на продукцию: <a href=""https://usveta.ru/cerificate"" target=""_blank"" rel=""noopener"">https://usveta.ru/cerificate</a>";https://static.tildacdn.com/stor3262-3838-4635-a339-393262663365/e5588ee6c8027a4021711482d8251fc1.jpg;1107.00;25;1999;;;uDIydKEKdBTx5i06fcLY;;1;E27;"металл, пластик";Черный;"15Вт (напряжение 220В)";"Под планку";;"3 года (срок эксплуатации 5 лет)";Россия;;;;;;490;235;230;235;"Светильник подвесной, 1хE27, чёрный, арт. 1117/1 | УСВЕТА";"Светильник подвесной, чёрный. 1 рожок с цоколем E27, мощность до 15 Вт. Подходит на кухню, в гостиную и над столом. Производство и гарантия УСВЕТА.";"светильник подвесной, светильник потолочный подвесной, люстра подвесная, светильник подвесной потолочный, подвесной светильник, светильник на кухню, светильник подвесной чёрный, купить светильник подвесной";"Подвесной светильник, чёрный — УСВЕТА";"Подвесной светильник (чёрный) от производителя. Подходит на кухню, в гостиную и над обеденным столом. Гарантия завода, доставка по России."
909703923143;УСВЕТА;"1118/1 Белый";;"Подвесной светильник";"Светильник, люстра потолочная УСВЕТА Лофт Белый, Е27, 40 Вт";"Подвесной светильник в стиле лофт, белый, 1 рожок E27. Освещение до 8 м?. Подходит на кухню, в гостиную и над обеденным столом. Производство УСВЕТА.";"<strong>Подвесной светильник в стиле лофт, белый</strong> — акцентный свет над столом и в зоне отдыха, на кухню, в гостиную и над обеденным столом.<br /><br /><strong>Характеристики:</strong><br />- Цвет: белый<br />- Материал: металл, пластик<br />- Количество ламп: 1 шт., цоколь E27<br />- Допустимая мощность: 15Вт (напряжение 220В)<br />- Площадь освещения: до 8 м?<br /><br /><strong>Преимущества:</strong><br />- Собственное производство полного цикла на Урале.<br />- Гарантия 3 года, срок службы до 5 лет.<br />- Простой монтаж, крепёж в комплекте.<br />- Бренд УСВЕТА — проверенное качество в массовом сегменте.<br /><br /><br />Сертификаты соответствия и декларации о соответствии на продукцию: <a href=""https://usveta.ru/cerificate"" target=""_blank"" rel=""noopener"">https://usveta.ru/cerificate</a>";https://static.tildacdn.com/stor6632-3033-4033-b232-363032666336/1bcc08ffae813f56ff8f0a601b205a13.jpg;953.00;39;1499;;;dp0hS3F6NcBMlbsLFKFn;;1;E27;"металл, пластик";Белый;"15Вт (напряжение 220В)";"Под планку";;"3 года (срок эксплуатации 5 лет)";Россия;;;;;;360;175;175;210;"Светильник подвесной лофт, 1хE27, белый, арт. 1118/1 | УСВЕТА";"Светильник подвесной лофт, белый. 1 рожок с цоколем E27, площадь освещения до 8 м?, мощность до 15 Вт. Подходит на кухню, в гостиную и над столом. Производство и гарантия УСВЕТА.";"светильник подвесной, светильник потолочный подвесной, люстра подвесная, светильник подвесной потолочный, подвесной светильник, светильник на кухню, светильник подвесной белый, купить светильник подвесной, светильник подвесной для натяжного потолка";"Подвесной светильник в стиле лофт, белый — УСВЕТА";"Подвесной светильник в стиле лофт (белый) от производителя. Подходит на кухню, в гостиную и над обеденным столом. Гарантия завода, доставка по России."
930687902433;УСВЕТА;"1118/1 Хром";;"Подвесной светильник";"Потолочный светильник, люстра на кухню УСВЕТА Лофт Хром, Е27, 40 Вт";"Подвесной светильник в стиле лофт, хром, 1 рожок E27. Освещение до 8 м?. Подходит на кухню, в гостиную и над обеденным столом. Производство УСВЕТА.";"<strong>Подвесной светильник в стиле лофт, хром</strong> — акцентный свет над столом и в зоне отдыха, на кухню, в гостиную и над обеденным столом.<br /><br /><strong>Характеристики:</strong><br />- Цвет: хром<br />- Материал: металл, пластик<br />- Количество ламп: 1 шт., цоколь E27<br />- Допустимая мощность: 15Вт (напряжение 220В)<br />- Площадь освещения: до 8 м?<br /><br /><strong>Преимущества:</strong><br />- Собственное производство полного цикла на Урале.<br />- Гарантия 3 года, срок службы до 5 лет.<br />- Простой монтаж, крепёж в комплекте.<br />- Бренд УСВЕТА — проверенное качество в массовом сегменте.<br /><br /><br />Сертификаты соответствия и декларации о соответствии на продукцию: <a href=""https://usveta.ru/cerificate"" target=""_blank"" rel=""noopener"">https://usveta.ru/cerificate</a>";https://static.tildacdn.com/stor3734-6138-4362-b431-653135646336/a7f63091571aca803e2a1119634f2e91.jpg;1047.00;50;1999;;;FsvDTL44To9zPX9gX4I5;;1;E27;"металл, пластик";Хром;"15Вт (напряжение 220В)";"Под планку";;"3 года (срок эксплуатации 5 лет)";Россия;;;;;;360;175;175;210;"Светильник подвесной лофт, 1хE27, хром, арт. 1118/1 | УСВЕТА";"Светильник подвесной лофт, хром. 1 рожок с цоколем E27, площадь освещения до 8 м?, мощность до 15 Вт. Подходит на кухню, в гостиную и над столом. Производство и гарантия УСВЕТА.";"светильник подвесной, светильник потолочный подвесной, люстра подвесная, светильник подвесной потолочный, подвесной светильник, светильник на кухню, светильник подвесной хром, купить светильник подвесной, светильник подвесной для натяжного потолка";"Подвесной светильник в стиле лофт, хром — УСВЕТА";"Подвесной светильник в стиле лофт (хром) от производителя. Подходит на кухню, в гостиную и над обеденным столом. Гарантия завода, доставка по России."
223735351453;УСВЕТА;"1118/1 Черный";;"Подвесной светильник";"Светильник потолочный, люстра в спальню УСВЕТА Лофт Черный, Е27, 40 Вт";"Подвесной светильник в стиле лофт, чёрный, 1 рожок E27. Освещение до 8 м?. Подходит на кухню, в гостиную и над обеденным столом. Производство УСВЕТА.";"<strong>Подвесной светильник в стиле лофт, чёрный</strong> — акцентный свет над столом и в зоне отдыха, на кухню, в гостиную и над обеденным столом.<br /><br /><strong>Характеристики:</strong><br />- Цвет: чёрный<br />- Материал: металл, пластик<br />- Количество ламп: 1 шт., цоколь E27<br />- Допустимая мощность: 15Вт (напряжение 220В)<br />- Площадь освещения: до 8 м?<br /><br /><strong>Преимущества:</strong><br />- Собственное производство полного цикла на Урале.<br />- Гарантия 3 года, срок службы до 5 лет.<br />- Простой монтаж, крепёж в комплекте.<br />- Бренд УСВЕТА — проверенное качество в массовом сегменте.<br /><br /><br />Сертификаты соответствия и декларации о соответствии на продукцию: <a href=""https://usveta.ru/cerificate"" target=""_blank"" rel=""noopener"">https://usveta.ru/cerificate</a>";https://static.tildacdn.com/stor6537-3532-4866-b666-643232376665/947ee71d0b66ba63e4d859c43d815bc5.jpg;935.00;50;1499;;;legO05GYT6CXJ3TLXaId;;1;E27;"металл, пластик";Черный;"15Вт (напряжение 220В)";"Под планку";;"3 года (срок эксплуатации 5 лет)";Россия;;;;;;360;175;175;210;"Светильник подвесной лофт, 1хE27, чёрный, арт. 1118/1 | УСВЕТА";"Светильник подвесной лофт, чёрный. 1 рожок с цоколем E27, площадь освещения до 8 м?, мощность до 15 Вт. Подходит на кухню, в гостиную и над столом. Производство и гарантия УСВЕТА.";"светильник подвесной, светильник потолочный подвесной, люстра подвесная, светильник подвесной потолочный, подвесной светильник, светильник на кухню, светильник подвесной чёрный, купить светильник подвесной, светильник подвесной для натяжного потолка";"Подвесной светильник в стиле лофт, чёрный — УСВЕТА";"Подвесной светильник в стиле лофт (чёрный) от производителя. Подходит на кухню, в гостиную и над обеденным столом. Гарантия завода, доставка по России."
211343539343;УСВЕТА;"1119/1 белый";;"Подвесной светильник";"Подвесной светильник белый, 1хE27 | УСВЕТА";"Подвесной светильник, белый, 1 рожок E27. Подходит на кухню, в гостиную и над обеденным столом. Производство УСВЕТА.";"<strong>Подвесной светильник, белый</strong> — акцентный свет над столом и в зоне отдыха, на кухню, в гостиную и над обеденным столом.<br /><br /><strong>Характеристики:</strong><br />- Цвет: белый<br />- Материал: металл, пластик<br />- Количество ламп: 1 шт., цоколь E27<br />- Допустимая мощность: 15Вт (напряжение 220В)<br /><br /><strong>Преимущества:</strong><br />- Собственное производство полного цикла на Урале.<br />- Гарантия 3 года, срок службы до 5 лет.<br />- Простой монтаж, крепёж в комплекте.<br />- Бренд УСВЕТА — проверенное качество в массовом сегменте.<br /><br /><br />Сертификаты соответствия и декларации о соответствии на продукцию: <a href=""https://usveta.ru/cerificate"" target=""_blank"" rel=""noopener"">https://usveta.ru/cerificate</a>";https://static.tildacdn.com/stor3136-3339-4132-a134-623232303236/94d96351fc992f08fe1f554caf056d71.jpg;687.00;0;1499;;;jknsfetfl6tdTzIHdZ7J;;1;E27;"металл, пластик";Белый;"15Вт (напряжение 220В)";"Крепление под крюк";;"3 года (срок эксплуатации 5 лет)";Россия;;;;;;360;300;290;225;"Светильник подвесной, 1хE27, белый, арт. 1119/1 | УСВЕТА";"Светильник подвесной, белый. 1 рожок с цоколем E27, мощность до 15 Вт. Подходит на кухню, в гостиную и над столом. Производство и гарантия УСВЕТА.";"светильник подвесной, светильник потолочный подвесной, люстра подвесная, светильник подвесной потолочный, подвесной светильник, светильник на кухню, светильник подвесной белый, купить светильник подвесной";"Подвесной светильник, белый — УСВЕТА";"Подвесной светильник (белый) от производителя. Подходит на кухню, в гостиную и над обеденным столом. Гарантия завода, доставка по России."
432325433813;УСВЕТА;"1119/1 Черный";;"Подвесной светильник";"Подвесной светильник чёрный, 1хE27 | УСВЕТА";"Подвесной светильник, чёрный, 1 рожок E27. Подходит на кухню, в гостиную и над обеденным столом. Производство УСВЕТА.";"<strong>Подвесной светильник, чёрный</strong> — акцентный свет над столом и в зоне отдыха, на кухню, в гостиную и над обеденным столом.<br /><br /><strong>Характеристики:</strong><br />- Цвет: чёрный<br />- Материал: металл, пластик<br />- Количество ламп: 1 шт., цоколь E27<br />- Допустимая мощность: 15Вт (напряжение 220В)<br /><br /><strong>Преимущества:</strong><br />- Собственное производство полного цикла на Урале.<br />- Гарантия 3 года, срок службы до 5 лет.<br />- Простой монтаж, крепёж в комплекте.<br />- Бренд УСВЕТА — проверенное качество в массовом сегменте.<br /><br /><br />Сертификаты соответствия и декларации о соответствии на продукцию: <a href=""https://usveta.ru/cerificate"" target=""_blank"" rel=""noopener"">https://usveta.ru/cerificate</a>";https://static.tildacdn.com/stor3031-3438-4164-b235-376139323236/b2273f9af63b5b317f023853481c0824.jpg;720.00;50;1499;;;tiVe0uhO69e41sMJPvUb;;1;E27;"металл, пластик";Черный;"15Вт (напряжение 220В)";"Крепление под крюк";;"3 года (срок эксплуатации 5 лет)";Россия;;;;;;360;300;290;225;"Светильник подвесной, 1хE27, чёрный, арт. 1119/1 | УСВЕТА";"Светильник подвесной, чёрный. 1 рожок с цоколем E27, мощность до 15 Вт. Подходит на кухню, в гостиную и над столом. Производство и гарантия УСВЕТА.";"светильник подвесной, светильник потолочный подвесной, люстра подвесная, светильник подвесной потолочный, подвесной светильник, светильник на кухню, светильник подвесной чёрный, купить светильник подвесной";"Подвесной светильник, чёрный — УСВЕТА";"Подвесной светильник (чёрный) от производителя. Подходит на кухню, в гостиную и над обеденным столом. Гарантия завода, доставка по России."
508511202663;УСВЕТА;"1119/2 Черный";;"Подвесной светильник";"Подвесной светильник чёрный, 2хE27 | УСВЕТА";"Подвесной светильник, чёрный, 2 рожка E27. Подходит на кухню, в гостиную и над обеденным столом. Производство УСВЕТА.";"<strong>Подвесной светильник, чёрный</strong> — акцентный свет над столом и в зоне отдыха, на кухню, в гостиную и над обеденным столом.<br /><br /><strong>Характеристики:</strong><br />- Цвет: чёрный<br />- Материал: металл, пластик<br />- Количество ламп: 2 шт., цоколь E27<br />- Допустимая мощность: 15Вт (напряжение 220В)<br /><br /><strong>Преимущества:</strong><br />- Собственное производство полного цикла на Урале.<br />- Гарантия 3 года, срок службы до 5 лет.<br />- Простой монтаж, крепёж в комплекте.<br />- Бренд УСВЕТА — проверенное качество в массовом сегменте.<br /><br /><br />Сертификаты соответствия и декларации о соответствии на продукцию: <a href=""https://usveta.ru/cerificate"" target=""_blank"" rel=""noopener"">https://usveta.ru/cerificate</a>";https://static.tildacdn.com/stor3464-6638-4362-a364-356635633730/d8a180480841bd7be86983dfd133edb5.jpg;1541.00;50;2499;;;o5fsupD6HgOdCbs1yEjr;;2;E27;"металл, пластик";Черный;"15Вт (напряжение 220В)";"Под планку";;"3 года (срок эксплуатации 5 лет)";Россия;;;;;;480;400;130;135;"Светильник подвесной, 2хE27, чёрный, арт. 1119/2 | УСВЕТА";"Светильник подвесной, чёрный. 2 рожка с цоколем E27, мощность до 15 Вт. Подходит на кухню, в гостиную и над столом. Производство и гарантия УСВЕТА.";"светильник подвесной, светильник потолочный подвесной, люстра подвесная, светильник подвесной потолочный, подвесной светильник, светильник на кухню, светильник подвесной чёрный, купить светильник подвесной";"Подвесной светильник, чёрный — УСВЕТА";"Подвесной светильник (чёрный) от производителя. Подходит на кухню, в гостиную и над обеденным столом. Гарантия завода, доставка по России."
160766313403;УСВЕТА;"1120/3 Черный";;"Подвесной светильник";"Светильник подвесной УСВЕТА Лофт Черный, Е27, 40 Вт";"Подвесной светильник в стиле лофт, чёрный, 3 рожка E27. Освещение до 16 м?. Подходит на кухню, в гостиную и над обеденным столом. Производство УСВЕТА.";"<strong>Подвесной светильник в стиле лофт, чёрный</strong> — акцентный свет над столом и в зоне отдыха, на кухню, в гостиную и над обеденным столом.<br /><br /><strong>Характеристики:</strong><br />- Цвет: чёрный<br />- Материал: металл, пластик<br />- Количество ламп: 3 шт., цоколь E27<br />- Допустимая мощность: 15Вт (напряжение 220В)<br />- Площадь освещения: до 16 м?<br /><br /><strong>Преимущества:</strong><br />- Собственное производство полного цикла на Урале.<br />- Гарантия 3 года, срок службы до 5 лет.<br />- Простой монтаж, крепёж в комплекте.<br />- Бренд УСВЕТА — проверенное качество в массовом сегменте.<br /><br /><br />Сертификаты соответствия и декларации о соответствии на продукцию: <a href=""https://usveta.ru/cerificate"" target=""_blank"" rel=""noopener"">https://usveta.ru/cerificate</a>";https://static.tildacdn.com/stor3631-3763-4533-b139-633337303065/6b1b09a3c74f9809033c249ba70a9560.jpg;2200.00;50;3499;;;uIr9XCMfLLHnhlySinfu;;3;E27;"металл, пластик";Черный;"15Вт (напряжение 220В)";"Под планку";;"3 года (срок эксплуатации 5 лет)";Россия;;;;;;790;312;170;375;"Светильник подвесной лофт, 3хE27, чёрный, арт. 1120/3 | УСВЕТА";"Светильник подвесной лофт, чёрный. 3 рожка с цоколем E27, площадь освещения до 16 м?, мощность до 15 Вт. Подходит на кухню, в гостиную и над столом. Производство и гарантия УСВЕТА.";"светильник подвесной, светильник потолочный подвесной, люстра подвесная, светильник подвесной потолочный, подвесной светильник, светильник на кухню, светильник подвесной чёрный, купить светильник подвесной, светильник подвесной для натяжного потолка";"Подвесной светильник в стиле лофт, чёрный — УСВЕТА";"Подвесной светильник в стиле лофт (чёрный) от производителя. Подходит на кухню, в гостиную и над обеденным столом. Гарантия завода, доставка по России."
824092232083;УСВЕТА;"1121/1 Черный";;"Подвесной светильник";"Подвесной светильник чёрный, 1хE27 | УСВЕТА";"Подвесной светильник, чёрный, 1 рожок E27. Подходит на кухню, в гостиную и над обеденным столом. Производство УСВЕТА.";"<strong>Подвесной светильник, чёрный</strong> — акцентный свет над столом и в зоне отдыха, на кухню, в гостиную и над обеденным столом.<br /><br /><strong>Характеристики:</strong><br />- Цвет: чёрный<br />- Материал: металл, пластик<br />- Количество ламп: 1 шт., цоколь E27<br />- Допустимая мощность: 15Вт (напряжение 220В)<br /><br /><strong>Преимущества:</strong><br />- Собственное производство полного цикла на Урале.<br />- Гарантия 3 года, срок службы до 5 лет.<br />- Простой монтаж, крепёж в комплекте.<br />- Бренд УСВЕТА — проверенное качество в массовом сегменте.<br /><br /><br />Сертификаты соответствия и декларации о соответствии на продукцию: <a href=""https://usveta.ru/cerificate"" target=""_blank"" rel=""noopener"">https://usveta.ru/cerificate</a>";https://static.tildacdn.com/stor3465-3337-4335-b161-653338363736/42d8f4f0e6b523d73995eebd70aaa040.jpg;872.00;0;1499;;;HjykinYbDKZ4nzgdiBt7;;1;E27;"металл, пластик";Черный;"15Вт (напряжение 220В)";"Крепление под крюк";;"3 года (срок эксплуатации 5 лет)";Россия;;;;;;250;215;285;285;"Светильник подвесной, 1хE27, чёрный, арт. 1121/1 | УСВЕТА";"Светильник подвесной, чёрный. 1 рожок с цоколем E27, мощность до 15 Вт. Подходит на кухню, в гостиную и над столом. Производство и гарантия УСВЕТА.";"светильник подвесной, светильник потолочный подвесной, люстра подвесная, светильник подвесной потолочный, подвесной светильник, светильник на кухню, светильник подвесной чёрный, купить светильник подвесной";"Подвесной светильник, чёрный — УСВЕТА";"Подвесной светильник (чёрный) от производителя. Подходит на кухню, в гостиную и над обеденным столом. Гарантия завода, доставка по России."
697146177163;УСВЕТА;"1122/1 Салатовый";;"Подвесной светильник";"Светильник подвесной потолочный УСВЕТА Салатовый Пластик, Е27, 15 Вт";"Подвесной светильник, салатовый, 1 рожок E27. Освещение до 6 м?. Подходит на кухню, в гостиную и над обеденным столом. Производство УСВЕТА.";"<strong>Подвесной светильник, салатовый</strong> — акцентный свет над столом и в зоне отдыха, на кухню, в гостиную и над обеденным столом.<br /><br /><strong>Характеристики:</strong><br />- Цвет: салатовый<br />- Материал: металл, пластик<br />- Количество ламп: 1 шт., цоколь E27<br />- Допустимая мощность: 15Вт (напряжение 220В)<br />- Площадь освещения: до 6 м?<br /><br /><strong>Преимущества:</strong><br />- Собственное производство полного цикла на Урале.<br />- Гарантия 3 года, срок службы до 5 лет.<br />- Простой монтаж, крепёж в комплекте.<br />- Бренд УСВЕТА — проверенное качество в массовом сегменте.<br /><br /><br />Сертификаты соответствия и декларации о соответствии на продукцию: <a href=""https://usveta.ru/cerificate"" target=""_blank"" rel=""noopener"">https://usveta.ru/cerificate</a>";https://static.tildacdn.com/stor3662-3636-4462-a433-626335346562/f7a38c6488e55ca62be60b0abd014113.png;331.00;25;499;;;Oa5XNxbkMs4XXkS4L3i2;;1;E27;"металл, пластик";Салатовый;"15Вт (напряжение 220В)";"Крепление под крюк";;"3 года (срок эксплуатации 5 лет)";Россия;;;;;;240;305;305;175;"Светильник подвесной, 1хE27, салатовый, арт. 1122/1 | УСВЕТА";"Светильник подвесной, салатовый. 1 рожок с цоколем E27, площадь освещения до 6 м?, мощность до 15 Вт. Подходит на кухню, в гостиную и над столом. Производство и гарантия УСВЕТА.";"светильник подвесной, светильник потолочный подвесной, люстра подвесная, светильник подвесной потолочный, подвесной светильник, светильник на кухню, светильник подвесной салатовый, купить светильник подвесной, светильник подвесной для натяжного потолка";"Подвесной светильник, салатовый — УСВЕТА";"Подвесной светильник (салатовый) от производителя. Подходит на кухню, в гостиную и над обеденным столом. Гарантия завода, доставка по России."
941313489983;УСВЕТА;"1122/1 Синий";;"Подвесной светильник";"Светильник подвесной потолочный УСВЕТА Синий Пластик, Е27, 15 Вт";"Подвесной светильник, синий, 1 рожок E27. Освещение до 6 м?. Подходит на кухню, в гостиную и над обеденным столом. Производство УСВЕТА.";"<strong>Подвесной светильник, синий</strong> — акцентный свет над столом и в зоне отдыха, на кухню, в гостиную и над обеденным столом.<br /><br /><strong>Характеристики:</strong><br />- Цвет: синий<br />- Материал: металл, пластик<br />- Количество ламп: 1 шт., цоколь E27<br />- Допустимая мощность: 15Вт (напряжение 220В)<br />- Площадь освещения: до 6 м?<br /><br /><strong>Преимущества:</strong><br />- Собственное производство полного цикла на Урале.<br />- Гарантия 3 года, срок службы до 5 лет.<br />- Простой монтаж, крепёж в комплекте.<br />- Бренд УСВЕТА — проверенное качество в массовом сегменте.<br /><br /><br />Сертификаты соответствия и декларации о соответствии на продукцию: <a href=""https://usveta.ru/cerificate"" target=""_blank"" rel=""noopener"">https://usveta.ru/cerificate</a>";https://static.tildacdn.com/stor3237-3430-4866-b433-626332316164/7ec9b0e6e1ecb4dc07a81a3a901e7fb4.jpg;331.00;50;499;;;ctDFyHDp15rJmFv5PiM7;;1;E27;"металл, пластик";Синий;"15Вт (напряжение 220В)";"Крепление под крюк";;"3 года (срок эксплуатации 5 лет)";Россия;;;;;;240;305;305;175;"Светильник подвесной, 1хE27, синий, арт. 1122/1 | УСВЕТА";"Светильник подвесной, синий. 1 рожок с цоколем E27, площадь освещения до 6 м?, мощность до 15 Вт. Подходит на кухню, в гостиную и над столом. Производство и гарантия УСВЕТА.";"светильник подвесной, светильник потолочный подвесной, люстра подвесная, светильник подвесной потолочный, подвесной светильник, светильник на кухню, светильник подвесной синий, купить светильник подвесной, светильник подвесной для натяжного потолка";"Подвесной светильник, синий — УСВЕТА";"Подвесной светильник (синий) от производителя. Подходит на кухню, в гостиную и над обеденным столом. Гарантия завода, доставка по России."
687652655263;УСВЕТА;"1122/1 красный";;"Подвесной светильник";"Подвесной светильник красный, 1хE27 | УСВЕТА";"Подвесной светильник, красный, 1 рожок E27. Подходит на кухню, в гостиную и над обеденным столом. Производство УСВЕТА.";"<strong>Подвесной светильник, красный</strong> — акцентный свет над столом и в зоне отдыха, на кухню, в гостиную и над обеденным столом.<br /><br /><strong>Характеристики:</strong><br />- Цвет: красный<br />- Материал: металл, пластик<br />- Количество ламп: 1 шт., цоколь E27<br />- Допустимая мощность: 15Вт (напряжение 220В)<br /><br /><strong>Преимущества:</strong><br />- Собственное производство полного цикла на Урале.<br />- Гарантия 3 года, срок службы до 5 лет.<br />- Простой монтаж, крепёж в комплекте.<br />- Бренд УСВЕТА — проверенное качество в массовом сегменте.<br /><br /><br />Сертификаты соответствия и декларации о соответствии на продукцию: <a href=""https://usveta.ru/cerificate"" target=""_blank"" rel=""noopener"">https://usveta.ru/cerificate</a>";https://static.tildacdn.com/stor6631-3639-4163-a161-383633353561/61ff132e737c2b5f26d3e273199e6f4c.webp;373.00;2;999;;;eTkKya0Gl3bLytirJjpd;;1;E27;"металл, пластик";Красный;"15Вт (напряжение 220В)";"Крепление под крюк";;"3 года (срок эксплуатации 5 лет)";Россия;;;;;;301;300;300;175;"Светильник подвесной, 1хE27, красный, арт. 1122/1 | УСВЕТА";"Светильник подвесной, красный. 1 рожок с цоколем E27, мощность до 15 Вт. Подходит на кухню, в гостиную и над столом. Производство и гарантия УСВЕТА.";"светильник подвесной, светильник потолочный подвесной, люстра подвесная, светильник подвесной потолочный, подвесной светильник, светильник на кухню, светильник подвесной красный, купить светильник подвесной";"Подвесной светильник, красный — УСВЕТА";"Подвесной светильник (красный) от производителя. Подходит на кухню, в гостиную и над обеденным столом. Гарантия завода, доставка по России."
320361902903;УСВЕТА;"1123/1 Белый";;"Подвесной светильник";"Подвесной светильник белый, 1хE27 | УСВЕТА";"Подвесной светильник, белый, 1 рожок E27. Подходит на кухню, в гостиную и над обеденным столом. Производство УСВЕТА.";"<strong>Подвесной светильник, белый</strong> — акцентный свет над столом и в зоне отдыха, на кухню, в гостиную и над обеденным столом.<br /><br /><strong>Характеристики:</strong><br />- Цвет: белый<br />- Материал: металл, пластик<br />- Количество ламп: 1 шт., цоколь E27<br />- Допустимая мощность: 15Вт (напряжение 220В)<br /><br /><strong>Преимущества:</strong><br />- Собственное производство полного цикла на Урале.<br />- Гарантия 3 года, срок службы до 5 лет.<br />- Простой монтаж, крепёж в комплекте.<br />- Бренд УСВЕТА — проверенное качество в массовом сегменте.<br /><br /><br />Сертификаты соответствия и декларации о соответствии на продукцию: <a href=""https://usveta.ru/cerificate"" target=""_blank"" rel=""noopener"">https://usveta.ru/cerificate</a>";https://static.tildacdn.com/stor3037-3866-4639-a263-366430613662/21ef1d42e17883f320f8fafabfd50022.jpg;926.00;16;1499;;;6ysoU9X40hGR1ROkzEmf;;1;E27;"металл, пластик";Белый;"15Вт (напряжение 220В)";"Под планку";;"3 года (срок эксплуатации 5 лет)";Россия;;;;;;400;220;220;210;"Светильник подвесной, 1хE27, белый, арт. 1123/1 | УСВЕТА";"Светильник подвесной, белый. 1 рожок с цоколем E27, мощность до 15 Вт. Подходит на кухню, в гостиную и над столом. Производство и гарантия УСВЕТА.";"светильник подвесной, светильник потолочный подвесной, люстра подвесная, светильник подвесной потолочный, подвесной светильник, светильник на кухню, светильник подвесной белый, купить светильник подвесной";"Подвесной светильник, белый — УСВЕТА";"Подвесной светильник (белый) от производителя. Подходит на кухню, в гостиную и над обеденным столом. Гарантия завода, доставка по России."
843078444103;УСВЕТА;"1123/1 Хром";;"Подвесной светильник";"Подвесной светильник хромированный, 1хE27 | УСВЕТА";"Подвесной светильник, хром, 1 рожок E27. Подходит на кухню, в гостиную и над обеденным столом. Производство УСВЕТА.";"<strong>Подвесной светильник, хром</strong> — акцентный свет над столом и в зоне отдыха, на кухню, в гостиную и над обеденным столом.<br /><br /><strong>Характеристики:</strong><br />- Цвет: хром<br />- Материал: металл, пластик<br />- Количество ламп: 1 шт., цоколь E27<br />- Допустимая мощность: 15Вт (напряжение 220В)<br /><br /><strong>Преимущества:</strong><br />- Собственное производство полного цикла на Урале.<br />- Гарантия 3 года, срок службы до 5 лет.<br />- Простой монтаж, крепёж в комплекте.<br />- Бренд УСВЕТА — проверенное качество в массовом сегменте.<br /><br /><br />Сертификаты соответствия и декларации о соответствии на продукцию: <a href=""https://usveta.ru/cerificate"" target=""_blank"" rel=""noopener"">https://usveta.ru/cerificate</a>";https://static.tildacdn.com/stor3433-3961-4337-a330-326132353164/e21396d27ae8d0c96c3accef681e00a1.jpg;1041.00;40;1999;;;BhCfJIKY7lRzPUEj5sRi;;1;E27;"металл, пластик";Хром;"15Вт (напряжение 220В)";"Под планку";;"3 года (срок эксплуатации 5 лет)";Россия;;;;;;340;195;210;210;"Светильник подвесной, 1хE27, хром, арт. 1123/1 | УСВЕТА";"Светильник подвесной, хром. 1 рожок с цоколем E27, мощность до 15 Вт. Подходит на кухню, в гостиную и над столом. Производство и гарантия УСВЕТА.";"светильник подвесной, светильник потолочный подвесной, люстра подвесная, светильник подвесной потолочный, подвесной светильник, светильник на кухню, светильник подвесной хром, купить светильник подвесной";"Подвесной светильник, хром — УСВЕТА";"Подвесной светильник (хром) от производителя. Подходит на кухню, в гостиную и над обеденным столом. Гарантия завода, доставка по России."
383049081033;УСВЕТА;"1124/1 Белый";;"Подвесной светильник";"Подвесной светильник белый, 1хE27 | УСВЕТА";"Подвесной светильник, белый, 1 рожок E27. Подходит на кухню, в гостиную и над обеденным столом. Производство УСВЕТА.";"<strong>Подвесной светильник, белый</strong> — акцентный свет над столом и в зоне отдыха, на кухню, в гостиную и над обеденным столом.<br /><br /><strong>Характеристики:</strong><br />- Цвет: белый<br />- Материал: металл, пластик<br />- Количество ламп: 1 шт., цоколь E27<br />- Допустимая мощность: 15Вт (напряжение 220В)<br /><br /><strong>Преимущества:</strong><br />- Собственное производство полного цикла на Урале.<br />- Гарантия 3 года, срок службы до 5 лет.<br />- Простой монтаж, крепёж в комплекте.<br />- Бренд УСВЕТА — проверенное качество в массовом сегменте.<br /><br /><br />Сертификаты соответствия и декларации о соответствии на продукцию: <a href=""https://usveta.ru/cerificate"" target=""_blank"" rel=""noopener"">https://usveta.ru/cerificate</a>";https://static.tildacdn.com/stor3930-6536-4664-b161-326666633336/09ae0d59041957a06bdbdae507941eee.jpg;835.00;5;1499;;;DGAz8B2dxnTX0A3v1caY;;1;E27;"металл, пластик";Белый;"15Вт (напряжение 220В)";"Под планку";;"3 года (срок эксплуатации 5 лет)";Россия;;;;;;430;215;215;235;"Светильник подвесной, 1хE27, белый, арт. 1124/1 | УСВЕТА";"Светильник подвесной, белый. 1 рожок с цоколем E27, мощность до 15 Вт. Подходит на кухню, в гостиную и над столом. Производство и гарантия УСВЕТА.";"светильник подвесной, светильник потолочный подвесной, люстра подвесная, светильник подвесной потолочный, подвесной светильник, светильник на кухню, светильник подвесной белый, купить светильник подвесной";"Подвесной светильник, белый — УСВЕТА";"Подвесной светильник (белый) от производителя. Подходит на кухню, в гостиную и над обеденным столом. Гарантия завода, доставка по России."
694693364753;УСВЕТА;"1124/1 Хром";;"Подвесной светильник";"Подвесной светильник хромированный, 1хE27 | УСВЕТА";"Подвесной светильник, хром, 1 рожок E27. Подходит на кухню, в гостиную и над обеденным столом. Производство УСВЕТА.";"<strong>Подвесной светильник, хром</strong> — акцентный свет над столом и в зоне отдыха, на кухню, в гостиную и над обеденным столом.<br /><br /><strong>Характеристики:</strong><br />- Цвет: хром<br />- Материал: металл, пластик<br />- Количество ламп: 1 шт., цоколь E27<br />- Допустимая мощность: 15Вт (напряжение 220В)<br /><br /><strong>Преимущества:</strong><br />- Собственное производство полного цикла на Урале.<br />- Гарантия 3 года, срок службы до 5 лет.<br />- Простой монтаж, крепёж в комплекте.<br />- Бренд УСВЕТА — проверенное качество в массовом сегменте.<br /><br /><br />Сертификаты соответствия и декларации о соответствии на продукцию: <a href=""https://usveta.ru/cerificate"" target=""_blank"" rel=""noopener"">https://usveta.ru/cerificate</a>";https://static.tildacdn.com/stor3261-6636-4234-a135-373434383238/afd83a2a5f0c5841290d44a28785705c.jpg;967.00;25;1499;;;OGGODBp999g3fPOzGCN3;;1;E27;"металл, пластик";Хром;"15Вт (напряжение 220В)";"Под планку";;"3 года (срок эксплуатации 5 лет)";Россия;;;;;;570;215;215;235;"Светильник подвесной, 1хE27, хром, арт. 1124/1 | УСВЕТА";"Светильник подвесной, хром. 1 рожок с цоколем E27, мощность до 15 Вт. Подходит на кухню, в гостиную и над столом. Производство и гарантия УСВЕТА.";"светильник подвесной, светильник потолочный подвесной, люстра подвесная, светильник подвесной потолочный, подвесной светильник, светильник на кухню, светильник подвесной хром, купить светильник подвесной";"Подвесной светильник, хром — УСВЕТА";"Подвесной светильник (хром) от производителя. Подходит на кухню, в гостиную и над обеденным столом. Гарантия завода, доставка по России."
189205322863;УСВЕТА;"1125/1 Белый";;"Подвесной светильник";"Подвесной светильник белый, 1хE27 | УСВЕТА";"Подвесной светильник, белый, 1 рожок E27. Подходит на кухню, в гостиную и над обеденным столом. Производство УСВЕТА.";"<strong>Подвесной светильник, белый</strong> — акцентный свет над столом и в зоне отдыха, на кухню, в гостиную и над обеденным столом.<br /><br /><strong>Характеристики:</strong><br />- Цвет: белый<br />- Материал: металл, пластик<br />- Количество ламп: 1 шт., цоколь E27<br />- Допустимая мощность: 15Вт (напряжение 220В)<br /><br /><strong>Преимущества:</strong><br />- Собственное производство полного цикла на Урале.<br />- Гарантия 3 года, срок службы до 5 лет.<br />- Простой монтаж, крепёж в комплекте.<br />- Бренд УСВЕТА — проверенное качество в массовом сегменте.<br /><br /><br />Сертификаты соответствия и декларации о соответствии на продукцию: <a href=""https://usveta.ru/cerificate"" target=""_blank"" rel=""noopener"">https://usveta.ru/cerificate</a>";https://static.tildacdn.com/stor3735-6161-4539-a663-313134323061/7fac576ca51837f72677be5069f551c4.jpg;919.00;31;1499;;;OjObhMU9iYb3rjYoehL5;;1;E27;"металл, пластик";Белый;"15Вт (напряжение 220В)";"Под планку";;"3 года (срок эксплуатации 5 лет)";Россия;;;;;;400;220;220;210;"Светильник подвесной, 1хE27, белый, арт. 1125/1 | УСВЕТА";"Светильник подвесной, белый. 1 рожок с цоколем E27, мощность до 15 Вт. Подходит на кухню, в гостиную и над столом. Производство и гарантия УСВЕТА.";"светильник подвесной, светильник потолочный подвесной, люстра подвесная, светильник подвесной потолочный, подвесной светильник, светильник на кухню, светильник подвесной белый, купить светильник подвесной";"Подвесной светильник, белый — УСВЕТА";"Подвесной светильник (белый) от производителя. Подходит на кухню, в гостиную и над обеденным столом. Гарантия завода, доставка по России."
146081068743;УСВЕТА;"1125/1 Хром";;"Подвесной светильник";"Светильник подвесной УСВЕТА Лофт Хром, Е27, 40 Вт";"Подвесной светильник в стиле лофт, хром, 1 рожок E27. Освещение до 8 м?. Подходит на кухню, в гостиную и над обеденным столом. Производство УСВЕТА.";"<strong>Подвесной светильник в стиле лофт, хром</strong> — акцентный свет над столом и в зоне отдыха, на кухню, в гостиную и над обеденным столом.<br /><br /><strong>Характеристики:</strong><br />- Цвет: хром<br />- Материал: металл, пластик<br />- Количество ламп: 1 шт., цоколь E27<br />- Допустимая мощность: 15Вт (напряжение 220В)<br />- Площадь освещения: до 8 м?<br /><br /><strong>Преимущества:</strong><br />- Собственное производство полного цикла на Урале.<br />- Гарантия 3 года, срок службы до 5 лет.<br />- Простой монтаж, крепёж в комплекте.<br />- Бренд УСВЕТА — проверенное качество в массовом сегменте.<br /><br /><br />Сертификаты соответствия и декларации о соответствии на продукцию: <a href=""https://usveta.ru/cerificate"" target=""_blank"" rel=""noopener"">https://usveta.ru/cerificate</a>";https://static.tildacdn.com/stor6638-3436-4665-a535-306162393236/16f33bf1a55519c0a577d018b2a2743d.jpg;1054.00;50;1999;;;EZmhyI5NP6zseE5LOOAi;;1;E27;"металл, пластик";Хром;"15Вт (напряжение 220В)";"Под планку";;"3 года (срок эксплуатации 5 лет)";Россия;;;;;;377;220;220;210;"Светильник подвесной лофт, 1хE27, хром, арт. 1125/1 | УСВЕТА";"Светильник подвесной лофт, хром. 1 рожок с цоколем E27, площадь освещения до 8 м?, мощность до 15 Вт. Подходит на кухню, в гостиную и над столом. Производство и гарантия УСВЕТА.";"светильник подвесной, светильник потолочный подвесной, люстра подвесная, светильник подвесной потолочный, подвесной светильник, светильник на кухню, светильник подвесной хром, купить светильник подвесной, светильник подвесной для натяжного потолка";"Подвесной светильник в стиле лофт, хром — УСВЕТА";"Подвесной светильник в стиле лофт (хром) от производителя. Подходит на кухню, в гостиную и над обеденным столом. Гарантия завода, доставка по России."
767280344593;УСВЕТА;"1126/1 Белый";;"Подвесной светильник";"Светильник подвесной, люстра потолочная УСВЕТА Лофт Белый, Е27, 40 Вт";"Подвесной светильник в стиле лофт, белый, 1 рожок E27. Освещение до 8 м?. Подходит на кухню, в гостиную и над обеденным столом. Производство УСВЕТА.";"<strong>Подвесной светильник в стиле лофт, белый</strong> — акцентный свет над столом и в зоне отдыха, на кухню, в гостиную и над обеденным столом.<br /><br /><strong>Характеристики:</strong><br />- Цвет: белый<br />- Материал: металл, пластик<br />- Количество ламп: 1 шт., цоколь E27<br />- Допустимая мощность: 15Вт (напряжение 220В)<br />- Площадь освещения: до 8 м?<br /><br /><strong>Преимущества:</strong><br />- Собственное производство полного цикла на Урале.<br />- Гарантия 3 года, срок службы до 5 лет.<br />- Простой монтаж, крепёж в комплекте.<br />- Бренд УСВЕТА — проверенное качество в массовом сегменте.<br /><br /><br />Сертификаты соответствия и декларации о соответствии на продукцию: <a href=""https://usveta.ru/cerificate"" target=""_blank"" rel=""noopener"">https://usveta.ru/cerificate</a>";https://static.tildacdn.com/stor3466-3837-4138-a561-326161306137/5b65d39af2e32323a90ec9a8c19d92fa.jpg;1030.00;50;1999;;;eKiCd9ENsj4aZszyrhNx;;1;E27;"металл, пластик";Белый;"15Вт (напряжение 220В)";"Под планку";;"3 года (срок эксплуатации 5 лет)";Россия;;;;;;470;305;305;175;"Светильник подвесной лофт, 1хE27, белый, арт. 1126/1 | УСВЕТА";"Светильник подвесной лофт, белый. 1 рожок с цоколем E27, площадь освещения до 8 м?, мощность до 15 Вт. Подходит на кухню, в гостиную и над столом. Производство и гарантия УСВЕТА.";"светильник подвесной, светильник потолочный подвесной, люстра подвесная, светильник подвесной потолочный, подвесной светильник, светильник на кухню, светильник подвесной белый, купить светильник подвесной, светильник подвесной для натяжного потолка";"Подвесной светильник в стиле лофт, белый — УСВЕТА";"Подвесной светильник в стиле лофт (белый) от производителя. Подходит на кухню, в гостиную и над обеденным столом. Гарантия завода, доставка по России."
849621806783;УСВЕТА;"1126/1 Черный";;"Подвесной светильник";"Светильник потолочный, люстра подвесная УСВЕТА Лофт Черный, Е27, 40 Вт";"Подвесной светильник в стиле лофт, чёрный, 1 рожок E27. Освещение до 8 м?. Подходит на кухню, в гостиную и над обеденным столом. Производство УСВЕТА.";"<strong>Подвесной светильник в стиле лофт, чёрный</strong> — акцентный свет над столом и в зоне отдыха, на кухню, в гостиную и над обеденным столом.<br /><br /><strong>Характеристики:</strong><br />- Цвет: чёрный<br />- Материал: металл, пластик<br />- Количество ламп: 1 шт., цоколь E27<br />- Допустимая мощность: 15Вт (напряжение 220В)<br />- Площадь освещения: до 8 м?<br /><br /><strong>Преимущества:</strong><br />- Собственное производство полного цикла на Урале.<br />- Гарантия 3 года, срок службы до 5 лет.<br />- Простой монтаж, крепёж в комплекте.<br />- Бренд УСВЕТА — проверенное качество в массовом сегменте.<br /><br /><br />Сертификаты соответствия и декларации о соответствии на продукцию: <a href=""https://usveta.ru/cerificate"" target=""_blank"" rel=""noopener"">https://usveta.ru/cerificate</a>";https://static.tildacdn.com/stor6663-3035-4765-a633-373837656466/ada5e6cc5dabe73ec39f67ae43277882.jpg;1018.00;0;1999;;;jI1Tf22PMJUg83iykHiB;;1;E27;"металл, пластик";Черный;"15Вт (напряжение 220В)";"Под планку";;"3 года (срок эксплуатации 5 лет)";Россия;;;;;;470;305;305;175;"Светильник подвесной лофт, 1хE27, чёрный, арт. 1126/1 | УСВЕТА";"Светильник подвесной лофт, чёрный. 1 рожок с цоколем E27, площадь освещения до 8 м?, мощность до 15 Вт. Подходит на кухню, в гостиную и над столом. Производство и гарантия УСВЕТА.";"светильник подвесной, светильник потолочный подвесной, люстра подвесная, светильник подвесной потолочный, подвесной светильник, светильник на кухню, светильник подвесной чёрный, купить светильник подвесной, светильник подвесной для натяжного потолка";"Подвесной светильник в стиле лофт, чёрный — УСВЕТА";"Подвесной светильник в стиле лофт (чёрный) от производителя. Подходит на кухню, в гостиную и над обеденным столом. Гарантия завода, доставка по России."
404896098563;УСВЕТА;"1128/1 Белый";;"Подвесной светильник";"Светильник подвесной УСВЕТА Лофт Белый, Е27, 40 Вт";"Подвесной светильник в стиле лофт, белый, 1 рожок E27. Освещение до 8 м?. Подходит на кухню, в гостиную и над обеденным столом. Производство УСВЕТА.";"<strong>Подвесной светильник в стиле лофт, белый</strong> — акцентный свет над столом и в зоне отдыха, на кухню, в гостиную и над обеденным столом.<br /><br /><strong>Характеристики:</strong><br />- Цвет: белый<br />- Материал: металл, пластик<br />- Количество ламп: 1 шт., цоколь E27<br />- Допустимая мощность: 15Вт (напряжение 220В)<br />- Площадь освещения: до 8 м?<br /><br /><strong>Преимущества:</strong><br />- Собственное производство полного цикла на Урале.<br />- Гарантия 3 года, срок службы до 5 лет.<br />- Простой монтаж, крепёж в комплекте.<br />- Бренд УСВЕТА — проверенное качество в массовом сегменте.<br /><br /><br />Сертификаты соответствия и декларации о соответствии на продукцию: <a href=""https://usveta.ru/cerificate"" target=""_blank"" rel=""noopener"">https://usveta.ru/cerificate</a>";https://static.tildacdn.com/stor3836-3762-4165-a337-666264616462/c2126d7faf30441774c10a058b809caf.jpg;928.00;50;1499;;;Vxxi0dGOu7UM6vXM9y9a;;1;E27;"металл, пластик";Белый;"15Вт (напряжение 220В)";"Под планку";;"3 года (срок эксплуатации 5 лет)";Россия;;;;;;660;295;295;230;"Светильник подвесной лофт, 1хE27, белый, арт. 1128/1 | УСВЕТА";"Светильник подвесной лофт, белый. 1 рожок с цоколем E27, площадь освещения до 8 м?, мощность до 15 Вт. Подходит на кухню, в гостиную и над столом. Производство и гарантия УСВЕТА.";"светильник подвесной, светильник потолочный подвесной, люстра подвесная, светильник подвесной потолочный, подвесной светильник, светильник на кухню, светильник подвесной белый, купить светильник подвесной, светильник подвесной для натяжного потолка";"Подвесной светильник в стиле лофт, белый — УСВЕТА";"Подвесной светильник в стиле лофт (белый) от производителя. Подходит на кухню, в гостиную и над обеденным столом. Гарантия завода, доставка по России."
720832443113;УСВЕТА;"1128/1 Черный";;"Подвесной светильник";"Светильник подвесной УСВЕТА Лофт Черный, Е27, 40 Вт";"Подвесной светильник в стиле лофт, чёрный, 1 рожок E27. Освещение до 8 м?. Подходит на кухню, в гостиную и над обеденным столом. Производство УСВЕТА.";"<strong>Подвесной светильник в стиле лофт, чёрный</strong> — акцентный свет над столом и в зоне отдыха, на кухню, в гостиную и над обеденным столом.<br /><br /><strong>Характеристики:</strong><br />- Цвет: чёрный<br />- Материал: металл, пластик<br />- Количество ламп: 1 шт., цоколь E27<br />- Допустимая мощность: 15Вт (напряжение 220В)<br />- Площадь освещения: до 8 м?<br /><br /><strong>Преимущества:</strong><br />- Собственное производство полного цикла на Урале.<br />- Гарантия 3 года, срок службы до 5 лет.<br />- Простой монтаж, крепёж в комплекте.<br />- Бренд УСВЕТА — проверенное качество в массовом сегменте.<br /><br /><br />Сертификаты соответствия и декларации о соответствии на продукцию: <a href=""https://usveta.ru/cerificate"" target=""_blank"" rel=""noopener"">https://usveta.ru/cerificate</a>";https://static.tildacdn.com/stor6638-3164-4564-a636-383165303330/2f0dbc087bfabd9825725a4b7dc322f0.jpg;915.00;50;1499;;;yBo47KaVoR1Fl1hvpV6X;;1;E27;"металл, пластик";Черный;"15Вт (напряжение 220В)";"Под планку";;"3 года (срок эксплуатации 5 лет)";Россия;;;;;;660;295;295;230;"Светильник подвесной лофт, 1хE27, чёрный, арт. 1128/1 | УСВЕТА";"Светильник подвесной лофт, чёрный. 1 рожок с цоколем E27, площадь освещения до 8 м?, мощность до 15 Вт. Подходит на кухню, в гостиную и над столом. Производство и гарантия УСВЕТА.";"светильник подвесной, светильник потолочный подвесной, люстра подвесная, светильник подвесной потолочный, подвесной светильник, светильник на кухню, светильник подвесной чёрный, купить светильник подвесной, светильник подвесной для натяжного потолка";"Подвесной светильник в стиле лофт, чёрный — УСВЕТА";"Подвесной светильник в стиле лофт (чёрный) от производителя. Подходит на кухню, в гостиную и над обеденным столом. Гарантия завода, доставка по России."
686437174273;УСВЕТА;"1129/1 Белый";;"Подвесной светильник";"Светильник подвесной УСВЕТА Лофт Белый, Е27, 40 Вт";"Подвесной светильник в стиле лофт, белый, 1 рожок E27. Освещение до 8 м?. Подходит на кухню, в гостиную и над обеденным столом. Производство УСВЕТА.";"<strong>Подвесной светильник в стиле лофт, белый</strong> — акцентный свет над столом и в зоне отдыха, на кухню, в гостиную и над обеденным столом.<br /><br /><strong>Характеристики:</strong><br />- Цвет: белый<br />- Материал: металл, пластик<br />- Количество ламп: 1 шт., цоколь E27<br />- Допустимая мощность: 15Вт (напряжение 220В)<br />- Площадь освещения: до 8 м?<br /><br /><strong>Преимущества:</strong><br />- Собственное производство полного цикла на Урале.<br />- Гарантия 3 года, срок службы до 5 лет.<br />- Простой монтаж, крепёж в комплекте.<br />- Бренд УСВЕТА — проверенное качество в массовом сегменте.<br /><br /><br />Сертификаты соответствия и декларации о соответствии на продукцию: <a href=""https://usveta.ru/cerificate"" target=""_blank"" rel=""noopener"">https://usveta.ru/cerificate</a>";https://static.tildacdn.com/stor3330-6465-4531-b561-643739643661/df88971de61dc0e0982c42e2383d6d85.jpg;1073.00;50;1999;;;m1152GtIGi0Cblh1ZBsu;;1;E27;"металл, пластик";Белый;"15Вт (напряжение 220В)";"Под планку";;"3 года (срок эксплуатации 5 лет)";Россия;;;;;;590;215;215;235;"Светильник подвесной лофт, 1хE27, белый, арт. 1129/1 | УСВЕТА";"Светильник подвесной лофт, белый. 1 рожок с цоколем E27, площадь освещения до 8 м?, мощность до 15 Вт. Подходит на кухню, в гостиную и над столом. Производство и гарантия УСВЕТА.";"светильник подвесной, светильник потолочный подвесной, люстра подвесная, светильник подвесной потолочный, подвесной светильник, светильник на кухню, светильник подвесной белый, купить светильник подвесной, светильник подвесной для натяжного потолка";"Подвесной светильник в стиле лофт, белый — УСВЕТА";"Подвесной светильник в стиле лофт (белый) от производителя. Подходит на кухню, в гостиную и над обеденным столом. Гарантия завода, доставка по России."
972722913833;УСВЕТА;"1129/1 Черный";;"Подвесной светильник";"Светильник подвесной УСВЕТА Лофт Черный, Е27, 40 Вт";"Подвесной светильник в стиле лофт, чёрный, 1 рожок E27. Освещение до 8 м?. Подходит на кухню, в гостиную и над обеденным столом. Производство УСВЕТА.";"<strong>Подвесной светильник в стиле лофт, чёрный</strong> — акцентный свет над столом и в зоне отдыха, на кухню, в гостиную и над обеденным столом.<br /><br /><strong>Характеристики:</strong><br />- Цвет: чёрный<br />- Материал: металл, пластик<br />- Количество ламп: 1 шт., цоколь E27<br />- Допустимая мощность: 15Вт (напряжение 220В)<br />- Площадь освещения: до 8 м?<br /><br /><strong>Преимущества:</strong><br />- Собственное производство полного цикла на Урале.<br />- Гарантия 3 года, срок службы до 5 лет.<br />- Простой монтаж, крепёж в комплекте.<br />- Бренд УСВЕТА — проверенное качество в массовом сегменте.<br /><br /><br />Сертификаты соответствия и декларации о соответствии на продукцию: <a href=""https://usveta.ru/cerificate"" target=""_blank"" rel=""noopener"">https://usveta.ru/cerificate</a>";https://static.tildacdn.com/stor6239-6237-4833-b436-303664356138/96db38187d567afd1fe694c1ec792260.jpg;1063.00;36;1999;;;kgDhbgv7z5u8mVDeYYka;;1;E27;"металл, пластик";Черный;"15Вт (напряжение 220В)";"Под планку";;"3 года (срок эксплуатации 5 лет)";Россия;;;;;;590;215;215;235;"Светильник подвесной лофт, 1хE27, чёрный, арт. 1129/1 | УСВЕТА";"Светильник подвесной лофт, чёрный. 1 рожок с цоколем E27, площадь освещения до 8 м?, мощность до 15 Вт. Подходит на кухню, в гостиную и над столом. Производство и гарантия УСВЕТА.";"светильник подвесной, светильник потолочный подвесной, люстра подвесная, светильник подвесной потолочный, подвесной светильник, светильник на кухню, светильник подвесной чёрный, купить светильник подвесной, светильник подвесной для натяжного потолка";"Подвесной светильник в стиле лофт, чёрный — УСВЕТА";"Подвесной светильник в стиле лофт (чёрный) от производителя. Подходит на кухню, в гостиную и над обеденным столом. Гарантия завода, доставка по России."
430831896993;УСВЕТА;"1137/1 Белый";;"Подвесной светильник";"Светильник подвесной УСВЕТА Лофт Белый, Е27, 40 Вт";"Подвесной светильник в стиле лофт, белый, 1 рожок E27. Освещение до 8 м?. Подходит на кухню, в гостиную и над обеденным столом. Производство УСВЕТА.";"<strong>Подвесной светильник в стиле лофт, белый</strong> — акцентный свет над столом и в зоне отдыха, на кухню, в гостиную и над обеденным столом.<br /><br /><strong>Характеристики:</strong><br />- Цвет: белый<br />- Материал: металл, пластик<br />- Количество ламп: 1 шт., цоколь E27<br />- Допустимая мощность: 15Вт (напряжение 220В)<br />- Площадь освещения: до 8 м?<br /><br /><strong>Преимущества:</strong><br />- Собственное производство полного цикла на Урале.<br />- Гарантия 3 года, срок службы до 5 лет.<br />- Простой монтаж, крепёж в комплекте.<br />- Бренд УСВЕТА — проверенное качество в массовом сегменте.<br /><br /><br />Сертификаты соответствия и декларации о соответствии на продукцию: <a href=""https://usveta.ru/cerificate"" target=""_blank"" rel=""noopener"">https://usveta.ru/cerificate</a>";https://static.tildacdn.com/stor6535-3538-4631-a461-316163343433/970fbb07275d4eb9e9f6edefa9514d0f.jpg;1072.00;50;1999;;;RX79Iaix4jUBxnB7cyGx;;1;E27;"металл, пластик";Белый;"15Вт (напряжение 220В)";"Под планку";;"3 года (срок эксплуатации 5 лет)";Россия;;;;;;600;210;210;180;"Светильник подвесной лофт, 1хE27, белый, арт. 1137/1 | УСВЕТА";"Светильник подвесной лофт, белый. 1 рожок с цоколем E27, площадь освещения до 8 м?, мощность до 15 Вт. Подходит на кухню, в гостиную и над столом. Производство и гарантия УСВЕТА.";"светильник подвесной, светильник потолочный подвесной, люстра подвесная, светильник подвесной потолочный, подвесной светильник, светильник на кухню, светильник подвесной белый, купить светильник подвесной, светильник подвесной для натяжного потолка";"Подвесной светильник в стиле лофт, белый — УСВЕТА";"Подвесной светильник в стиле лофт (белый) от производителя. Подходит на кухню, в гостиную и над обеденным столом. Гарантия завода, доставка по России."
388364646173;УСВЕТА;"1137/1 Хром";;"Подвесной светильник";"Светильник подвесной УСВЕТА Лофт Хром, Е27, 40 Вт";"Подвесной светильник в стиле лофт, хром, 1 рожок E27. Освещение до 8 м?. Подходит на кухню, в гостиную и над обеденным столом. Производство УСВЕТА.";"<strong>Подвесной светильник в стиле лофт, хром</strong> — акцентный свет над столом и в зоне отдыха, на кухню, в гостиную и над обеденным столом.<br /><br /><strong>Характеристики:</strong><br />- Цвет: хром<br />- Материал: металл, пластик<br />- Количество ламп: 1 шт., цоколь E27<br />- Допустимая мощность: 15Вт (напряжение 220В)<br />- Площадь освещения: до 8 м?<br /><br /><strong>Преимущества:</strong><br />- Собственное производство полного цикла на Урале.<br />- Гарантия 3 года, срок службы до 5 лет.<br />- Простой монтаж, крепёж в комплекте.<br />- Бренд УСВЕТА — проверенное качество в массовом сегменте.<br /><br /><br />Сертификаты соответствия и декларации о соответствии на продукцию: <a href=""https://usveta.ru/cerificate"" target=""_blank"" rel=""noopener"">https://usveta.ru/cerificate</a>";https://static.tildacdn.com/stor3230-6632-4039-b838-396237666239/e4efffe7b0ff1b850a18c2e6686e1273.webp;1118.00;13;1999;;;XkgKPKZ3hHSMceKI0RTN;;1;E27;"металл, пластик";Хром;"15Вт (напряжение 220В)";"Под планку";;"3 года (срок эксплуатации 5 лет)";Россия;;;;;;600;210;210;180;"Светильник подвесной лофт, 1хE27, хром, арт. 1137/1 | УСВЕТА";"Светильник подвесной лофт, хром. 1 рожок с цоколем E27, площадь освещения до 8 м?, мощность до 15 Вт. Подходит на кухню, в гостиную и над столом. Производство и гарантия УСВЕТА.";"светильник подвесной, светильник потолочный подвесной, люстра подвесная, светильник подвесной потолочный, подвесной светильник, светильник на кухню, светильник подвесной хром, купить светильник подвесной, светильник подвесной для натяжного потолка";"Подвесной светильник в стиле лофт, хром — УСВЕТА";"Подвесной светильник в стиле лофт (хром) от производителя. Подходит на кухню, в гостиную и над обеденным столом. Гарантия завода, доставка по России."
523108795433;УСВЕТА;"1137/1 Черный";;"Подвесной светильник";"Светильник подвесной УСВЕТА Лофт Черный, Е27, 40 Вт";"Подвесной светильник в стиле лофт, чёрный, 1 рожок E27. Освещение до 8 м?. Подходит на кухню, в гостиную и над обеденным столом. Производство УСВЕТА.";"<strong>Подвесной светильник в стиле лофт, чёрный</strong> — акцентный свет над столом и в зоне отдыха, на кухню, в гостиную и над обеденным столом.<br /><br /><strong>Характеристики:</strong><br />- Цвет: чёрный<br />- Материал: металл, пластик<br />- Количество ламп: 1 шт., цоколь E27<br />- Допустимая мощность: 15Вт (напряжение 220В)<br />- Площадь освещения: до 8 м?<br /><br /><strong>Преимущества:</strong><br />- Собственное производство полного цикла на Урале.<br />- Гарантия 3 года, срок службы до 5 лет.<br />- Простой монтаж, крепёж в комплекте.<br />- Бренд УСВЕТА — проверенное качество в массовом сегменте.<br /><br /><br />Сертификаты соответствия и декларации о соответствии на продукцию: <a href=""https://usveta.ru/cerificate"" target=""_blank"" rel=""noopener"">https://usveta.ru/cerificate</a>";https://static.tildacdn.com/stor3735-6236-4136-b665-643461643234/c6dd8a47be1c018a803cfa3d796be91f.jpg;1056.00;50;1999;;;sdIalMU8VSMRZM35RTXa;;1;E27;"металл, пластик";Черный;"15Вт (напряжение 220В)";"Под планку";;"3 года (срок эксплуатации 5 лет)";Россия;;;;;;600;210;210;180;"Светильник подвесной лофт, 1хE27, чёрный, арт. 1137/1 | УСВЕТА";"Светильник подвесной лофт, чёрный. 1 рожок с цоколем E27, площадь освещения до 8 м?, мощность до 15 Вт. Подходит на кухню, в гостиную и над столом. Производство и гарантия УСВЕТА.";"светильник подвесной, светильник потолочный подвесной, люстра подвесная, светильник подвесной потолочный, подвесной светильник, светильник на кухню, светильник подвесной чёрный, купить светильник подвесной, светильник подвесной для натяжного потолка";"Подвесной светильник в стиле лофт, чёрный — УСВЕТА";"Подвесной светильник в стиле лофт (чёрный) от производителя. Подходит на кухню, в гостиную и над обеденным столом. Гарантия завода, доставка по России."
725019373693;УСВЕТА;"1138/1 Белый";;"Подвесной светильник";"Подвесной светильник белый, 1хE27 | УСВЕТА";"Подвесной светильник, белый, 1 рожок E27. Подходит на кухню, в гостиную и над обеденным столом. Производство УСВЕТА.";"<strong>Подвесной светильник, белый</strong> — акцентный свет над столом и в зоне отдыха, на кухню, в гостиную и над обеденным столом.<br /><br /><strong>Характеристики:</strong><br />- Цвет: белый<br />- Материал: металл, пластик<br />- Количество ламп: 1 шт., цоколь E27<br />- Допустимая мощность: 15Вт (напряжение 220В)<br /><br /><strong>Преимущества:</strong><br />- Собственное производство полного цикла на Урале.<br />- Гарантия 3 года, срок службы до 5 лет.<br />- Простой монтаж, крепёж в комплекте.<br />- Бренд УСВЕТА — проверенное качество в массовом сегменте.<br /><br /><br />Сертификаты соответствия и декларации о соответствии на продукцию: <a href=""https://usveta.ru/cerificate"" target=""_blank"" rel=""noopener"">https://usveta.ru/cerificate</a>";https://static.tildacdn.com/stor6434-3037-4265-a566-633764613931/d5eb645d5c80d8bc46883ce8a9725df6.jpg;1020.00;2;1999;;;znbBUj2v633tiiyyi5dM;;1;E27;"металл, пластик";Белый;"15Вт (напряжение 220В)";"Под планку";;"3 года (срок эксплуатации 5 лет)";Россия;;;;;;800;335;310;210;"Светильник подвесной, 1хE27, белый, арт. 1138/1 | УСВЕТА";"Светильник подвесной, белый. 1 рожок с цоколем E27, мощность до 15 Вт. Подходит на кухню, в гостиную и над столом. Производство и гарантия УСВЕТА.";"светильник подвесной, светильник потолочный подвесной, люстра подвесная, светильник подвесной потолочный, подвесной светильник, светильник на кухню, светильник подвесной белый, купить светильник подвесной";"Подвесной светильник, белый — УСВЕТА";"Подвесной светильник (белый) от производителя. Подходит на кухню, в гостиную и над обеденным столом. Гарантия завода, доставка по России."
253331093613;УСВЕТА;"1138/1 Черный";;"Подвесной светильник";"Подвесной светильник чёрный, 1хE27 | УСВЕТА";"Подвесной светильник, чёрный, 1 рожок E27. Подходит на кухню, в гостиную и над обеденным столом. Производство УСВЕТА.";"<strong>Подвесной светильник, чёрный</strong> — акцентный свет над столом и в зоне отдыха, на кухню, в гостиную и над обеденным столом.<br /><br /><strong>Характеристики:</strong><br />- Цвет: чёрный<br />- Материал: металл, пластик<br />- Количество ламп: 1 шт., цоколь E27<br />- Допустимая мощность: 15Вт (напряжение 220В)<br /><br /><strong>Преимущества:</strong><br />- Собственное производство полного цикла на Урале.<br />- Гарантия 3 года, срок службы до 5 лет.<br />- Простой монтаж, крепёж в комплекте.<br />- Бренд УСВЕТА — проверенное качество в массовом сегменте.<br /><br /><br />Сертификаты соответствия и декларации о соответствии на продукцию: <a href=""https://usveta.ru/cerificate"" target=""_blank"" rel=""noopener"">https://usveta.ru/cerificate</a>";https://static.tildacdn.com/stor3036-6531-4638-b762-393532393436/0850eadd2c062cbfdcf4e88cb2fea8ff.jpg;1007.00;3;1999;;;CR7hFS7koYB58064CcLf;;1;E27;"металл, пластик";Черный;"15Вт (напряжение 220В)";"Под планку";;"3 года (срок эксплуатации 5 лет)";Россия;;;;;;795;335;310;210;"Светильник подвесной, 1хE27, чёрный, арт. 1138/1 | УСВЕТА";"Светильник подвесной, чёрный. 1 рожок с цоколем E27, мощность до 15 Вт. Подходит на кухню, в гостиную и над столом. Производство и гарантия УСВЕТА.";"светильник подвесной, светильник потолочный подвесной, люстра подвесная, светильник подвесной потолочный, подвесной светильник, светильник на кухню, светильник подвесной чёрный, купить светильник подвесной";"Подвесной светильник, чёрный — УСВЕТА";"Подвесной светильник (чёрный) от производителя. Подходит на кухню, в гостиную и над обеденным столом. Гарантия завода, доставка по России."
636177118523;УСВЕТА;"1139/1 Белый";;"Подвесной светильник";"Светильник подвесной УСВЕТА Лофт Белый, Е27, 40 Вт";"Подвесной светильник в стиле лофт, белый, 1 рожок E27. Освещение до 8 м?. Подходит на кухню, в гостиную и над обеденным столом. Производство УСВЕТА.";"<strong>Подвесной светильник в стиле лофт, белый</strong> — акцентный свет над столом и в зоне отдыха, на кухню, в гостиную и над обеденным столом.<br /><br /><strong>Характеристики:</strong><br />- Цвет: белый<br />- Материал: металл, пластик<br />- Количество ламп: 1 шт., цоколь E27<br />- Допустимая мощность: 15Вт (напряжение 220В)<br />- Площадь освещения: до 8 м?<br /><br /><strong>Преимущества:</strong><br />- Собственное производство полного цикла на Урале.<br />- Гарантия 3 года, срок службы до 5 лет.<br />- Простой монтаж, крепёж в комплекте.<br />- Бренд УСВЕТА — проверенное качество в массовом сегменте.<br /><br /><br />Сертификаты соответствия и декларации о соответствии на продукцию: <a href=""https://usveta.ru/cerificate"" target=""_blank"" rel=""noopener"">https://usveta.ru/cerificate</a>";https://static.tildacdn.com/stor6261-3138-4039-b639-343537643831/20f4baeac69d6e5e77fc81e42ee5779e.jpg;876.00;50;1499;;;AV6XIM3zpsmiDdLLX1Mz;;1;E27;"металл, пластик";Белый;"15Вт (напряжение 220В)";"Под планку";;"3 года (срок эксплуатации 5 лет)";Россия;;;;;;440;185;185;250;"Светильник подвесной лофт, 1хE27, белый, арт. 1139/1 | УСВЕТА";"Светильник подвесной лофт, белый. 1 рожок с цоколем E27, площадь освещения до 8 м?, мощность до 15 Вт. Подходит на кухню, в гостиную и над столом. Производство и гарантия УСВЕТА.";"светильник подвесной, светильник потолочный подвесной, люстра подвесная, светильник подвесной потолочный, подвесной светильник, светильник на кухню, светильник подвесной белый, купить светильник подвесной, светильник подвесной для натяжного потолка";"Подвесной светильник в стиле лофт, белый — УСВЕТА";"Подвесной светильник в стиле лофт (белый) от производителя. Подходит на кухню, в гостиную и над обеденным столом. Гарантия завода, доставка по России."
121223810103;УСВЕТА;"1139/1 Черный";;"Подвесной светильник";"Светильник подвесной УСВЕТА Лофт Черный, Е27, 40 Вт";"Подвесной светильник в стиле лофт, чёрный, 1 рожок E27. Освещение до 8 м?. Подходит на кухню, в гостиную и над обеденным столом. Производство УСВЕТА.";"<strong>Подвесной светильник в стиле лофт, чёрный</strong> — акцентный свет над столом и в зоне отдыха, на кухню, в гостиную и над обеденным столом.<br /><br /><strong>Характеристики:</strong><br />- Цвет: чёрный<br />- Материал: металл, пластик<br />- Количество ламп: 1 шт., цоколь E27<br />- Допустимая мощность: 15Вт (напряжение 220В)<br />- Площадь освещения: до 8 м?<br /><br /><strong>Преимущества:</strong><br />- Собственное производство полного цикла на Урале.<br />- Гарантия 3 года, срок службы до 5 лет.<br />- Простой монтаж, крепёж в комплекте.<br />- Бренд УСВЕТА — проверенное качество в массовом сегменте.<br /><br /><br />Сертификаты соответствия и декларации о соответствии на продукцию: <a href=""https://usveta.ru/cerificate"" target=""_blank"" rel=""noopener"">https://usveta.ru/cerificate</a>";https://static.tildacdn.com/stor6261-6433-4939-a339-383334333039/104cd9442c6b70c47b92fb345e6a424f.jpg;830.00;50;1499;;;pr5KZmzrHrmMyoOB7ZO9;;1;E27;"металл, пластик";Черный;"15Вт (напряжение 220В)";"Под планку";;"3 года (срок эксплуатации 5 лет)";Россия;;;;;;440;185;185;250;"Светильник подвесной лофт, 1хE27, чёрный, арт. 1139/1 | УСВЕТА";"Светильник подвесной лофт, чёрный. 1 рожок с цоколем E27, площадь освещения до 8 м?, мощность до 15 Вт. Подходит на кухню, в гостиную и над столом. Производство и гарантия УСВЕТА.";"светильник подвесной, светильник потолочный подвесной, люстра подвесная, светильник подвесной потолочный, подвесной светильник, светильник на кухню, светильник подвесной чёрный, купить светильник подвесной, светильник подвесной для натяжного потолка";"Подвесной светильник в стиле лофт, чёрный — УСВЕТА";"Подвесной светильник в стиле лофт (чёрный) от производителя. Подходит на кухню, в гостиную и над обеденным столом. Гарантия завода, доставка по России."
904972954023;УСВЕТА;"1140/1 Белый";;"Подвесной светильник";"Подвесной светильник белый, 1хE27 | УСВЕТА";"Подвесной светильник, белый, 1 рожок E27. Подходит на кухню, в гостиную и над обеденным столом. Производство УСВЕТА.";"<strong>Подвесной светильник, белый</strong> — акцентный свет над столом и в зоне отдыха, на кухню, в гостиную и над обеденным столом.<br /><br /><strong>Характеристики:</strong><br />- Цвет: белый<br />- Материал: металл, пластик<br />- Количество ламп: 1 шт., цоколь E27<br />- Допустимая мощность: 15Вт (напряжение 220В)<br /><br /><strong>Преимущества:</strong><br />- Собственное производство полного цикла на Урале.<br />- Гарантия 3 года, срок службы до 5 лет.<br />- Простой монтаж, крепёж в комплекте.<br />- Бренд УСВЕТА — проверенное качество в массовом сегменте.<br /><br /><br />Сертификаты соответствия и декларации о соответствии на продукцию: <a href=""https://usveta.ru/cerificate"" target=""_blank"" rel=""noopener"">https://usveta.ru/cerificate</a>";https://static.tildacdn.com/stor3039-3136-4266-b231-333532343864/24e242078118e44ce9d5ee9b4e840844.jpg;931.00;22;1499;;;z4ttAuipLB6Y8u162o0S;;1;E27;"металл, пластик";Белый;"15Вт (напряжение 220В)";"Под планку";;"3 года (срок эксплуатации 5 лет)";Россия;;;;;;520;335;310;210;"Светильник подвесной, 1хE27, белый, арт. 1140/1 | УСВЕТА";"Светильник подвесной, белый. 1 рожок с цоколем E27, мощность до 15 Вт. Подходит на кухню, в гостиную и над столом. Производство и гарантия УСВЕТА.";"светильник подвесной, светильник потолочный подвесной, люстра подвесная, светильник подвесной потолочный, подвесной светильник, светильник на кухню, светильник подвесной белый, купить светильник подвесной";"Подвесной светильник, белый — УСВЕТА";"Подвесной светильник (белый) от производителя. Подходит на кухню, в гостиную и над обеденным столом. Гарантия завода, доставка по России."
470815280553;УСВЕТА;"1140/1 Черный";;"Подвесной светильник";"Подвесной светильник чёрный, 1хE27 | УСВЕТА";"Подвесной светильник, чёрный, 1 рожок E27. Подходит на кухню, в гостиную и над обеденным столом. Производство УСВЕТА.";"<strong>Подвесной светильник, чёрный</strong> — акцентный свет над столом и в зоне отдыха, на кухню, в гостиную и над обеденным столом.<br /><br /><strong>Характеристики:</strong><br />- Цвет: чёрный<br />- Материал: металл, пластик<br />- Количество ламп: 1 шт., цоколь E27<br />- Допустимая мощность: 15Вт (напряжение 220В)<br /><br /><strong>Преимущества:</strong><br />- Собственное производство полного цикла на Урале.<br />- Гарантия 3 года, срок службы до 5 лет.<br />- Простой монтаж, крепёж в комплекте.<br />- Бренд УСВЕТА — проверенное качество в массовом сегменте.<br /><br /><br />Сертификаты соответствия и декларации о соответствии на продукцию: <a href=""https://usveta.ru/cerificate"" target=""_blank"" rel=""noopener"">https://usveta.ru/cerificate</a>";https://static.tildacdn.com/stor3631-6430-4538-a132-316439653465/08fcc578d2df126370e719bd5857ccb8.jpg;933.00;13;1499;;;2H6HStDx0knx9XV9E5Gf;;1;E27;"металл, пластик";Черный;"15Вт (напряжение 220В)";"Под планку";;"3 года (срок эксплуатации 5 лет)";Россия;;;;;;520;335;310;210;"Светильник подвесной, 1хE27, чёрный, арт. 1140/1 | УСВЕТА";"Светильник подвесной, чёрный. 1 рожок с цоколем E27, мощность до 15 Вт. Подходит на кухню, в гостиную и над столом. Производство и гарантия УСВЕТА.";"светильник подвесной, светильник потолочный подвесной, люстра подвесная, светильник подвесной потолочный, подвесной светильник, светильник на кухню, светильник подвесной чёрный, купить светильник подвесной";"Подвесной светильник, чёрный — УСВЕТА";"Подвесной светильник (чёрный) от производителя. Подходит на кухню, в гостиную и над обеденным столом. Гарантия завода, доставка по России."
132129242213;УСВЕТА;"1141/1 Белый";;"Подвесной светильник";"Светильник подвесной УСВЕТА Лофт Белый, Е27, 40 Вт";"Подвесной светильник в стиле лофт, белый, 1 рожок E27. Освещение до 8 м?. Подходит на кухню, в гостиную и над обеденным столом. Производство УСВЕТА.";"<strong>Подвесной светильник в стиле лофт, белый</strong> — акцентный свет над столом и в зоне отдыха, на кухню, в гостиную и над обеденным столом.<br /><br /><strong>Характеристики:</strong><br />- Цвет: белый<br />- Материал: металл, пластик<br />- Количество ламп: 1 шт., цоколь E27<br />- Допустимая мощность: 15Вт (напряжение 220В)<br />- Площадь освещения: до 8 м?<br /><br /><strong>Преимущества:</strong><br />- Собственное производство полного цикла на Урале.<br />- Гарантия 3 года, срок службы до 5 лет.<br />- Простой монтаж, крепёж в комплекте.<br />- Бренд УСВЕТА — проверенное качество в массовом сегменте.<br /><br /><br />Сертификаты соответствия и декларации о соответствии на продукцию: <a href=""https://usveta.ru/cerificate"" target=""_blank"" rel=""noopener"">https://usveta.ru/cerificate</a>";https://static.tildacdn.com/stor6531-6539-4965-a466-353336353961/0e5f0f474f7c448007eccbf70f2704ed.jpg;1104.00;50;1999;;;PMrtIxIovEJ98GJMR7mb;;1;E27;"металл, пластик";Белый;"15Вт (напряжение 220В)";"Под планку";;"3 года (срок эксплуатации 5 лет)";Россия;;;;;;540;235;230;230;"Светильник подвесной лофт, 1хE27, белый, арт. 1141/1 | УСВЕТА";"Светильник подвесной лофт, белый. 1 рожок с цоколем E27, площадь освещения до 8 м?, мощность до 15 Вт. Подходит на кухню, в гостиную и над столом. Производство и гарантия УСВЕТА.";"светильник подвесной, светильник потолочный подвесной, люстра подвесная, светильник подвесной потолочный, подвесной светильник, светильник на кухню, светильник подвесной белый, купить светильник подвесной, светильник подвесной для натяжного потолка";"Подвесной светильник в стиле лофт, белый — УСВЕТА";"Подвесной светильник в стиле лофт (белый) от производителя. Подходит на кухню, в гостиную и над обеденным столом. Гарантия завода, доставка по России."
428794630823;УСВЕТА;"1141/1 Черный";;"Подвесной светильник";"Светильник подвесной УСВЕТА Лофт Черный, Е27, 40 Вт";"Подвесной светильник в стиле лофт, чёрный, 1 рожок E27. Освещение до 8 м?. Подходит на кухню, в гостиную и над обеденным столом. Производство УСВЕТА.";"<strong>Подвесной светильник в стиле лофт, чёрный</strong> — акцентный свет над столом и в зоне отдыха, на кухню, в гостиную и над обеденным столом.<br /><br /><strong>Характеристики:</strong><br />- Цвет: чёрный<br />- Материал: металл, пластик<br />- Количество ламп: 1 шт., цоколь E27<br />- Допустимая мощность: 15Вт (напряжение 220В)<br />- Площадь освещения: до 8 м?<br /><br /><strong>Преимущества:</strong><br />- Собственное производство полного цикла на Урале.<br />- Гарантия 3 года, срок службы до 5 лет.<br />- Простой монтаж, крепёж в комплекте.<br />- Бренд УСВЕТА — проверенное качество в массовом сегменте.<br /><br /><br />Сертификаты соответствия и декларации о соответствии на продукцию: <a href=""https://usveta.ru/cerificate"" target=""_blank"" rel=""noopener"">https://usveta.ru/cerificate</a>";https://static.tildacdn.com/stor3666-3263-4536-a336-653135613738/13f2ce504d532e635bf59908bdb7d852.jpg;1095.00;50;1999;;;adzZIu3VRR5faZXeMjCG;;1;E27;"металл, пластик";Черный;"15Вт (напряжение 220В)";"Под планку";;"3 года (срок эксплуатации 5 лет)";Россия;;;;;;540;235;230;230;"Светильник подвесной лофт, 1хE27, чёрный, арт. 1141/1 | УСВЕТА";"Светильник подвесной лофт, чёрный. 1 рожок с цоколем E27, площадь освещения до 8 м?, мощность до 15 Вт. Подходит на кухню, в гостиную и над столом. Производство и гарантия УСВЕТА.";"светильник подвесной, светильник потолочный подвесной, люстра подвесная, светильник подвесной потолочный, подвесной светильник, светильник на кухню, светильник подвесной чёрный, купить светильник подвесной, светильник подвесной для натяжного потолка";"Подвесной светильник в стиле лофт, чёрный — УСВЕТА";"Подвесной светильник в стиле лофт (чёрный) от производителя. Подходит на кухню, в гостиную и над обеденным столом. Гарантия завода, доставка по России."
104626417733;УСВЕТА;"1143/1 Муар Белый";;"Подвесной светильник";"Светильник подвесной УСВЕТА Лофт Белый, Е27, 40 Вт";"Подвесной светильник в стиле лофт, белый, 1 рожок E27. Освещение до 8 м?. Подходит на кухню, в гостиную и над обеденным столом. Производство УСВЕТА.";"<strong>Подвесной светильник в стиле лофт, белый</strong> — акцентный свет над столом и в зоне отдыха, на кухню, в гостиную и над обеденным столом.<br /><br /><strong>Характеристики:</strong><br />- Цвет: белый<br />- Материал: металл, пластик<br />- Количество ламп: 1 шт., цоколь E27<br />- Допустимая мощность: 15Вт (напряжение 220В)<br />- Площадь освещения: до 8 м?<br /><br /><strong>Преимущества:</strong><br />- Собственное производство полного цикла на Урале.<br />- Гарантия 3 года, срок службы до 5 лет.<br />- Простой монтаж, крепёж в комплекте.<br />- Бренд УСВЕТА — проверенное качество в массовом сегменте.<br /><br /><br />Сертификаты соответствия и декларации о соответствии на продукцию: <a href=""https://usveta.ru/cerificate"" target=""_blank"" rel=""noopener"">https://usveta.ru/cerificate</a>";https://static.tildacdn.com/stor6236-6362-4431-b836-373938323163/51c937f8db9ecfbc474fb3328f1d9fcc.jpg;1504.00;44;2499;;;E0vhsjRRjk8YUlOOMcpm;;1;E27;"металл, пластик";Белый;"15Вт (напряжение 220В)";"Под планку";;"3 года (срок эксплуатации 5 лет)";Россия;;;;;;780;370;370;62;"Светильник подвесной лофт, 1хE27, белый, арт. 1143/1 | УСВЕТА";"Светильник подвесной лофт, белый. 1 рожок с цоколем E27, площадь освещения до 8 м?, мощность до 15 Вт. Подходит на кухню, в гостиную и над столом. Производство и гарантия УСВЕТА.";"светильник подвесной, светильник потолочный подвесной, люстра подвесная, светильник подвесной потолочный, подвесной светильник, светильник на кухню, светильник подвесной белый, купить светильник подвесной, светильник подвесной для натяжного потолка";"Подвесной светильник в стиле лофт, белый — УСВЕТА";"Подвесной светильник в стиле лофт (белый) от производителя. Подходит на кухню, в гостиную и над обеденным столом. Гарантия завода, доставка по России."
332934702163;УСВЕТА;"1143/1 Муар Черный";;"Подвесной светильник";"Светильник подвесной УСВЕТА Лофт Черный, Е27, 40 Вт";"Подвесной светильник в стиле лофт, чёрный, 1 рожок E27. Освещение до 8 м?. Подходит на кухню, в гостиную и над обеденным столом. Производство УСВЕТА.";"<strong>Подвесной светильник в стиле лофт, чёрный</strong> — акцентный свет над столом и в зоне отдыха, на кухню, в гостиную и над обеденным столом.<br /><br /><strong>Характеристики:</strong><br />- Цвет: чёрный<br />- Материал: металл, пластик<br />- Количество ламп: 1 шт., цоколь E27<br />- Допустимая мощность: 15Вт (напряжение 220В)<br />- Площадь освещения: до 8 м?<br /><br /><strong>Преимущества:</strong><br />- Собственное производство полного цикла на Урале.<br />- Гарантия 3 года, срок службы до 5 лет.<br />- Простой монтаж, крепёж в комплекте.<br />- Бренд УСВЕТА — проверенное качество в массовом сегменте.<br /><br /><br />Сертификаты соответствия и декларации о соответствии на продукцию: <a href=""https://usveta.ru/cerificate"" target=""_blank"" rel=""noopener"">https://usveta.ru/cerificate</a>";https://static.tildacdn.com/stor3435-6338-4733-b635-373234643263/5ca5b556968eeac8dd8d4234f1295817.jpg;1476.00;50;2499;;;7VGgx2cihU7lzPmUso50;;1;E27;"металл, пластик";Черный;"15Вт (напряжение 220В)";"Под планку";;"3 года (срок эксплуатации 5 лет)";Россия;;;;;;780;370;370;62;"Светильник подвесной лофт, 1хE27, чёрный, арт. 1143/1 | УСВЕТА";"Светильник подвесной лофт, чёрный. 1 рожок с цоколем E27, площадь освещения до 8 м?, мощность до 15 Вт. Подходит на кухню, в гостиную и над столом. Производство и гарантия УСВЕТА.";"светильник подвесной, светильник потолочный подвесной, люстра подвесная, светильник подвесной потолочный, подвесной светильник, светильник на кухню, светильник подвесной чёрный, купить светильник подвесной, светильник подвесной для натяжного потолка";"Подвесной светильник в стиле лофт, чёрный — УСВЕТА";"Подвесной светильник в стиле лофт (чёрный) от производителя. Подходит на кухню, в гостиную и над обеденным столом. Гарантия завода, доставка по России."
761027301433;УСВЕТА;"1200/1 Белый";;"Подвесной светильник";"Светильник подвесной УСВЕТА Лофт Белый, Е27, 40 Вт";"Подвесной светильник в стиле лофт, белый, 1 рожок E27. Освещение до 8 м?. Подходит на кухню, в гостиную и над обеденным столом. Производство УСВЕТА.";"<strong>Подвесной светильник в стиле лофт, белый</strong> — акцентный свет над столом и в зоне отдыха, на кухню, в гостиную и над обеденным столом.<br /><br /><strong>Характеристики:</strong><br />- Цвет: белый<br />- Материал: металл, пластик<br />- Количество ламп: 1 шт., цоколь E27<br />- Допустимая мощность: 15Вт (напряжение 220В)<br />- Площадь освещения: до 8 м?<br /><br /><strong>Преимущества:</strong><br />- Собственное производство полного цикла на Урале.<br />- Гарантия 3 года, срок службы до 5 лет.<br />- Простой монтаж, крепёж в комплекте.<br />- Бренд УСВЕТА — проверенное качество в массовом сегменте.<br /><br /><br />Сертификаты соответствия и декларации о соответствии на продукцию: <a href=""https://usveta.ru/cerificate"" target=""_blank"" rel=""noopener"">https://usveta.ru/cerificate</a>";https://static.tildacdn.com/stor6435-6366-4766-a435-383164656464/5f9dad14e0469505474c320df3ad3fef.jpg;925.00;50;1499;;;E8g2IlOa2Y3yYxHAxIhT;;1;E27;"металл, пластик";Белый;"15Вт (напряжение 220В)";"Под планку";"205х270х205 мм";"3 года (срок эксплуатации 5 лет)";Россия;;;;;;470;220;220;290;"Светильник подвесной лофт, 1хE27, белый, арт. 1200/1 | УСВЕТА";"Светильник подвесной лофт, белый. 1 рожок с цоколем E27, площадь освещения до 8 м?, мощность до 15 Вт. Подходит на кухню, в гостиную и над столом. Производство и гарантия УСВЕТА.";"светильник подвесной, светильник потолочный подвесной, люстра подвесная, светильник подвесной потолочный, подвесной светильник, светильник на кухню, светильник подвесной белый, купить светильник подвесной, светильник подвесной для натяжного потолка";"Подвесной светильник в стиле лофт, белый — УСВЕТА";"Подвесной светильник в стиле лофт (белый) от производителя. Подходит на кухню, в гостиную и над обеденным столом. Гарантия завода, доставка по России."
364100546383;УСВЕТА;"1200/1 Черный";;"Подвесной светильник";"Светильник подвесной УСВЕТА Лофт Черный, Е27, 40 Вт";"Подвесной светильник в стиле лофт, чёрный, 1 рожок E27. Освещение до 8 м?. Подходит на кухню, в гостиную и над обеденным столом. Производство УСВЕТА.";"<strong>Подвесной светильник в стиле лофт, чёрный</strong> — акцентный свет над столом и в зоне отдыха, на кухню, в гостиную и над обеденным столом.<br /><br /><strong>Характеристики:</strong><br />- Цвет: чёрный<br />- Материал: металл, пластик<br />- Количество ламп: 1 шт., цоколь E27<br />- Допустимая мощность: 15Вт (напряжение 220В)<br />- Площадь освещения: до 8 м?<br /><br /><strong>Преимущества:</strong><br />- Собственное производство полного цикла на Урале.<br />- Гарантия 3 года, срок службы до 5 лет.<br />- Простой монтаж, крепёж в комплекте.<br />- Бренд УСВЕТА — проверенное качество в массовом сегменте.<br /><br /><br />Сертификаты соответствия и декларации о соответствии на продукцию: <a href=""https://usveta.ru/cerificate"" target=""_blank"" rel=""noopener"">https://usveta.ru/cerificate</a>";https://static.tildacdn.com/stor6164-6364-4662-b862-646261316639/38f3bac524ca27908e0a1158bffb95ac.jpg;925.00;34;1499;;;pt6k9BDIiHBgZezAauvJ;;1;E27;"металл, пластик";Черный;"15Вт (напряжение 220В)";"Под планку";"205х270х205 мм";"3 года (срок эксплуатации 5 лет)";Россия;;;;;;470;220;220;290;"Светильник подвесной лофт, 1хE27, чёрный, арт. 1200/1 | УСВЕТА";"Светильник подвесной лофт, чёрный. 1 рожок с цоколем E27, площадь освещения до 8 м?, мощность до 15 Вт. Подходит на кухню, в гостиную и над столом. Производство и гарантия УСВЕТА.";"светильник подвесной, светильник потолочный подвесной, люстра подвесная, светильник подвесной потолочный, подвесной светильник, светильник на кухню, светильник подвесной чёрный, купить светильник подвесной, светильник подвесной для натяжного потолка";"Подвесной светильник в стиле лофт, чёрный — УСВЕТА";"Подвесной светильник в стиле лофт (чёрный) от производителя. Подходит на кухню, в гостиную и над обеденным столом. Гарантия завода, доставка по России."
712304498813;УСВЕТА;"1200/3 Белый";;"Подвесной светильник";"Светильник подвесной УСВЕТА Лофт Белый, Е27, 40 Вт";"Подвесной светильник в стиле лофт, белый, 3 рожка E27. Освещение до 16 м?. Подходит на кухню, в гостиную и над обеденным столом. Производство УСВЕТА.";"<strong>Подвесной светильник в стиле лофт, белый</strong> — акцентный свет над столом и в зоне отдыха, на кухню, в гостиную и над обеденным столом.<br /><br /><strong>Характеристики:</strong><br />- Цвет: белый<br />- Материал: металл, пластик<br />- Количество ламп: 3 шт., цоколь E27<br />- Допустимая мощность: 15Вт (напряжение 220В)<br />- Площадь освещения: до 16 м?<br /><br /><strong>Преимущества:</strong><br />- Собственное производство полного цикла на Урале.<br />- Гарантия 3 года, срок службы до 5 лет.<br />- Простой монтаж, крепёж в комплекте.<br />- Бренд УСВЕТА — проверенное качество в массовом сегменте.<br /><br /><br />Сертификаты соответствия и декларации о соответствии на продукцию: <a href=""https://usveta.ru/cerificate"" target=""_blank"" rel=""noopener"">https://usveta.ru/cerificate</a>";https://static.tildacdn.com/stor6561-6231-4334-b631-623139373833/67c59af98e01d7541d613664f407b3c0.jpg;2224.00;50;3499;;;mj4UfIVpNOPoDOImo1U5;;3;E27;"металл, пластик";Белый;"15Вт (напряжение 220В)";"Под планку";"205х270х205 мм";"3 года (срок эксплуатации 5 лет)";Россия;;;;;;1400;445;245;245;"Светильник подвесной лофт, 3хE27, белый, арт. 1200/3 | УСВЕТА";"Светильник подвесной лофт, белый. 3 рожка с цоколем E27, площадь освещения до 16 м?, мощность до 15 Вт. Подходит на кухню, в гостиную и над столом. Производство и гарантия УСВЕТА.";"светильник подвесной, светильник потолочный подвесной, люстра подвесная, светильник подвесной потолочный, подвесной светильник, светильник на кухню, светильник подвесной белый, купить светильник подвесной, светильник подвесной для натяжного потолка";"Подвесной светильник в стиле лофт, белый — УСВЕТА";"Подвесной светильник в стиле лофт (белый) от производителя. Подходит на кухню, в гостиную и над обеденным столом. Гарантия завода, доставка по России."
801990271363;УСВЕТА;"1200/3 Черный";;"Подвесной светильник";"Светильник подвесной УСВЕТА Лофт Черный, Е27, 40 Вт";"Подвесной светильник в стиле лофт, чёрный, 3 рожка E27. Освещение до 16 м?. Подходит на кухню, в гостиную и над обеденным столом. Производство УСВЕТА.";"<strong>Подвесной светильник в стиле лофт, чёрный</strong> — акцентный свет над столом и в зоне отдыха, на кухню, в гостиную и над обеденным столом.<br /><br /><strong>Характеристики:</strong><br />- Цвет: чёрный<br />- Материал: металл, пластик<br />- Количество ламп: 3 шт., цоколь E27<br />- Допустимая мощность: 15Вт (напряжение 220В)<br />- Площадь освещения: до 16 м?<br /><br /><strong>Преимущества:</strong><br />- Собственное производство полного цикла на Урале.<br />- Гарантия 3 года, срок службы до 5 лет.<br />- Простой монтаж, крепёж в комплекте.<br />- Бренд УСВЕТА — проверенное качество в массовом сегменте.<br /><br /><br />Сертификаты соответствия и декларации о соответствии на продукцию: <a href=""https://usveta.ru/cerificate"" target=""_blank"" rel=""noopener"">https://usveta.ru/cerificate</a>";https://static.tildacdn.com/stor3832-3539-4666-a133-313834306364/0334e6d82143468f7dc08814dd02ccea.jpg;2206.00;25;3499;;;yva0mLFfpXCcha8XmEvh;;3;E27;"металл, пластик";Черный;"15Вт (напряжение 220В)";"Под планку";"205х270х205 мм";"3 года (срок эксплуатации 5 лет)";Россия;;;;;;1400;445;245;245;"Светильник подвесной лофт, 3хE27, чёрный, арт. 1200/3 | УСВЕТА";"Светильник подвесной лофт, чёрный. 3 рожка с цоколем E27, площадь освещения до 16 м?, мощность до 15 Вт. Подходит на кухню, в гостиную и над столом. Производство и гарантия УСВЕТА.";"светильник подвесной, светильник потолочный подвесной, люстра подвесная, светильник подвесной потолочный, подвесной светильник, светильник на кухню, светильник подвесной чёрный, купить светильник подвесной, светильник подвесной для натяжного потолка";"Подвесной светильник в стиле лофт, чёрный — УСВЕТА";"Подвесной светильник в стиле лофт (чёрный) от производителя. Подходит на кухню, в гостиную и над обеденным столом. Гарантия завода, доставка по России."
871079459073;УСВЕТА;"1202/1 Белый";;"Подвесной светильник";"Светильник подвесной на кухню, люстра потолочная лофт УСВЕТА Белый, Е27, 40 Вт";"Подвесной светильник в стиле лофт, белый, 1 рожок E27. Освещение до 8 м?. Подходит на кухню, в гостиную и над обеденным столом. Производство УСВЕТА.";"<strong>Подвесной светильник в стиле лофт, белый</strong> — акцентный свет над столом и в зоне отдыха, на кухню, в гостиную и над обеденным столом.<br /><br /><strong>Характеристики:</strong><br />- Цвет: белый<br />- Материал: металл, пластик<br />- Количество ламп: 1 шт., цоколь E27<br />- Допустимая мощность: 15Вт (напряжение 220В)<br />- Площадь освещения: до 8 м?<br /><br /><strong>Преимущества:</strong><br />- Собственное производство полного цикла на Урале.<br />- Гарантия 3 года, срок службы до 5 лет.<br />- Простой монтаж, крепёж в комплекте.<br />- Бренд УСВЕТА — проверенное качество в массовом сегменте.<br /><br /><br />Сертификаты соответствия и декларации о соответствии на продукцию: <a href=""https://usveta.ru/cerificate"" target=""_blank"" rel=""noopener"">https://usveta.ru/cerificate</a>";https://static.tildacdn.com/stor3162-6565-4436-a465-323362393462/81d1bb60ae46541a30c66ea2f6fe04a1.jpg;851.00;13;1499;;;OVaAXVdhyLSlTM95DuKr;;1;E27;"металл, пластик";Белый;"15Вт (напряжение 220В)";"Под планку";;"3 года (срок эксплуатации 5 лет)";Россия;;;;;;550;222;222;155;"Светильник подвесной лофт, 1хE27, белый, арт. 1202/1 | УСВЕТА";"Светильник подвесной лофт, белый. 1 рожок с цоколем E27, площадь освещения до 8 м?, мощность до 15 Вт. Подходит на кухню, в гостиную и над столом. Производство и гарантия УСВЕТА.";"светильник подвесной, светильник потолочный подвесной, люстра подвесная, светильник подвесной потолочный, подвесной светильник, светильник на кухню, светильник подвесной белый, купить светильник подвесной, светильник подвесной для натяжного потолка";"Подвесной светильник в стиле лофт, белый — УСВЕТА";"Подвесной светильник в стиле лофт (белый) от производителя. Подходит на кухню, в гостиную и над обеденным столом. Гарантия завода, доставка по России."
964769002463;УСВЕТА;"1202/1 Черный";;"Подвесной светильник";"Светильник подвесной на кухню, люстра потолочная лофт УСВЕТА Черный, Е27, 40 Вт";"Подвесной светильник в стиле лофт, чёрный, 1 рожок E27. Освещение до 8 м?. Подходит на кухню, в гостиную и над обеденным столом. Производство УСВЕТА.";"<strong>Подвесной светильник в стиле лофт, чёрный</strong> — акцентный свет над столом и в зоне отдыха, на кухню, в гостиную и над обеденным столом.<br /><br /><strong>Характеристики:</strong><br />- Цвет: чёрный<br />- Материал: металл, пластик<br />- Количество ламп: 1 шт., цоколь E27<br />- Допустимая мощность: 15Вт (напряжение 220В)<br />- Площадь освещения: до 8 м?<br /><br /><strong>Преимущества:</strong><br />- Собственное производство полного цикла на Урале.<br />- Гарантия 3 года, срок службы до 5 лет.<br />- Простой монтаж, крепёж в комплекте.<br />- Бренд УСВЕТА — проверенное качество в массовом сегменте.<br /><br /><br />Сертификаты соответствия и декларации о соответствии на продукцию: <a href=""https://usveta.ru/cerificate"" target=""_blank"" rel=""noopener"">https://usveta.ru/cerificate</a>";https://static.tildacdn.com/stor3036-3965-4238-a635-306563643432/75e3abbfcc46e9a4701797a81cc14d20.jpg;925.00;17;1499;;;TCiSoPigKcmijavcuiXv;;1;E27;"металл, пластик";Черный;"15Вт (напряжение 220В)";"Под планку";;"3 года (срок эксплуатации 5 лет)";Россия;;;;;;550;222;222;155;"Светильник подвесной лофт, 1хE27, чёрный, арт. 1202/1 | УСВЕТА";"Светильник подвесной лофт, чёрный. 1 рожок с цоколем E27, площадь освещения до 8 м?, мощность до 15 Вт. Подходит на кухню, в гостиную и над столом. Производство и гарантия УСВЕТА.";"светильник подвесной, светильник потолочный подвесной, люстра подвесная, светильник подвесной потолочный, подвесной светильник, светильник на кухню, светильник подвесной чёрный, купить светильник подвесной, светильник подвесной для натяжного потолка";"Подвесной светильник в стиле лофт, чёрный — УСВЕТА";"Подвесной светильник в стиле лофт (чёрный) от производителя. Подходит на кухню, в гостиную и над обеденным столом. Гарантия завода, доставка по России."
971665778973;УСВЕТА;"1203/1 Белый";;"Подвесной светильник";"Светильник подвесной на кухню, люстра потолочная лофт УСВЕТА Белый, Е27, 40 Вт";"Подвесной светильник в стиле лофт, белый, 1 рожок E27. Освещение до 8 м?. Подходит на кухню, в гостиную и над обеденным столом. Производство УСВЕТА.";"<strong>Подвесной светильник в стиле лофт, белый</strong> — акцентный свет над столом и в зоне отдыха, на кухню, в гостиную и над обеденным столом.<br /><br /><strong>Характеристики:</strong><br />- Цвет: белый<br />- Материал: металл, пластик<br />- Количество ламп: 1 шт., цоколь E27<br />- Допустимая мощность: 15Вт (напряжение 220В)<br />- Площадь освещения: до 8 м?<br /><br /><strong>Преимущества:</strong><br />- Собственное производство полного цикла на Урале.<br />- Гарантия 3 года, срок службы до 5 лет.<br />- Простой монтаж, крепёж в комплекте.<br />- Бренд УСВЕТА — проверенное качество в массовом сегменте.<br /><br /><br />Сертификаты соответствия и декларации о соответствии на продукцию: <a href=""https://usveta.ru/cerificate"" target=""_blank"" rel=""noopener"">https://usveta.ru/cerificate</a>";https://static.tildacdn.com/stor3234-3362-4237-b837-383832613830/af78116a1260cc60f75d8ef1cda0940b.jpg;1215.00;38;1999;;;IgvNJ03YzxmrmeEzhUzf;;1;E27;"металл, пластик";Белый;"15Вт (напряжение 220В)";"Под планку";"252х143х252 мм";"3 года (срок эксплуатации 5 лет)";Россия;;;;;;540;270;270;170;"Светильник подвесной лофт, 1хE27, белый, арт. 1203/1 | УСВЕТА";"Светильник подвесной лофт, белый. 1 рожок с цоколем E27, площадь освещения до 8 м?, мощность до 15 Вт. Подходит на кухню, в гостиную и над столом. Производство и гарантия УСВЕТА.";"светильник подвесной, светильник потолочный подвесной, люстра подвесная, светильник подвесной потолочный, подвесной светильник, светильник на кухню, светильник подвесной белый, купить светильник подвесной, светильник подвесной для натяжного потолка";"Подвесной светильник в стиле лофт, белый — УСВЕТА";"Подвесной светильник в стиле лофт (белый) от производителя. Подходит на кухню, в гостиную и над обеденным столом. Гарантия завода, доставка по России."
434699294133;УСВЕТА;"1203/1 Черный";;"Подвесной светильник";"Светильник подвесной на кухню, люстра потолочная лофт УСВЕТА Черный, Е27, 40 Вт";"Подвесной светильник в стиле лофт, чёрный, 1 рожок E27. Освещение до 8 м?. Подходит на кухню, в гостиную и над обеденным столом. Производство УСВЕТА.";"<strong>Подвесной светильник в стиле лофт, чёрный</strong> — акцентный свет над столом и в зоне отдыха, на кухню, в гостиную и над обеденным столом.<br /><br /><strong>Характеристики:</strong><br />- Цвет: чёрный<br />- Материал: металл, пластик<br />- Количество ламп: 1 шт., цоколь E27<br />- Допустимая мощность: 15Вт (напряжение 220В)<br />- Площадь освещения: до 8 м?<br /><br /><strong>Преимущества:</strong><br />- Собственное производство полного цикла на Урале.<br />- Гарантия 3 года, срок службы до 5 лет.<br />- Простой монтаж, крепёж в комплекте.<br />- Бренд УСВЕТА — проверенное качество в массовом сегменте.<br /><br /><br />Сертификаты соответствия и декларации о соответствии на продукцию: <a href=""https://usveta.ru/cerificate"" target=""_blank"" rel=""noopener"">https://usveta.ru/cerificate</a>";https://static.tildacdn.com/stor3939-6561-4832-b664-316662343235/3f5a4e35ec308288bdfef3aa1dd05a68.jpg;1284.00;50;1999;;;90vEJJPdk4xp043hL5Da;;1;E27;"металл, пластик";Черный;"15Вт (напряжение 220В)";"Под планку";"252х143х252 мм";"3 года (срок эксплуатации 5 лет)";Россия;;;;;;540;270;270;170;"Светильник подвесной лофт, 1хE27, чёрный, арт. 1203/1 | УСВЕТА";"Светильник подвесной лофт, чёрный. 1 рожок с цоколем E27, площадь освещения до 8 м?, мощность до 15 Вт. Подходит на кухню, в гостиную и над столом. Производство и гарантия УСВЕТА.";"светильник подвесной, светильник потолочный подвесной, люстра подвесная, светильник подвесной потолочный, подвесной светильник, светильник на кухню, светильник подвесной чёрный, купить светильник подвесной, светильник подвесной для натяжного потолка";"Подвесной светильник в стиле лофт, чёрный — УСВЕТА";"Подвесной светильник в стиле лофт (чёрный) от производителя. Подходит на кухню, в гостиную и над обеденным столом. Гарантия завода, доставка по России."
120560392673;УСВЕТА;"1204/1 Белый";;"Подвесной светильник";"Светильник подвесной на кухню, люстра потолочная лофт УСВЕТА Белый, Е27, 40 Вт";"Подвесной светильник в стиле лофт, белый, 1 рожок E27. Освещение до 8 м?. Подходит на кухню, в гостиную и над обеденным столом. Производство УСВЕТА.";"<strong>Подвесной светильник в стиле лофт, белый</strong> — акцентный свет над столом и в зоне отдыха, на кухню, в гостиную и над обеденным столом.<br /><br /><strong>Характеристики:</strong><br />- Цвет: белый<br />- Материал: металл, пластик<br />- Количество ламп: 1 шт., цоколь E27<br />- Допустимая мощность: 15Вт (напряжение 220В)<br />- Площадь освещения: до 8 м?<br /><br /><strong>Преимущества:</strong><br />- Собственное производство полного цикла на Урале.<br />- Гарантия 3 года, срок службы до 5 лет.<br />- Простой монтаж, крепёж в комплекте.<br />- Бренд УСВЕТА — проверенное качество в массовом сегменте.<br /><br /><br />Сертификаты соответствия и декларации о соответствии на продукцию: <a href=""https://usveta.ru/cerificate"" target=""_blank"" rel=""noopener"">https://usveta.ru/cerificate</a>";https://static.tildacdn.com/stor3932-6539-4939-a537-356437636539/0b777ba586e1b4b027b52347451b9f1a.jpg;815.00;15;1499;;;ZX7crKVa1smeKEu8DKRk;;1;E27;"металл, пластик";Белый;"15Вт (напряжение 220В)";"Под планку";"220х129х215 мм";"3 года (срок эксплуатации 5 лет)";Россия;;;;;;450;235;235;160;"Светильник подвесной лофт, 1хE27, белый, арт. 1204/1 | УСВЕТА";"Светильник подвесной лофт, белый. 1 рожок с цоколем E27, площадь освещения до 8 м?, мощность до 15 Вт. Подходит на кухню, в гостиную и над столом. Производство и гарантия УСВЕТА.";"светильник подвесной, светильник потолочный подвесной, люстра подвесная, светильник подвесной потолочный, подвесной светильник, светильник на кухню, светильник подвесной белый, купить светильник подвесной, светильник подвесной для натяжного потолка";"Подвесной светильник в стиле лофт, белый — УСВЕТА";"Подвесной светильник в стиле лофт (белый) от производителя. Подходит на кухню, в гостиную и над обеденным столом. Гарантия завода, доставка по России."
955507291403;УСВЕТА;"1204/1 Черный";;"Подвесной светильник";"Светильник подвесной на кухню, люстра потолочная лофт УСВЕТА Черный, Е27, 40 Вт";"Подвесной светильник в стиле лофт, чёрный, 1 рожок E27. Освещение до 8 м?. Подходит на кухню, в гостиную и над обеденным столом. Производство УСВЕТА.";"<strong>Подвесной светильник в стиле лофт, чёрный</strong> — акцентный свет над столом и в зоне отдыха, на кухню, в гостиную и над обеденным столом.<br /><br /><strong>Характеристики:</strong><br />- Цвет: чёрный<br />- Материал: металл, пластик<br />- Количество ламп: 1 шт., цоколь E27<br />- Допустимая мощность: 15Вт (напряжение 220В)<br />- Площадь освещения: до 8 м?<br /><br /><strong>Преимущества:</strong><br />- Собственное производство полного цикла на Урале.<br />- Гарантия 3 года, срок службы до 5 лет.<br />- Простой монтаж, крепёж в комплекте.<br />- Бренд УСВЕТА — проверенное качество в массовом сегменте.<br /><br /><br />Сертификаты соответствия и декларации о соответствии на продукцию: <a href=""https://usveta.ru/cerificate"" target=""_blank"" rel=""noopener"">https://usveta.ru/cerificate</a>";https://static.tildacdn.com/stor3862-3835-4838-b930-376137383032/2884b7db393d5a5d51f110203d57f4c3.jpg;769.00;29;1499;;;3iLvDVIetGgCkB1fL6iI;;1;E27;"металл, пластик";Черный;"15Вт (напряжение 220В)";"Под планку";"220х129х215 мм";"3 года (срок эксплуатации 5 лет)";Россия;;;;;;450;235;235;160;"Светильник подвесной лофт, 1хE27, чёрный, арт. 1204/1 | УСВЕТА";"Светильник подвесной лофт, чёрный. 1 рожок с цоколем E27, площадь освещения до 8 м?, мощность до 15 Вт. Подходит на кухню, в гостиную и над столом. Производство и гарантия УСВЕТА.";"светильник подвесной, светильник потолочный подвесной, люстра подвесная, светильник подвесной потолочный, подвесной светильник, светильник на кухню, светильник подвесной чёрный, купить светильник подвесной, светильник подвесной для натяжного потолка";"Подвесной светильник в стиле лофт, чёрный — УСВЕТА";"Подвесной светильник в стиле лофт (чёрный) от производителя. Подходит на кухню, в гостиную и над обеденным столом. Гарантия завода, доставка по России."
601230485963;УСВЕТА;"1422/1 Белый";;"Подвесной светильник";"Светильник потолочный подвесной УСВЕТА Тюльпан Белый, Е27, 15 Вт";"Подвесной светильник, белый, 1 рожок E27. Освещение до 6 м?. Подходит на кухню, в гостиную и над обеденным столом. Производство УСВЕТА.";"<strong>Подвесной светильник, белый</strong> — акцентный свет над столом и в зоне отдыха, на кухню, в гостиную и над обеденным столом.<br /><br /><strong>Характеристики:</strong><br />- Цвет: белый<br />- Материал: металл, пластик<br />- Количество ламп: 1 шт., цоколь E27<br />- Допустимая мощность: 15Вт (напряжение 220В)<br />- Площадь освещения: до 6 м?<br /><br /><strong>Преимущества:</strong><br />- Собственное производство полного цикла на Урале.<br />- Гарантия 3 года, срок службы до 5 лет.<br />- Простой монтаж, крепёж в комплекте.<br />- Бренд УСВЕТА — проверенное качество в массовом сегменте.<br /><br /><br />Сертификаты соответствия и декларации о соответствии на продукцию: <a href=""https://usveta.ru/cerificate"" target=""_blank"" rel=""noopener"">https://usveta.ru/cerificate</a>";https://static.tildacdn.com/stor3432-6637-4662-b836-376432663534/6eb27d83d4ff4fc716022a7478583363.jpg;279.00;50;499;;;NLzDuH0Y4pBOfiNsSF3v;;1;E27;"металл, пластик";Белый;"15Вт (напряжение 220В)";"Крепление под крюк";"142х217х142 мм";"3 года (срок эксплуатации 5 лет)";Россия;;;;;;170;155;150;230;"Светильник подвесной с регулировкой высоты, 1хE27, белый | УСВЕТА";"Светильник подвесной с регулировкой высоты, белый. 1 рожок с цоколем E27, площадь освещения до 6 м?, мощность до 15 Вт. Подходит на кухню, в гостиную и над столом. Производство и гарантия УСВЕТА.";"светильник подвесной, светильник потолочный подвесной, люстра подвесная, светильник подвесной потолочный, подвесной светильник, светильник на кухню, светильник подвесной белый, купить светильник подвесной";"Подвесной светильник, белый — УСВЕТА";"Подвесной светильник (белый) от производителя. Подходит на кухню, в гостиную и над обеденным столом. Гарантия завода, доставка по России."
144035493453;УСВЕТА;"1422/1 Коричневый";;"Подвесной светильник";"Подвесной светильник коричневый, 1хE27 | УСВЕТА";"Подвесной светильник, коричневый, 1 рожок E27. Подходит на кухню, в гостиную и над обеденным столом. Производство УСВЕТА.";"<strong>Подвесной светильник, коричневый</strong> — акцентный свет над столом и в зоне отдыха, на кухню, в гостиную и над обеденным столом.<br /><br /><strong>Характеристики:</strong><br />- Цвет: коричневый<br />- Материал: металл, пластик<br />- Количество ламп: 1 шт., цоколь E27<br />- Допустимая мощность: 15Вт (напряжение 220В)<br /><br /><strong>Преимущества:</strong><br />- Собственное производство полного цикла на Урале.<br />- Гарантия 3 года, срок службы до 5 лет.<br />- Простой монтаж, крепёж в комплекте.<br />- Бренд УСВЕТА — проверенное качество в массовом сегменте.<br /><br /><br />Сертификаты соответствия и декларации о соответствии на продукцию: <a href=""https://usveta.ru/cerificate"" target=""_blank"" rel=""noopener"">https://usveta.ru/cerificate</a>";https://static.tildacdn.com/stor3835-6136-4762-b939-653734623037/b747d0dafb4083f8fb04b0265852f322.jpg;276.00;23;499;;;YcHaTItNcy8P9cVEYGda;;1;E27;"металл, пластик";Коричневый;"15Вт (напряжение 220В)";"Крепление под крюк";"142х217х142 мм";"3 года (срок эксплуатации 5 лет)";Россия;;;;;;170;155;150;230;"Светильник подвесной, 1хE27, коричневый, арт. 1422/1 | УСВЕТА";"Светильник подвесной, коричневый. 1 рожок с цоколем E27, мощность до 15 Вт. Подходит на кухню, в гостиную и над столом. Производство и гарантия УСВЕТА.";"светильник подвесной, светильник потолочный подвесной, люстра подвесная, светильник подвесной потолочный, подвесной светильник, светильник на кухню, светильник подвесной коричневый, купить светильник подвесной";"Подвесной светильник, коричневый — УСВЕТА";"Подвесной светильник (коричневый) от производителя. Подходит на кухню, в гостиную и над обеденным столом. Гарантия завода, доставка по России."
109046172863;УСВЕТА;"1422/1 Оранжевый";;"Подвесной светильник";"Подвесной светильник оранжевый, 1хE27 | УСВЕТА";"Подвесной светильник, оранжевый, 1 рожок E27. Подходит на кухню, в гостиную и над обеденным столом. Производство УСВЕТА.";"<strong>Подвесной светильник, оранжевый</strong> — акцентный свет над столом и в зоне отдыха, на кухню, в гостиную и над обеденным столом.<br /><br /><strong>Характеристики:</strong><br />- Цвет: оранжевый<br />- Материал: металл, пластик<br />- Количество ламп: 1 шт., цоколь E27<br />- Допустимая мощность: 15Вт (напряжение 220В)<br /><br /><strong>Преимущества:</strong><br />- Собственное производство полного цикла на Урале.<br />- Гарантия 3 года, срок службы до 5 лет.<br />- Простой монтаж, крепёж в комплекте.<br />- Бренд УСВЕТА — проверенное качество в массовом сегменте.<br /><br /><br />Сертификаты соответствия и декларации о соответствии на продукцию: <a href=""https://usveta.ru/cerificate"" target=""_blank"" rel=""noopener"">https://usveta.ru/cerificate</a>";https://static.tildacdn.com/stor3431-3466-4431-b762-656132343830/fb665ea081b40e157a397e0a0f6d34c3.jpg;276.00;23;499;;;djeHu9YoTUisu5k3ihVA;;1;E27;"металл, пластик";Оранжевый;"15Вт (напряжение 220В)";"Крепление под крюк";"142х217х142 мм";"3 года (срок эксплуатации 5 лет)";Россия;;;;;;170;155;150;230;"Светильник подвесной, 1хE27, оранжевый, арт. 1422/1 | УСВЕТА";"Светильник подвесной, оранжевый. 1 рожок с цоколем E27, мощность до 15 Вт. Подходит на кухню, в гостиную и над столом. Производство и гарантия УСВЕТА.";"светильник подвесной, светильник потолочный подвесной, люстра подвесная, светильник подвесной потолочный, подвесной светильник, светильник на кухню, светильник подвесной оранжевый, купить светильник подвесной";"Подвесной светильник, оранжевый — УСВЕТА";"Подвесной светильник (оранжевый) от производителя. Подходит на кухню, в гостиную и над обеденным столом. Гарантия завода, доставка по России."
878436184863;УСВЕТА;"1422/1 Розовый";;"Подвесной светильник";"Светильник потолочный подвесной УСВЕТА Тюльпан Розовый, Е27, 15 Вт";"Подвесной светильник, розовый, 1 рожок E27. Освещение до 6 м?. Подходит на кухню, в гостиную и над обеденным столом. Производство УСВЕТА.";"<strong>Подвесной светильник, розовый</strong> — акцентный свет над столом и в зоне отдыха, на кухню, в гостиную и над обеденным столом.<br /><br /><strong>Характеристики:</strong><br />- Цвет: розовый<br />- Материал: металл, пластик<br />- Количество ламп: 1 шт., цоколь E27<br />- Допустимая мощность: 15Вт (напряжение 220В)<br />- Площадь освещения: до 6 м?<br /><br /><strong>Преимущества:</strong><br />- Собственное производство полного цикла на Урале.<br />- Гарантия 3 года, срок службы до 5 лет.<br />- Простой монтаж, крепёж в комплекте.<br />- Бренд УСВЕТА — проверенное качество в массовом сегменте.<br /><br /><br />Сертификаты соответствия и декларации о соответствии на продукцию: <a href=""https://usveta.ru/cerificate"" target=""_blank"" rel=""noopener"">https://usveta.ru/cerificate</a>";https://static.tildacdn.com/stor3966-3538-4161-a662-383664643736/7ffc5d82e6bcda6b3b0d219dc1742b04.jpg;276.00;43;499;;;oYvATDPkz87fRjyiFmdm;;1;E27;"металл, пластик";Розовый;"15Вт (напряжение 220В)";"Крепление под крюк";"142х217х142 мм";"3 года (срок эксплуатации 5 лет)";Россия;;;;;;170;155;150;230;"Светильник подвесной с регулировкой высоты, 1хE27, розовый | УСВЕТА";"Светильник подвесной с регулировкой высоты, розовый. 1 рожок с цоколем E27, площадь освещения до 6 м?, мощность до 15 Вт. Подходит на кухню, в гостиную и над столом. Производство и гарантия УСВЕТА.";"светильник подвесной, светильник потолочный подвесной, люстра подвесная, светильник подвесной потолочный, подвесной светильник, светильник на кухню, светильник подвесной розовый, купить светильник подвесной";"Подвесной светильник, розовый — УСВЕТА";"Подвесной светильник (розовый) от производителя. Подходит на кухню, в гостиную и над обеденным столом. Гарантия завода, доставка по России."
966405037903;УСВЕТА;"1422/1 Салатовый";;"Подвесной светильник";"Светильник потолочный подвесной УСВЕТА Тюльпан Салатовый, Е27, 15 Вт";"Подвесной светильник, салатовый, 1 рожок E27. Освещение до 6 м?. Подходит на кухню, в гостиную и над обеденным столом. Производство УСВЕТА.";"<strong>Подвесной светильник, салатовый</strong> — акцентный свет над столом и в зоне отдыха, на кухню, в гостиную и над обеденным столом.<br /><br /><strong>Характеристики:</strong><br />- Цвет: салатовый<br />- Материал: металл, пластик<br />- Количество ламп: 1 шт., цоколь E27<br />- Допустимая мощность: 15Вт (напряжение 220В)<br />- Площадь освещения: до 6 м?<br /><br /><strong>Преимущества:</strong><br />- Собственное производство полного цикла на Урале.<br />- Гарантия 3 года, срок службы до 5 лет.<br />- Простой монтаж, крепёж в комплекте.<br />- Бренд УСВЕТА — проверенное качество в массовом сегменте.<br /><br /><br />Сертификаты соответствия и декларации о соответствии на продукцию: <a href=""https://usveta.ru/cerificate"" target=""_blank"" rel=""noopener"">https://usveta.ru/cerificate</a>";https://static.tildacdn.com/stor3632-6361-4339-b231-313266623130/4341dae864501e0ea650ccc2aa91ce81.jpg;276.00;50;499;;;3s1hRIygenLzcoPBxrjC;;1;E27;"металл, пластик";Салатовый;"15Вт (напряжение 220В)";"Крепление под крюк";"142х217х142 мм";"3 года (срок эксплуатации 5 лет)";Россия;;;;;;170;155;150;230;"Светильник подвесной с регулировкой высоты, 1хE27, салатовый | УСВЕТА";"Светильник подвесной с регулировкой высоты, салатовый. 1 рожок с цоколем E27, площадь освещения до 6 м?, мощность до 15 Вт. Подходит на кухню, в гостиную и над столом. Производство и гарантия УСВЕТА.";"светильник подвесной, светильник потолочный подвесной, люстра подвесная, светильник подвесной потолочный, подвесной светильник, светильник на кухню, светильник подвесной салатовый, купить светильник подвесной";"Подвесной светильник, салатовый — УСВЕТА";"Подвесной светильник (салатовый) от производителя. Подходит на кухню, в гостиную и над обеденным столом. Гарантия завода, доставка по России."
273647568243;УСВЕТА;"1422/1 Синий";;"Подвесной светильник";"Подвесной светильник синий, 1хE27 | УСВЕТА";"Подвесной светильник, синий, 1 рожок E27. Подходит на кухню, в гостиную и над обеденным столом. Производство УСВЕТА.";"<strong>Подвесной светильник, синий</strong> — акцентный свет над столом и в зоне отдыха, на кухню, в гостиную и над обеденным столом.<br /><br /><strong>Характеристики:</strong><br />- Цвет: синий<br />- Материал: металл, пластик<br />- Количество ламп: 1 шт., цоколь E27<br />- Допустимая мощность: 15Вт (напряжение 220В)<br /><br /><strong>Преимущества:</strong><br />- Собственное производство полного цикла на Урале.<br />- Гарантия 3 года, срок службы до 5 лет.<br />- Простой монтаж, крепёж в комплекте.<br />- Бренд УСВЕТА — проверенное качество в массовом сегменте.<br /><br /><br />Сертификаты соответствия и декларации о соответствии на продукцию: <a href=""https://usveta.ru/cerificate"" target=""_blank"" rel=""noopener"">https://usveta.ru/cerificate</a>";https://static.tildacdn.com/stor3965-3863-4537-b437-653862663763/95ee2953124fef18df339c9d6504428e.jpg;276.00;19;499;;;Bf8IIUMjS4jaIVAnKdgj;;1;E27;"металл, пластик";Синий;"15Вт (напряжение 220В)";"Крепление под крюк";"142х217х142 мм";"3 года (срок эксплуатации 5 лет)";Россия;;;;;;170;155;150;230;"Светильник подвесной, 1хE27, синий, арт. 1422/1 | УСВЕТА";"Светильник подвесной, синий. 1 рожок с цоколем E27, мощность до 15 Вт. Подходит на кухню, в гостиную и над столом. Производство и гарантия УСВЕТА.";"светильник подвесной, светильник потолочный подвесной, люстра подвесная, светильник подвесной потолочный, подвесной светильник, светильник на кухню, светильник подвесной синий, купить светильник подвесной";"Подвесной светильник, синий — УСВЕТА";"Подвесной светильник (синий) от производителя. Подходит на кухню, в гостиную и над обеденным столом. Гарантия завода, доставка по России."
470941130653;УСВЕТА;"1820/3 Белый";;"Подвесной светильник";"Подвесной светильник белый, 3хE27 | УСВЕТА";"Подвесной светильник, белый, 3 рожка E27. Подходит на кухню, в гостиную и над обеденным столом. Производство УСВЕТА.";"<strong>Подвесной светильник, белый</strong> — акцентный свет над столом и в зоне отдыха, на кухню, в гостиную и над обеденным столом.<br /><br /><strong>Характеристики:</strong><br />- Цвет: белый<br />- Материал: металл, пластик<br />- Количество ламп: 3 шт., цоколь E27<br />- Допустимая мощность: 15Вт (напряжение 220В)<br /><br /><strong>Преимущества:</strong><br />- Собственное производство полного цикла на Урале.<br />- Гарантия 3 года, срок службы до 5 лет.<br />- Простой монтаж, крепёж в комплекте.<br />- Бренд УСВЕТА — проверенное качество в массовом сегменте.<br /><br /><br />Сертификаты соответствия и декларации о соответствии на продукцию: <a href=""https://usveta.ru/cerificate"" target=""_blank"" rel=""noopener"">https://usveta.ru/cerificate</a>";https://static.tildacdn.com/stor3230-6362-4434-b361-326662313536/1810587a6ea608f93dc5f8bcabad38cd.jpg;2410.00;0;3999;;;svBEv0IinnBpmY2n3cyi;;3;E27;"металл, пластик";Белый;"15Вт (напряжение 220В)";"Под планку";"210х190х210 мм;205х190х205 мм;175х190х175 мм";"3 года (срок эксплуатации 5 лет)";Россия;;;;;;1230;340;330;225;"Светильник подвесной, 3хE27, белый, арт. 1820/3 | УСВЕТА";"Светильник подвесной, белый. 3 рожка с цоколем E27, мощность до 15 Вт. Подходит на кухню, в гостиную и над столом. Производство и гарантия УСВЕТА.";"светильник подвесной, светильник потолочный подвесной, люстра подвесная, светильник подвесной потолочный, подвесной светильник, светильник на кухню, светильник подвесной белый, купить светильник подвесной";"Подвесной светильник, белый — УСВЕТА";"Подвесной светильник (белый) от производителя. Подходит на кухню, в гостиную и над обеденным столом. Гарантия завода, доставка по России."
396580920073;УСВЕТА;"1820/3 Хром";;"Подвесной светильник";"Подвесной светильник хромированный, 3хE27 | УСВЕТА";"Подвесной светильник, хром, 3 рожка E27. Подходит на кухню, в гостиную и над обеденным столом. Производство УСВЕТА.";"<strong>Подвесной светильник, хром</strong> — акцентный свет над столом и в зоне отдыха, на кухню, в гостиную и над обеденным столом.<br /><br /><strong>Характеристики:</strong><br />- Цвет: хром<br />- Материал: металл, пластик<br />- Количество ламп: 3 шт., цоколь E27<br />- Допустимая мощность: 15Вт (напряжение 220В)<br /><br /><strong>Преимущества:</strong><br />- Собственное производство полного цикла на Урале.<br />- Гарантия 3 года, срок службы до 5 лет.<br />- Простой монтаж, крепёж в комплекте.<br />- Бренд УСВЕТА — проверенное качество в массовом сегменте.<br /><br /><br />Сертификаты соответствия и декларации о соответствии на продукцию: <a href=""https://usveta.ru/cerificate"" target=""_blank"" rel=""noopener"">https://usveta.ru/cerificate</a>";https://static.tildacdn.com/stor3830-3439-4265-b566-656262663132/b2e05053b27607a9ac5f66a8c0178009.jpg;2785.00;0;4499;;;UT6lfXvoeCHNBYNXAbLZ;;3;E27;"металл, пластик";Хром;"15Вт (напряжение 220В)";"Под планку";"210х190х210 мм;205х190х205 мм;175х190х175 мм";"3 года (срок эксплуатации 5 лет)";Россия;;;;;;1500;218;325;335;"Светильник подвесной, 3хE27, хром, арт. 1820/3 | УСВЕТА";"Светильник подвесной, хром. 3 рожка с цоколем E27, мощность до 15 Вт. Подходит на кухню, в гостиную и над столом. Производство и гарантия УСВЕТА.";"светильник подвесной, светильник потолочный подвесной, люстра подвесная, светильник подвесной потолочный, подвесной светильник, светильник на кухню, светильник подвесной хром, купить светильник подвесной";"Подвесной светильник, хром — УСВЕТА";"Подвесной светильник (хром) от производителя. Подходит на кухню, в гостиную и над обеденным столом. Гарантия завода, доставка по России."
920552307393;УСВЕТА;"1820/3 Черный";;"Подвесной светильник";"Подвесной светильник чёрный, 3хE27 | УСВЕТА";"Подвесной светильник, чёрный, 3 рожка E27. Подходит на кухню, в гостиную и над обеденным столом. Производство УСВЕТА.";"<strong>Подвесной светильник, чёрный</strong> — акцентный свет над столом и в зоне отдыха, на кухню, в гостиную и над обеденным столом.<br /><br /><strong>Характеристики:</strong><br />- Цвет: чёрный<br />- Материал: металл, пластик<br />- Количество ламп: 3 шт., цоколь E27<br />- Допустимая мощность: 15Вт (напряжение 220В)<br /><br /><strong>Преимущества:</strong><br />- Собственное производство полного цикла на Урале.<br />- Гарантия 3 года, срок службы до 5 лет.<br />- Простой монтаж, крепёж в комплекте.<br />- Бренд УСВЕТА — проверенное качество в массовом сегменте.<br /><br /><br />Сертификаты соответствия и декларации о соответствии на продукцию: <a href=""https://usveta.ru/cerificate"" target=""_blank"" rel=""noopener"">https://usveta.ru/cerificate</a>";https://static.tildacdn.com/stor3631-3834-4036-b135-333438373565/39b685253eebc9062f0f3caefa82656b.jpg;2410.00;0;3999;;;7KyfTtLabfpchlCkK8An;;3;E27;"металл, пластик";Черный;"15Вт (напряжение 220В)";"Под планку";"210х190х210 мм;205х190х205 мм;175х190х175 мм";"3 года (срок эксплуатации 5 лет)";Россия;;;;;;1500;218;325;335;"Светильник подвесной, 3хE27, чёрный, арт. 1820/3 | УСВЕТА";"Светильник подвесной, чёрный. 3 рожка с цоколем E27, мощность до 15 Вт. Подходит на кухню, в гостиную и над столом. Производство и гарантия УСВЕТА.";"светильник подвесной, светильник потолочный подвесной, люстра подвесная, светильник подвесной потолочный, подвесной светильник, светильник на кухню, светильник подвесной чёрный, купить светильник подвесной";"Подвесной светильник, чёрный — УСВЕТА";"Подвесной светильник (чёрный) от производителя. Подходит на кухню, в гостиную и над обеденным столом. Гарантия завода, доставка по России."
802749664713;УСВЕТА;"1821/1 Белый";;"Подвесной светильник";"Светильник подвесной УСВЕТА Лофт Шар Белый, Е27, 40 Вт";"Подвесной светильник в стиле лофт, белый, 1 рожок E27. Освещение до 8 м?. Подходит на кухню, в гостиную и над обеденным столом. Производство УСВЕТА.";"<strong>Подвесной светильник в стиле лофт, белый</strong> — акцентный свет над столом и в зоне отдыха, на кухню, в гостиную и над обеденным столом.<br /><br /><strong>Характеристики:</strong><br />- Цвет: белый<br />- Материал: металл, пластик<br />- Количество ламп: 1 шт., цоколь E27<br />- Допустимая мощность: 15Вт (напряжение 220В)<br />- Площадь освещения: до 8 м?<br /><br /><strong>Преимущества:</strong><br />- Собственное производство полного цикла на Урале.<br />- Гарантия 3 года, срок службы до 5 лет.<br />- Простой монтаж, крепёж в комплекте.<br />- Бренд УСВЕТА — проверенное качество в массовом сегменте.<br /><br /><br />Сертификаты соответствия и декларации о соответствии на продукцию: <a href=""https://usveta.ru/cerificate"" target=""_blank"" rel=""noopener"">https://usveta.ru/cerificate</a>";https://static.tildacdn.com/stor3135-3966-4832-b362-626366336161/9b82bed94fb789072fa4859f206ca73b.jpg;795.00;38;1499;;;XtAIymxcIhXRLovO1mTV;;1;E27;"металл, пластик";Белый;"15Вт (напряжение 220В)";"Под планку";"210х190х210 мм;205х190х205 мм;175х190х175 мм";"3 года (срок эксплуатации 5 лет)";Россия;;;;;;460;180;180;185;"Светильник подвесной лофт, 1хE27, белый, арт. 1821/1 | УСВЕТА";"Светильник подвесной лофт, белый. 1 рожок с цоколем E27, площадь освещения до 8 м?, мощность до 15 Вт. Подходит на кухню, в гостиную и над столом. Производство и гарантия УСВЕТА.";"светильник подвесной, светильник потолочный подвесной, люстра подвесная, светильник подвесной потолочный, подвесной светильник, светильник на кухню, светильник подвесной белый, купить светильник подвесной, светильник подвесной для натяжного потолка";"Подвесной светильник в стиле лофт, белый — УСВЕТА";"Подвесной светильник в стиле лофт (белый) от производителя. Подходит на кухню, в гостиную и над обеденным столом. Гарантия завода, доставка по России."
993628102113;УСВЕТА;"1821/1 Черный";;"Подвесной светильник";"Светильник подвесной УСВЕТА Лофт Шар Черный, Е27, 40 Вт";"Подвесной светильник в стиле лофт, чёрный, 1 рожок E27. Освещение до 8 м?. Подходит на кухню, в гостиную и над обеденным столом. Производство УСВЕТА.";"<strong>Подвесной светильник в стиле лофт, чёрный</strong> — акцентный свет над столом и в зоне отдыха, на кухню, в гостиную и над обеденным столом.<br /><br /><strong>Характеристики:</strong><br />- Цвет: чёрный<br />- Материал: металл, пластик<br />- Количество ламп: 1 шт., цоколь E27<br />- Допустимая мощность: 15Вт (напряжение 220В)<br />- Площадь освещения: до 8 м?<br /><br /><strong>Преимущества:</strong><br />- Собственное производство полного цикла на Урале.<br />- Гарантия 3 года, срок службы до 5 лет.<br />- Простой монтаж, крепёж в комплекте.<br />- Бренд УСВЕТА — проверенное качество в массовом сегменте.<br /><br /><br />Сертификаты соответствия и декларации о соответствии на продукцию: <a href=""https://usveta.ru/cerificate"" target=""_blank"" rel=""noopener"">https://usveta.ru/cerificate</a>";https://static.tildacdn.com/stor3431-6437-4135-b034-623230383632/850dc5ce231021f8f8e023534bba1a04.jpg;741.00;16;1499;;;80JTdxgPvjvZkPp019y9;;1;E27;"металл, пластик";Черный;"15Вт (напряжение 220В)";"Под планку";"210х190х210 мм;205х190х205 мм;175х190х175 мм";"3 года (срок эксплуатации 5 лет)";Россия;;;;;;460;180;180;185;"Светильник подвесной лофт, 1хE27, чёрный, арт. 1821/1 | УСВЕТА";"Светильник подвесной лофт, чёрный. 1 рожок с цоколем E27, площадь освещения до 8 м?, мощность до 15 Вт. Подходит на кухню, в гостиную и над столом. Производство и гарантия УСВЕТА.";"светильник подвесной, светильник потолочный подвесной, люстра подвесная, светильник подвесной потолочный, подвесной светильник, светильник на кухню, светильник подвесной чёрный, купить светильник подвесной, светильник подвесной для натяжного потолка";"Подвесной светильник в стиле лофт, чёрный — УСВЕТА";"Подвесной светильник в стиле лофт (чёрный) от производителя. Подходит на кухню, в гостиную и над обеденным столом. Гарантия завода, доставка по России."
738027888023;УСВЕТА;"1825/3 Белый";;"Подвесной светильник";"Светильник подвесной УСВЕТА Лофт Шары Белый, Е27, 40 Вт";"Подвесной светильник в стиле лофт, белый, 3 рожка E27. Освещение до 16 м?. Подходит на кухню, в гостиную и над обеденным столом. Производство УСВЕТА.";"<strong>Подвесной светильник в стиле лофт, белый</strong> — акцентный свет над столом и в зоне отдыха, на кухню, в гостиную и над обеденным столом.<br /><br /><strong>Характеристики:</strong><br />- Цвет: белый<br />- Материал: металл, пластик<br />- Количество ламп: 3 шт., цоколь E27<br />- Допустимая мощность: 15Вт (напряжение 220В)<br />- Площадь освещения: до 16 м?<br /><br /><strong>Преимущества:</strong><br />- Собственное производство полного цикла на Урале.<br />- Гарантия 3 года, срок службы до 5 лет.<br />- Простой монтаж, крепёж в комплекте.<br />- Бренд УСВЕТА — проверенное качество в массовом сегменте.<br /><br /><br />Сертификаты соответствия и декларации о соответствии на продукцию: <a href=""https://usveta.ru/cerificate"" target=""_blank"" rel=""noopener"">https://usveta.ru/cerificate</a>";https://static.tildacdn.com/stor3639-6664-4039-b561-653936336237/be98777583284ea5721dba3c6680f274.jpg;1894.00;34;2999;;;UFsciOzieL5890kfKSCx;;3;E27;"металл, пластик";Белый;"15Вт (напряжение 220В)";"Под планку";"210х190х210 мм;205х190х205 мм;175х190х175 мм";"3 года (срок эксплуатации 5 лет)";Россия;;;;;;1300;305;305;175;"Светильник подвесной лофт, 3хE27, белый, арт. 1825/3 | УСВЕТА";"Светильник подвесной лофт, белый. 3 рожка с цоколем E27, площадь освещения до 16 м?, мощность до 15 Вт. Подходит на кухню, в гостиную и над столом. Производство и гарантия УСВЕТА.";"светильник подвесной, светильник потолочный подвесной, люстра подвесная, светильник подвесной потолочный, подвесной светильник, светильник на кухню, светильник подвесной белый, купить светильник подвесной, светильник подвесной для натяжного потолка";"Подвесной светильник в стиле лофт, белый — УСВЕТА";"Подвесной светильник в стиле лофт (белый) от производителя. Подходит на кухню, в гостиную и над обеденным столом. Гарантия завода, доставка по России."
519427083353;УСВЕТА;"1825/3 Черный";;"Подвесной светильник";"Светильник подвесной УСВЕТА Лофт Шары Черный, Е27, 40 Вт";"Подвесной светильник в стиле лофт, чёрный, 3 рожка E27. Освещение до 16 м?. Подходит на кухню, в гостиную и над обеденным столом. Производство УСВЕТА.";"<strong>Подвесной светильник в стиле лофт, чёрный</strong> — акцентный свет над столом и в зоне отдыха, на кухню, в гостиную и над обеденным столом.<br /><br /><strong>Характеристики:</strong><br />- Цвет: чёрный<br />- Материал: металл, пластик<br />- Количество ламп: 3 шт., цоколь E27<br />- Допустимая мощность: 15Вт (напряжение 220В)<br />- Площадь освещения: до 16 м?<br /><br /><strong>Преимущества:</strong><br />- Собственное производство полного цикла на Урале.<br />- Гарантия 3 года, срок службы до 5 лет.<br />- Простой монтаж, крепёж в комплекте.<br />- Бренд УСВЕТА — проверенное качество в массовом сегменте.<br /><br /><br />Сертификаты соответствия и декларации о соответствии на продукцию: <a href=""https://usveta.ru/cerificate"" target=""_blank"" rel=""noopener"">https://usveta.ru/cerificate</a>";https://static.tildacdn.com/stor3336-3762-4636-b466-363661396461/db6207256256cd167614d4bcab84ca8b.jpg;1865.00;35;2999;;;c9nSbpm1XFuDoJ8E2cuD;;3;E27;"металл, пластик";Черный;"15Вт (напряжение 220В)";"Под планку";"210х190х210 мм;205х190х205 мм;175х190х175 мм";"3 года (срок эксплуатации 5 лет)";Россия;;;;;;1300;305;305;175;"Светильник подвесной лофт, 3хE27, чёрный, арт. 1825/3 | УСВЕТА";"Светильник подвесной лофт, чёрный. 3 рожка с цоколем E27, площадь освещения до 16 м?, мощность до 15 Вт. Подходит на кухню, в гостиную и над столом. Производство и гарантия УСВЕТА.";"светильник подвесной, светильник потолочный подвесной, люстра подвесная, светильник подвесной потолочный, подвесной светильник, светильник на кухню, светильник подвесной чёрный, купить светильник подвесной, светильник подвесной для натяжного потолка";"Подвесной светильник в стиле лофт, чёрный — УСВЕТА";"Подвесной светильник в стиле лофт (чёрный) от производителя. Подходит на кухню, в гостиную и над обеденным столом. Гарантия завода, доставка по России."
668173879063;УСВЕТА;"1826/1 Черный";;"Подвесной светильник";"Подвесной светильник чёрный, 1хE27 | УСВЕТА";"Подвесной светильник в стиле лофт, чёрный, 1 рожок E27. Освещение до 8 м?. Подходит на кухню, в гостиную и над обеденным столом. Производство УСВЕТА.";"<strong>Подвесной светильник в стиле лофт, чёрный</strong> — акцентный свет над столом и в зоне отдыха, на кухню, в гостиную и над обеденным столом.<br /><br /><strong>Характеристики:</strong><br />- Цвет: чёрный<br />- Материал: металл, пластик<br />- Количество ламп: 1 шт., цоколь E27<br />- Допустимая мощность: 15Вт (напряжение 220В)<br />- Площадь освещения: до 8 м?<br /><br /><strong>Преимущества:</strong><br />- Собственное производство полного цикла на Урале.<br />- Гарантия 3 года, срок службы до 5 лет.<br />- Простой монтаж, крепёж в комплекте.<br />- Бренд УСВЕТА — проверенное качество в массовом сегменте.<br /><br /><br />Сертификаты соответствия и декларации о соответствии на продукцию: <a href=""https://usveta.ru/cerificate"" target=""_blank"" rel=""noopener"">https://usveta.ru/cerificate</a>";https://static.tildacdn.com/stor3531-6334-4238-a237-623733326331/0b657c16994986f1de8f24653bdf1a8c.jpg;989.00;50;1499;;;vzVDxRLO6VFMFVuYczG6;;1;E27;"металл, пластик";Черный;"15Вт (напряжение 220В)";"Под планку";"210х190х210 мм;205х190х205 мм;175х190х175 мм";"3 года (срок эксплуатации 5 лет)";Россия;;;;;;530;255;255;240;"Светильник подвесной лофт, 1хE27, чёрный, арт. 1826/1 | УСВЕТА";"Светильник подвесной лофт, чёрный. 1 рожок с цоколем E27, площадь освещения до 8 м?, мощность до 15 Вт. Подходит на кухню, в гостиную и над столом. Производство и гарантия УСВЕТА.";"светильник подвесной, светильник потолочный подвесной, люстра подвесная, светильник подвесной потолочный, подвесной светильник, светильник на кухню, светильник подвесной чёрный, купить светильник подвесной, светильник подвесной для натяжного потолка";"Подвесной светильник в стиле лофт, чёрный — УСВЕТА";"Подвесной светильник в стиле лофт (чёрный) от производителя. Подходит на кухню, в гостиную и над обеденным столом. Гарантия завода, доставка по России."
802303457673;УСВЕТА;"1826/3 Черный";;"Подвесной светильник";"Подвесной светильник чёрный, 3хE27 | УСВЕТА";"Подвесной светильник, чёрный, 3 рожка E27. Подходит на кухню, в гостиную и над обеденным столом. Производство УСВЕТА.";"<strong>Подвесной светильник, чёрный</strong> — акцентный свет над столом и в зоне отдыха, на кухню, в гостиную и над обеденным столом.<br /><br /><strong>Характеристики:</strong><br />- Цвет: чёрный<br />- Материал: металл, пластик<br />- Количество ламп: 3 шт., цоколь E27<br />- Допустимая мощность: 15Вт (напряжение 220В)<br /><br /><strong>Преимущества:</strong><br />- Собственное производство полного цикла на Урале.<br />- Гарантия 3 года, срок службы до 5 лет.<br />- Простой монтаж, крепёж в комплекте.<br />- Бренд УСВЕТА — проверенное качество в массовом сегменте.<br /><br /><br />Сертификаты соответствия и декларации о соответствии на продукцию: <a href=""https://usveta.ru/cerificate"" target=""_blank"" rel=""noopener"">https://usveta.ru/cerificate</a>";https://static.tildacdn.com/stor3039-6561-4039-a261-376434353439/9abc64bd5b68f4a69403fd84db6e5abe.jpg;2945.00;50;4499;;;hxarAatHt2BPh9PPF8EM;;3;E27;"металл, пластик";Черный;"15Вт (напряжение 220В)";"Под планку";"210х190х210 мм;205х190х205 мм;175х190х175 мм";"3 года (срок эксплуатации 5 лет)";Россия;;;;;;2000;625;225;295;"Светильник подвесной, 3хE27, чёрный, арт. 1826/3 | УСВЕТА";"Светильник подвесной, чёрный. 3 рожка с цоколем E27, мощность до 15 Вт. Подходит на кухню, в гостиную и над столом. Производство и гарантия УСВЕТА.";"светильник подвесной, светильник потолочный подвесной, люстра подвесная, светильник подвесной потолочный, подвесной светильник, светильник на кухню, светильник подвесной чёрный, купить светильник подвесной";"Подвесной светильник, чёрный — УСВЕТА";"Подвесной светильник (чёрный) от производителя. Подходит на кухню, в гостиную и над обеденным столом. Гарантия завода, доставка по России."
871186993793;УСВЕТА;"1827/1 Белый";;"Подвесной светильник";"Подвесной светильник белый, 1хE27 | УСВЕТА";"Подвесной светильник, белый, 1 рожок E27. Подходит на кухню, в гостиную и над обеденным столом. Производство УСВЕТА.";"<strong>Подвесной светильник, белый</strong> — акцентный свет над столом и в зоне отдыха, на кухню, в гостиную и над обеденным столом.<br /><br /><strong>Характеристики:</strong><br />- Цвет: белый<br />- Материал: металл, пластик<br />- Количество ламп: 1 шт., цоколь E27<br />- Допустимая мощность: 15Вт (напряжение 220В)<br /><br /><strong>Преимущества:</strong><br />- Собственное производство полного цикла на Урале.<br />- Гарантия 3 года, срок службы до 5 лет.<br />- Простой монтаж, крепёж в комплекте.<br />- Бренд УСВЕТА — проверенное качество в массовом сегменте.<br /><br /><br />Сертификаты соответствия и декларации о соответствии на продукцию: <a href=""https://usveta.ru/cerificate"" target=""_blank"" rel=""noopener"">https://usveta.ru/cerificate</a>";https://static.tildacdn.com/stor6236-3739-4238-b662-323639343133/2c3e2490be2277dae549580bacbfc345.jpg;842.00;0;1499;;;ibbuiRj6C4UIbPdrbM1X;;1;E27;"металл, пластик";Белый;"15Вт (напряжение 220В)";"Под планку";"210х190х210 мм;205х190х205 мм;175х190х175 мм";"3 года (срок эксплуатации 5 лет)";Россия;;;;;;432;260;260;200;"Светильник подвесной, 1хE27, белый, арт. 1827/1 | УСВЕТА";"Светильник подвесной, белый. 1 рожок с цоколем E27, мощность до 15 Вт. Подходит на кухню, в гостиную и над столом. Производство и гарантия УСВЕТА.";"светильник подвесной, светильник потолочный подвесной, люстра подвесная, светильник подвесной потолочный, подвесной светильник, светильник на кухню, светильник подвесной белый, купить светильник подвесной";"Подвесной светильник, белый — УСВЕТА";"Подвесной светильник (белый) от производителя. Подходит на кухню, в гостиную и над обеденным столом. Гарантия завода, доставка по России."
260732150663;УСВЕТА;"1827/1 Черный";;"Подвесной светильник";"Светильник подвесной, люстра потолочная УСВЕТА Лофт Черный, Е27, 40 Вт";"Подвесной светильник в стиле лофт, чёрный, 1 рожок E27. Освещение до 8 м?. Подходит на кухню, в гостиную и над обеденным столом. Производство УСВЕТА.";"<strong>Подвесной светильник в стиле лофт, чёрный</strong> — акцентный свет над столом и в зоне отдыха, на кухню, в гостиную и над обеденным столом.<br /><br /><strong>Характеристики:</strong><br />- Цвет: чёрный<br />- Материал: металл, пластик<br />- Количество ламп: 1 шт., цоколь E27<br />- Допустимая мощность: 15Вт (напряжение 220В)<br />- Площадь освещения: до 8 м?<br /><br /><strong>Преимущества:</strong><br />- Собственное производство полного цикла на Урале.<br />- Гарантия 3 года, срок службы до 5 лет.<br />- Простой монтаж, крепёж в комплекте.<br />- Бренд УСВЕТА — проверенное качество в массовом сегменте.<br /><br /><br />Сертификаты соответствия и декларации о соответствии на продукцию: <a href=""https://usveta.ru/cerificate"" target=""_blank"" rel=""noopener"">https://usveta.ru/cerificate</a>";https://static.tildacdn.com/stor6231-6235-4538-b831-663564643234/f9d0777b046a6d552a6d29fac1151e63.jpg;833.00;50;1499;;;A4O3uA6VKeYgDA98KE3B;;1;E27;"металл, пластик";Черный;"15Вт (напряжение 220В)";"Под планку";"210х190х210 мм;205х190х205 мм;175х190х175 мм";"3 года (срок эксплуатации 5 лет)";Россия;;;;;;432;205;260;260;"Светильник подвесной лофт, 1хE27, чёрный, арт. 1827/1 | УСВЕТА";"Светильник подвесной лофт, чёрный. 1 рожок с цоколем E27, площадь освещения до 8 м?, мощность до 15 Вт. Подходит на кухню, в гостиную и над столом. Производство и гарантия УСВЕТА.";"светильник подвесной, светильник потолочный подвесной, люстра подвесная, светильник подвесной потолочный, подвесной светильник, светильник на кухню, светильник подвесной чёрный, купить светильник подвесной, светильник подвесной для натяжного потолка";"Подвесной светильник в стиле лофт, чёрный — УСВЕТА";"Подвесной светильник в стиле лофт (чёрный) от производителя. Подходит на кухню, в гостиную и над обеденным столом. Гарантия завода, доставка по России."
882745355703;УСВЕТА;"1828/3 Белый";;"Подвесной светильник";"Светильник подвесной, люстра потолочная УСВЕТА Лофт Белый, Е27, 40 Вт";"Подвесной светильник в стиле лофт, белый, 3 рожка E27. Освещение до 16 м?. Подходит на кухню, в гостиную и над обеденным столом. Производство УСВЕТА.";"<strong>Подвесной светильник в стиле лофт, белый</strong> — акцентный свет над столом и в зоне отдыха, на кухню, в гостиную и над обеденным столом.<br /><br /><strong>Характеристики:</strong><br />- Цвет: белый<br />- Материал: металл, пластик<br />- Количество ламп: 3 шт., цоколь E27<br />- Допустимая мощность: 15Вт (напряжение 220В)<br />- Площадь освещения: до 16 м?<br /><br /><strong>Преимущества:</strong><br />- Собственное производство полного цикла на Урале.<br />- Гарантия 3 года, срок службы до 5 лет.<br />- Простой монтаж, крепёж в комплекте.<br />- Бренд УСВЕТА — проверенное качество в массовом сегменте.<br /><br /><br />Сертификаты соответствия и декларации о соответствии на продукцию: <a href=""https://usveta.ru/cerificate"" target=""_blank"" rel=""noopener"">https://usveta.ru/cerificate</a>";https://static.tildacdn.com/stor6663-3064-4534-a134-373262356538/636b2dc6adcc4dfa73942f15fc6067a8.jpg;2430.00;50;3999;;;0vz2YdxBXb46K6tveea7;;3;E27;"металл, пластик";Белый;"15Вт (напряжение 220В)";"Под планку";"210х190х210 мм;205х190х205 мм;175х190х175 мм";"3 года (срок эксплуатации 5 лет)";Россия;;;;;;1510;625;220;215;"Светильник подвесной лофт, 3хE27, белый, арт. 1828/3 | УСВЕТА";"Светильник подвесной лофт, белый. 3 рожка с цоколем E27, площадь освещения до 16 м?, мощность до 15 Вт. Подходит на кухню, в гостиную и над столом. Производство и гарантия УСВЕТА.";"светильник подвесной, светильник потолочный подвесной, люстра подвесная, светильник подвесной потолочный, подвесной светильник, светильник на кухню, светильник подвесной белый, купить светильник подвесной, светильник подвесной для натяжного потолка";"Подвесной светильник в стиле лофт, белый — УСВЕТА";"Подвесной светильник в стиле лофт (белый) от производителя. Подходит на кухню, в гостиную и над обеденным столом. Гарантия завода, доставка по России."
458914873463;УСВЕТА;"1828/3 Черный";;"Подвесной светильник";"Светильник подвесной, люстра потолочная, на кухню, в гостиную УСВЕТА Лофт Черный";"Подвесной светильник в стиле лофт, чёрный, 3 рожка E27. Освещение до 16 м?. Подходит на кухню, в гостиную и над обеденным столом. Производство УСВЕТА.";"<strong>Подвесной светильник в стиле лофт, чёрный</strong> — акцентный свет над столом и в зоне отдыха, на кухню, в гостиную и над обеденным столом.<br /><br /><strong>Характеристики:</strong><br />- Цвет: чёрный<br />- Материал: металл, пластик<br />- Количество ламп: 3 шт., цоколь E27<br />- Допустимая мощность: 15Вт (напряжение 220В)<br />- Площадь освещения: до 16 м?<br /><br /><strong>Преимущества:</strong><br />- Собственное производство полного цикла на Урале.<br />- Гарантия 3 года, срок службы до 5 лет.<br />- Простой монтаж, крепёж в комплекте.<br />- Бренд УСВЕТА — проверенное качество в массовом сегменте.<br /><br /><br />Сертификаты соответствия и декларации о соответствии на продукцию: <a href=""https://usveta.ru/cerificate"" target=""_blank"" rel=""noopener"">https://usveta.ru/cerificate</a>";https://static.tildacdn.com/stor6532-3037-4866-b362-373864666666/e9b667230e4ce7fdd12545de065a44c1.jpg;2430.00;50;3999;;;zMvScpFOhSg5IHfBnvd8;;3;E27;"металл, пластик";Черный;"15Вт (напряжение 220В)";"Под планку";"210х190х210 мм;205х190х205 мм;175х190х175 мм";"3 года (срок эксплуатации 5 лет)";Россия;;;;;;1510;625;220;215;"Светильник подвесной лофт, 3хE27, чёрный, арт. 1828/3 | УСВЕТА";"Светильник подвесной лофт, чёрный. 3 рожка с цоколем E27, площадь освещения до 16 м?, мощность до 15 Вт. Подходит на кухню, в гостиную и над столом. Производство и гарантия УСВЕТА.";"светильник подвесной, светильник потолочный подвесной, люстра подвесная, светильник подвесной потолочный, подвесной светильник, светильник на кухню, светильник подвесной чёрный, купить светильник подвесной, светильник подвесной для натяжного потолка";"Подвесной светильник в стиле лофт, чёрный — УСВЕТА";"Подвесной светильник в стиле лофт (чёрный) от производителя. Подходит на кухню, в гостиную и над обеденным столом. Гарантия завода, доставка по России."
751883159503;УСВЕТА;"1829/3 Белый";;"Подвесной светильник";"Подвесной светильник белый, 3хE27 | УСВЕТА";"Подвесной светильник, белый, 3 рожка E27. Подходит на кухню, в гостиную и над обеденным столом. Производство УСВЕТА.";"<strong>Подвесной светильник, белый</strong> — акцентный свет над столом и в зоне отдыха, на кухню, в гостиную и над обеденным столом.<br /><br /><strong>Характеристики:</strong><br />- Цвет: белый<br />- Материал: металл, пластик<br />- Количество ламп: 3 шт., цоколь E27<br />- Допустимая мощность: 15Вт (напряжение 220В)<br /><br /><strong>Преимущества:</strong><br />- Собственное производство полного цикла на Урале.<br />- Гарантия 3 года, срок службы до 5 лет.<br />- Простой монтаж, крепёж в комплекте.<br />- Бренд УСВЕТА — проверенное качество в массовом сегменте.<br /><br /><br />Сертификаты соответствия и декларации о соответствии на продукцию: <a href=""https://usveta.ru/cerificate"" target=""_blank"" rel=""noopener"">https://usveta.ru/cerificate</a>";https://static.tildacdn.com/stor3961-3631-4964-a337-306138376135/96c8e359f4a2a93d2bc752f58d778ad8.jpg;1985.00;45;2999;;;YKXP1mNVXuJ4lax3p9Fx;;3;E27;"металл, пластик";Белый;"15Вт (напряжение 220В)";"Под планку";"210х190х210 мм;205х190х205 мм;175х190х175 мм";"3 года (срок эксплуатации 5 лет)";Россия;;;;;;1100;215;215;235;"Светильник подвесной, 3хE27, белый, арт. 1829/3 | УСВЕТА";"Светильник подвесной, белый. 3 рожка с цоколем E27, мощность до 15 Вт. Подходит на кухню, в гостиную и над столом. Производство и гарантия УСВЕТА.";"светильник подвесной, светильник потолочный подвесной, люстра подвесная, светильник подвесной потолочный, подвесной светильник, светильник на кухню, светильник подвесной белый, купить светильник подвесной";"Подвесной светильник, белый — УСВЕТА";"Подвесной светильник (белый) от производителя. Подходит на кухню, в гостиную и над обеденным столом. Гарантия завода, доставка по России."
182505915913;УСВЕТА;"1829/3 Коричневый";;"Подвесной светильник";"Подвесной светильник коричневый, 3хE27 | УСВЕТА";"Подвесной светильник, коричневый, 3 рожка E27. Подходит на кухню, в гостиную и над обеденным столом. Производство УСВЕТА.";"<strong>Подвесной светильник, коричневый</strong> — акцентный свет над столом и в зоне отдыха, на кухню, в гостиную и над обеденным столом.<br /><br /><strong>Характеристики:</strong><br />- Цвет: коричневый<br />- Материал: металл, пластик<br />- Количество ламп: 3 шт., цоколь E27<br />- Допустимая мощность: 15Вт (напряжение 220В)<br /><br /><strong>Преимущества:</strong><br />- Собственное производство полного цикла на Урале.<br />- Гарантия 3 года, срок службы до 5 лет.<br />- Простой монтаж, крепёж в комплекте.<br />- Бренд УСВЕТА — проверенное качество в массовом сегменте.<br /><br /><br />Сертификаты соответствия и декларации о соответствии на продукцию: <a href=""https://usveta.ru/cerificate"" target=""_blank"" rel=""noopener"">https://usveta.ru/cerificate</a>";https://static.tildacdn.com/stor3034-3065-4464-a634-333438623637/ad380ca8a78d0783d56113a9961a12d9.jpg;2004.00;50;3499;;;ssj4612ZRF6y8y4VbaAk;;3;E27;"металл, пластик";Коричневый;"15Вт (напряжение 220В)";"Под планку";"210х190х210 мм;205х190х205 мм;175х190х175 мм";"3 года (срок эксплуатации 5 лет)";Россия;;;;;;1100;215;215;235;"Светильник подвесной, 3хE27, коричневый, арт. 1829/3 | УСВЕТА";"Светильник подвесной, коричневый. 3 рожка с цоколем E27, мощность до 15 Вт. Подходит на кухню, в гостиную и над столом. Производство и гарантия УСВЕТА.";"светильник подвесной, светильник потолочный подвесной, люстра подвесная, светильник подвесной потолочный, подвесной светильник, светильник на кухню, светильник подвесной коричневый, купить светильник подвесной";"Подвесной светильник, коричневый — УСВЕТА";"Подвесной светильник (коричневый) от производителя. Подходит на кухню, в гостиную и над обеденным столом. Гарантия завода, доставка по России."
159929910383;УСВЕТА;"1829/3 Черный";;"Подвесной светильник";"Подвесной светильник чёрный, 3хE27 | УСВЕТА";"Подвесной светильник в стиле лофт, чёрный, 3 рожка E27. Освещение до 20 м?. Подходит на кухню, в гостиную и над обеденным столом. Производство УСВЕТА.";"<strong>Подвесной светильник в стиле лофт, чёрный</strong> — акцентный свет над столом и в зоне отдыха, на кухню, в гостиную и над обеденным столом.<br /><br /><strong>Характеристики:</strong><br />- Цвет: чёрный<br />- Материал: металл, пластик<br />- Количество ламп: 3 шт., цоколь E27<br />- Допустимая мощность: 15Вт (напряжение 220В)<br />- Площадь освещения: до 20 м?<br /><br /><strong>Преимущества:</strong><br />- Собственное производство полного цикла на Урале.<br />- Гарантия 3 года, срок службы до 5 лет.<br />- Простой монтаж, крепёж в комплекте.<br />- Бренд УСВЕТА — проверенное качество в массовом сегменте.<br /><br /><br />Сертификаты соответствия и декларации о соответствии на продукцию: <a href=""https://usveta.ru/cerificate"" target=""_blank"" rel=""noopener"">https://usveta.ru/cerificate</a>";https://static.tildacdn.com/stor6132-3136-4662-a237-333631393266/f87a228d154d1e168d7002373bdc5b91.jpg;1985.00;25;2999;;;NCn7cIMe1ERRD9kvg5eu;;3;E27;"металл, пластик";Черный;"15Вт (напряжение 220В)";"Под планку";"210х190х210 мм;205х190х205 мм;175х190х175 мм";"3 года (срок эксплуатации 5 лет)";Россия;;;;;;1100;215;215;235;"Светильник подвесной лофт, 3хE27, чёрный, арт. 1829/3 | УСВЕТА";"Светильник подвесной лофт, чёрный. 3 рожка с цоколем E27, площадь освещения до 20 м?, мощность до 15 Вт. Подходит на кухню, в гостиную и над столом. Производство и гарантия УСВЕТА.";"светильник подвесной, светильник потолочный подвесной, люстра подвесная, светильник подвесной потолочный, подвесной светильник, светильник на кухню, светильник подвесной чёрный, купить светильник подвесной, светильник подвесной для натяжного потолка";"Подвесной светильник в стиле лофт, чёрный — УСВЕТА";"Подвесной светильник в стиле лофт (чёрный) от производителя. Подходит на кухню, в гостиную и над обеденным столом. Гарантия завода, доставка по России."
804620941203;УСВЕТА;"2016/1 Белый";;"Подвесной светильник";"Светильник подвесной декоративный УСВЕТА Белый Е14, 40 Вт";"Подвесной светильник, белый, 1 рожок E27. Освещение до 8 м?. Подходит на кухню, в гостиную и над обеденным столом. Производство УСВЕТА.";"<strong>Подвесной светильник, белый</strong> — акцентный свет над столом и в зоне отдыха, на кухню, в гостиную и над обеденным столом.<br /><br /><strong>Характеристики:</strong><br />- Цвет: белый<br />- Материал: металл, пластик<br />- Количество ламп: 1 шт., цоколь E14<br />- Допустимая мощность: 15Вт (напряжение 220В)<br />- Площадь освещения: до 8 м?<br /><br /><strong>Преимущества:</strong><br />- Собственное производство полного цикла на Урале.<br />- Гарантия 3 года, срок службы до 5 лет.<br />- Простой монтаж, крепёж в комплекте.<br />- Бренд УСВЕТА — проверенное качество в массовом сегменте.<br /><br /><br />Сертификаты соответствия и декларации о соответствии на продукцию: <a href=""https://usveta.ru/cerificate"" target=""_blank"" rel=""noopener"">https://usveta.ru/cerificate</a>";https://static.tildacdn.com/stor6566-3035-4561-b035-636331343563/5db8bfd2e61f832b44f5dfaa3a448476.jpg;643.00;6;999;;;zmx3zgEXdLRfNJnELtGJ;;1;E14;"металл, пластик";Белый;"15Вт (напряжение 220В)";"Крепление под крюк";"158х185х158 мм";"3 года (срок эксплуатации 5 лет)";Россия;;;;;;180;175;175;210;"Светильник подвесной, 1хE14, белый, арт. 2016/1 | УСВЕТА";"Светильник подвесной, белый. 1 рожок с цоколем E14, площадь освещения до 8 м?, мощность до 15 Вт. Подходит на кухню, в гостиную и над столом. Производство и гарантия УСВЕТА.";"светильник подвесной, светильник потолочный подвесной, люстра подвесная, светильник подвесной потолочный, подвесной светильник, светильник на кухню, светильник подвесной белый, купить светильник подвесной, светильник подвесной для натяжного потолка";"Подвесной светильник, белый — УСВЕТА";"Подвесной светильник (белый) от производителя. Подходит на кухню, в гостиную и над обеденным столом. Гарантия завода, доставка по России."
998176383753;УСВЕТА;"2016/1 Желтый";;"Подвесной светильник";"Светильник подвесной декоративный УСВЕТА Желтый Е14, 40 Вт";"Подвесной светильник, желтый, 1 рожок E27. Освещение до 8 м?. Подходит на кухню, в гостиную и над обеденным столом. Производство УСВЕТА.";"<strong>Подвесной светильник, желтый</strong> — акцентный свет над столом и в зоне отдыха, на кухню, в гостиную и над обеденным столом.<br /><br /><strong>Характеристики:</strong><br />- Цвет: желтый<br />- Материал: металл, пластик<br />- Количество ламп: 1 шт., цоколь E14<br />- Допустимая мощность: 15Вт (напряжение 220В)<br />- Площадь освещения: до 8 м?<br /><br /><strong>Преимущества:</strong><br />- Собственное производство полного цикла на Урале.<br />- Гарантия 3 года, срок службы до 5 лет.<br />- Простой монтаж, крепёж в комплекте.<br />- Бренд УСВЕТА — проверенное качество в массовом сегменте.<br /><br /><br />Сертификаты соответствия и декларации о соответствии на продукцию: <a href=""https://usveta.ru/cerificate"" target=""_blank"" rel=""noopener"">https://usveta.ru/cerificate</a>";https://static.tildacdn.com/stor3562-6164-4935-a165-353437616361/2f9045d19260bc6b7ed71d6462b497e5.jpg;682.00;50;1499;;;F7O4VIP9SfeJV8dbm7Yc;;1;E14;"металл, пластик";Желтый;"15Вт (напряжение 220В)";"Крепление под крюк";"158х185х158 мм";"3 года (срок эксплуатации 5 лет)";Россия;;;;;;180;175;175;210;"Светильник подвесной, 1хE14, желтый, арт. 2016/1 | УСВЕТА";"Светильник подвесной, желтый. 1 рожок с цоколем E14, площадь освещения до 8 м?, мощность до 15 Вт. Подходит на кухню, в гостиную и над столом. Производство и гарантия УСВЕТА.";"светильник подвесной, светильник потолочный подвесной, люстра подвесная, светильник подвесной потолочный, подвесной светильник, светильник на кухню, светильник подвесной желтый, купить светильник подвесной, светильник подвесной для натяжного потолка";"Подвесной светильник, желтый — УСВЕТА";"Подвесной светильник (желтый) от производителя. Подходит на кухню, в гостиную и над обеденным столом. Гарантия завода, доставка по России."
182536294793;УСВЕТА;"2016/1 Красный";;"Подвесной светильник";"Светильник подвесной декоративный УСВЕТА Красный Е14, 40 Вт";"Подвесной светильник, красный, 1 рожок E27. Освещение до 8 м?. Подходит на кухню, в гостиную и над обеденным столом. Производство УСВЕТА.";"<strong>Подвесной светильник, красный</strong> — акцентный свет над столом и в зоне отдыха, на кухню, в гостиную и над обеденным столом.<br /><br /><strong>Характеристики:</strong><br />- Цвет: красный<br />- Материал: металл, пластик<br />- Количество ламп: 1 шт., цоколь E14<br />- Допустимая мощность: 15Вт (напряжение 220В)<br />- Площадь освещения: до 8 м?<br /><br /><strong>Преимущества:</strong><br />- Собственное производство полного цикла на Урале.<br />- Гарантия 3 года, срок службы до 5 лет.<br />- Простой монтаж, крепёж в комплекте.<br />- Бренд УСВЕТА — проверенное качество в массовом сегменте.<br /><br /><br />Сертификаты соответствия и декларации о соответствии на продукцию: <a href=""https://usveta.ru/cerificate"" target=""_blank"" rel=""noopener"">https://usveta.ru/cerificate</a>";https://static.tildacdn.com/stor3735-6335-4830-a266-656265333334/92aa8e5d0767e3af6080412f18b99369.jpg;677.00;37;1499;;;kluMRAaIKL3hT5Tyr2E8;;1;E14;"металл, пластик";Красный;"15Вт (напряжение 220В)";"Крепление под крюк";"158х185х158 мм";"3 года (срок эксплуатации 5 лет)";Россия;;;;;;400;175;175;210;"Светильник подвесной, 1хE14, красный, арт. 2016/1 | УСВЕТА";"Светильник подвесной, красный. 1 рожок с цоколем E14, площадь освещения до 8 м?, мощность до 15 Вт. Подходит на кухню, в гостиную и над столом. Производство и гарантия УСВЕТА.";"светильник подвесной, светильник потолочный подвесной, люстра подвесная, светильник подвесной потолочный, подвесной светильник, светильник на кухню, светильник подвесной красный, купить светильник подвесной, светильник подвесной для натяжного потолка";"Подвесной светильник, красный — УСВЕТА";"Подвесной светильник (красный) от производителя. Подходит на кухню, в гостиную и над обеденным столом. Гарантия завода, доставка по России."
505293999243;УСВЕТА;"2016/1 Мятный";;"Подвесной светильник";"Светильник подвесной декоративный УСВЕТА Мятный Е14, 40 Вт";"Подвесной светильник, мятный, 1 рожок E27. Освещение до 8 м?. Подходит на кухню, в гостиную и над обеденным столом. Производство УСВЕТА.";"<strong>Подвесной светильник, мятный</strong> — акцентный свет над столом и в зоне отдыха, на кухню, в гостиную и над обеденным столом.<br /><br /><strong>Характеристики:</strong><br />- Цвет: мятный<br />- Материал: металл, пластик<br />- Количество ламп: 1 шт., цоколь E14<br />- Допустимая мощность: 15Вт (напряжение 220В)<br />- Площадь освещения: до 8 м?<br /><br /><strong>Преимущества:</strong><br />- Собственное производство полного цикла на Урале.<br />- Гарантия 3 года, срок службы до 5 лет.<br />- Простой монтаж, крепёж в комплекте.<br />- Бренд УСВЕТА — проверенное качество в массовом сегменте.<br /><br /><br />Сертификаты соответствия и декларации о соответствии на продукцию: <a href=""https://usveta.ru/cerificate"" target=""_blank"" rel=""noopener"">https://usveta.ru/cerificate</a>";https://static.tildacdn.com/stor3030-3638-4530-a364-326166623361/b404154343b003263a3c1806970785de.jpg;675.00;50;1499;;;AzCxLs37C0uMMSbSoZc0;;1;E14;"металл, пластик";Мятный;"15Вт (напряжение 220В)";"Крепление под крюк";"158х185х158 мм";"3 года (срок эксплуатации 5 лет)";Россия;;;;;;400;175;175;210;"Светильник подвесной, 1хE14, мятный, арт. 2016/1 | УСВЕТА";"Светильник подвесной, мятный. 1 рожок с цоколем E14, площадь освещения до 8 м?, мощность до 15 Вт. Подходит на кухню, в гостиную и над столом. Производство и гарантия УСВЕТА.";"светильник подвесной, светильник потолочный подвесной, люстра подвесная, светильник подвесной потолочный, подвесной светильник, светильник на кухню, светильник подвесной мятный, купить светильник подвесной, светильник подвесной для натяжного потолка";"Подвесной светильник, мятный — УСВЕТА";"Подвесной светильник (мятный) от производителя. Подходит на кухню, в гостиную и над обеденным столом. Гарантия завода, доставка по России."
696688981143;УСВЕТА;"2016/1 Оранжевый";;"Подвесной светильник";"Светильник подвесной декоративный УСВЕТА Оранжевый Е14, 40 Вт";"Подвесной светильник, оранжевый, 1 рожок E27. Освещение до 8 м?. Подходит на кухню, в гостиную и над обеденным столом. Производство УСВЕТА.";"<strong>Подвесной светильник, оранжевый</strong> — акцентный свет над столом и в зоне отдыха, на кухню, в гостиную и над обеденным столом.<br /><br /><strong>Характеристики:</strong><br />- Цвет: оранжевый<br />- Материал: металл, пластик<br />- Количество ламп: 1 шт., цоколь E14<br />- Допустимая мощность: 15Вт (напряжение 220В)<br />- Площадь освещения: до 8 м?<br /><br /><strong>Преимущества:</strong><br />- Собственное производство полного цикла на Урале.<br />- Гарантия 3 года, срок службы до 5 лет.<br />- Простой монтаж, крепёж в комплекте.<br />- Бренд УСВЕТА — проверенное качество в массовом сегменте.<br /><br /><br />Сертификаты соответствия и декларации о соответствии на продукцию: <a href=""https://usveta.ru/cerificate"" target=""_blank"" rel=""noopener"">https://usveta.ru/cerificate</a>";https://static.tildacdn.com/stor6265-3938-4236-b930-333361666539/4fd9e2a8b5a80e0f1d149b24cff2e657.jpg;672.00;21;1499;;;nTx9I4jbhk8HolKL6ejf;;1;E14;"металл, пластик";Оранжевый;"15Вт (напряжение 220В)";"Крепление под крюк";"158х185х158 мм";"3 года (срок эксплуатации 5 лет)";Россия;;;;;;400;175;175;210;"Светильник подвесной, 1хE14, оранжевый, арт. 2016/1 | УСВЕТА";"Светильник подвесной, оранжевый. 1 рожок с цоколем E14, площадь освещения до 8 м?, мощность до 15 Вт. Подходит на кухню, в гостиную и над столом. Производство и гарантия УСВЕТА.";"светильник подвесной, светильник потолочный подвесной, люстра подвесная, светильник подвесной потолочный, подвесной светильник, светильник на кухню, светильник подвесной оранжевый, купить светильник подвесной, светильник подвесной для натяжного потолка";"Подвесной светильник, оранжевый — УСВЕТА";"Подвесной светильник (оранжевый) от производителя. Подходит на кухню, в гостиную и над обеденным столом. Гарантия завода, доставка по России."
799918599473;УСВЕТА;"2016/1 Розовый";;"Подвесной светильник";"Светильник подвесной декоративный УСВЕТА Розовый Е14, 40 Вт";"Подвесной светильник, розовый, 1 рожок E27. Освещение до 8 м?. Подходит на кухню, в гостиную и над обеденным столом. Производство УСВЕТА.";"<strong>Подвесной светильник, розовый</strong> — акцентный свет над столом и в зоне отдыха, на кухню, в гостиную и над обеденным столом.<br /><br /><strong>Характеристики:</strong><br />- Цвет: розовый<br />- Материал: металл, пластик<br />- Количество ламп: 1 шт., цоколь E14<br />- Допустимая мощность: 15Вт (напряжение 220В)<br />- Площадь освещения: до 8 м?<br /><br /><strong>Преимущества:</strong><br />- Собственное производство полного цикла на Урале.<br />- Гарантия 3 года, срок службы до 5 лет.<br />- Простой монтаж, крепёж в комплекте.<br />- Бренд УСВЕТА — проверенное качество в массовом сегменте.<br /><br /><br />Сертификаты соответствия и декларации о соответствии на продукцию: <a href=""https://usveta.ru/cerificate"" target=""_blank"" rel=""noopener"">https://usveta.ru/cerificate</a>";https://static.tildacdn.com/stor3762-3737-4335-b935-343764343239/5a8b6fd807238326e3c7b84751f01a61.jpg;673.00;20;1499;;;KMLuTSvZFMAd07Hs3XMi;;1;E14;"металл, пластик";Розовый;"15Вт (напряжение 220В)";"Крепление под крюк";"158х185х158 мм";"3 года (срок эксплуатации 5 лет)";Россия;;;;;;400;175;175;210;"Светильник подвесной, 1хE14, розовый, арт. 2016/1 | УСВЕТА";"Светильник подвесной, розовый. 1 рожок с цоколем E14, площадь освещения до 8 м?, мощность до 15 Вт. Подходит на кухню, в гостиную и над столом. Производство и гарантия УСВЕТА.";"светильник подвесной, светильник потолочный подвесной, люстра подвесная, светильник подвесной потолочный, подвесной светильник, светильник на кухню, светильник подвесной розовый, купить светильник подвесной, светильник подвесной для натяжного потолка";"Подвесной светильник, розовый — УСВЕТА";"Подвесной светильник (розовый) от производителя. Подходит на кухню, в гостиную и над обеденным столом. Гарантия завода, доставка по России."
468542114973;УСВЕТА;"2016/1 Синий";;"Подвесной светильник";"Светильник подвесной декоративный УСВЕТА Синий Е14, 40 Вт";"Подвесной светильник, синий, 1 рожок E27. Освещение до 8 м?. Подходит на кухню, в гостиную и над обеденным столом. Производство УСВЕТА.";"<strong>Подвесной светильник, синий</strong> — акцентный свет над столом и в зоне отдыха, на кухню, в гостиную и над обеденным столом.<br /><br /><strong>Характеристики:</strong><br />- Цвет: синий<br />- Материал: металл, пластик<br />- Количество ламп: 1 шт., цоколь E14<br />- Допустимая мощность: 15Вт (напряжение 220В)<br />- Площадь освещения: до 8 м?<br /><br /><strong>Преимущества:</strong><br />- Собственное производство полного цикла на Урале.<br />- Гарантия 3 года, срок службы до 5 лет.<br />- Простой монтаж, крепёж в комплекте.<br />- Бренд УСВЕТА — проверенное качество в массовом сегменте.<br /><br /><br />Сертификаты соответствия и декларации о соответствии на продукцию: <a href=""https://usveta.ru/cerificate"" target=""_blank"" rel=""noopener"">https://usveta.ru/cerificate</a>";https://static.tildacdn.com/stor3639-6363-4738-b561-363030616433/d857ef210cf3c45d779e7eb59df9f4e6.jpg;669.00;0;1499;;;M0sUE48UtKv7pe1G3i3C;;1;E14;"металл, пластик";Синий;"15Вт (напряжение 220В)";"Крепление под крюк";"158х185х158 мм";"3 года (срок эксплуатации 5 лет)";Россия;;;;;;400;175;175;210;"Светильник подвесной, 1хE14, синий, арт. 2016/1 | УСВЕТА";"Светильник подвесной, синий. 1 рожок с цоколем E14, площадь освещения до 8 м?, мощность до 15 Вт. Подходит на кухню, в гостиную и над столом. Производство и гарантия УСВЕТА.";"светильник подвесной, светильник потолочный подвесной, люстра подвесная, светильник подвесной потолочный, подвесной светильник, светильник на кухню, светильник подвесной синий, купить светильник подвесной, светильник подвесной для натяжного потолка";"Подвесной светильник, синий — УСВЕТА";"Подвесной светильник (синий) от производителя. Подходит на кухню, в гостиную и над обеденным столом. Гарантия завода, доставка по России."
669665854093;УСВЕТА;"2016/1 Черный";;"Подвесной светильник";"Светильник подвесной декоративный УСВЕТА Черный Е14, 40 Вт";"Подвесной светильник, чёрный, 1 рожок E27. Освещение до 8 м?. Подходит на кухню, в гостиную и над обеденным столом. Производство УСВЕТА.";"<strong>Подвесной светильник, чёрный</strong> — акцентный свет над столом и в зоне отдыха, на кухню, в гостиную и над обеденным столом.<br /><br /><strong>Характеристики:</strong><br />- Цвет: чёрный<br />- Материал: металл, пластик<br />- Количество ламп: 1 шт., цоколь E14<br />- Допустимая мощность: 15Вт (напряжение 220В)<br />- Площадь освещения: до 8 м?<br /><br /><strong>Преимущества:</strong><br />- Собственное производство полного цикла на Урале.<br />- Гарантия 3 года, срок службы до 5 лет.<br />- Простой монтаж, крепёж в комплекте.<br />- Бренд УСВЕТА — проверенное качество в массовом сегменте.<br /><br /><br />Сертификаты соответствия и декларации о соответствии на продукцию: <a href=""https://usveta.ru/cerificate"" target=""_blank"" rel=""noopener"">https://usveta.ru/cerificate</a>";https://static.tildacdn.com/stor3162-3965-4266-b330-623533333263/12e570578f4ef597763f1f77e246aab3.jpg;637.00;50;999;;;9iavvrbE5lnSteuK3cTh;;1;E14;"металл, пластик";Черный;"15Вт (напряжение 220В)";"Крепление под крюк";"158х185х158 мм";"3 года (срок эксплуатации 5 лет)";Россия;;;;;;230;175;175;210;"Светильник подвесной, 1хE14, чёрный, арт. 2016/1 | УСВЕТА";"Светильник подвесной, чёрный. 1 рожок с цоколем E14, площадь освещения до 8 м?, мощность до 15 Вт. Подходит на кухню, в гостиную и над столом. Производство и гарантия УСВЕТА.";"светильник подвесной, светильник потолочный подвесной, люстра подвесная, светильник подвесной потолочный, подвесной светильник, светильник на кухню, светильник подвесной чёрный, купить светильник подвесной, светильник подвесной для натяжного потолка";"Подвесной светильник, чёрный — УСВЕТА";"Подвесной светильник (чёрный) от производителя. Подходит на кухню, в гостиную и над обеденным столом. Гарантия завода, доставка по России."
892608167973;УСВЕТА;"2018/2 Хром";;"Подвесной светильник";"Подвесной светильник хромированный | УСВЕТА";"Подвесной светильник, хром. Подходит на кухню, в гостиную и над обеденным столом. Производство УСВЕТА.";"<strong>Подвесной светильник, хром</strong> — акцентный свет над столом и в зоне отдыха, на кухню, в гостиную и над обеденным столом.<br /><br /><strong>Характеристики:</strong><br />- Цвет: хром<br />- Материал: металл, пластик<br />- Допустимая мощность: 15Вт (напряжение 220В)<br /><br /><strong>Преимущества:</strong><br />- Собственное производство полного цикла на Урале.<br />- Гарантия 3 года, срок службы до 5 лет.<br />- Простой монтаж, крепёж в комплекте.<br />- Бренд УСВЕТА — проверенное качество в массовом сегменте.<br /><br /><br />Сертификаты соответствия и декларации о соответствии на продукцию: <a href=""https://usveta.ru/cerificate"" target=""_blank"" rel=""noopener"">https://usveta.ru/cerificate</a>";https://static.tildacdn.com/stor3539-3736-4564-b863-633865303065/e0fd968ef7645be351e7a4854f9dd800.jpg;1390.00;0;2499;;;CT0zS4TzE1rr43p7ubtD;;;;"металл, пластик";Хром;"15Вт (напряжение 220В)";"Крепление под крюк";"19х16х19 см";"3 года (срок эксплуатации 5 лет)";Россия;;;;;;395;195;160;385;"Светильник подвесной, хром, арт. 2018/2 | УСВЕТА";"Светильник подвесной, хром. Мощность до 15 Вт. Подходит на кухню, в гостиную и над столом. Производство и гарантия УСВЕТА.";"светильник подвесной, светильник потолочный подвесной, люстра подвесная, светильник подвесной потолочный, подвесной светильник, светильник на кухню, светильник подвесной хром, купить светильник подвесной";"Подвесной светильник, хром — УСВЕТА";"Подвесной светильник (хром) от производителя. Подходит на кухню, в гостиную и над обеденным столом. Гарантия завода, доставка по России."
511467920653;УСВЕТА;"2018/3 Белый";;"Подвесной светильник";"Подвесной светильник белый | УСВЕТА";"Подвесной светильник, белый, 3 рожка E27. Подходит на кухню, в гостиную и над обеденным столом. Производство УСВЕТА.";"<strong>Подвесной светильник, белый</strong> — акцентный свет над столом и в зоне отдыха, на кухню, в гостиную и над обеденным столом.<br /><br /><strong>Характеристики:</strong><br />- Цвет: белый<br />- Материал: металл, пластик<br />- Количество ламп: 3 шт., цоколь E27<br />- Допустимая мощность: 15Вт (напряжение 220В)<br /><br /><strong>Преимущества:</strong><br />- Собственное производство полного цикла на Урале.<br />- Гарантия 3 года, срок службы до 5 лет.<br />- Простой монтаж, крепёж в комплекте.<br />- Бренд УСВЕТА — проверенное качество в массовом сегменте.<br /><br /><br />Сертификаты соответствия и декларации о соответствии на продукцию: <a href=""https://usveta.ru/cerificate"" target=""_blank"" rel=""noopener"">https://usveta.ru/cerificate</a>";https://static.tildacdn.com/stor3130-3264-4538-b963-373161346530/10b6875322d5f3b00e01ee1520464068.jpg;1810.00;0;2999;;;sIsDXJ3iSDhlv9NfTasJ;;3;;"металл, пластик";Белый;"15Вт (напряжение 220В)";"Под планку";"19х16х19 см";"3 года (срок эксплуатации 5 лет)";Россия;;;;;;625;610;165;205;"Светильник подвесной, 3 лампы, белый, арт. 2018/3 | УСВЕТА";"Светильник подвесной, белый. 3 рожка с цоколем E27, мощность до 15 Вт. Подходит на кухню, в гостиную и над столом. Производство и гарантия УСВЕТА.";"светильник подвесной, светильник потолочный подвесной, люстра подвесная, светильник подвесной потолочный, подвесной светильник, светильник на кухню, светильник подвесной белый, купить светильник подвесной";"Подвесной светильник, белый — УСВЕТА";"Подвесной светильник (белый) от производителя. Подходит на кухню, в гостиную и над обеденным столом. Гарантия завода, доставка по России."
446646412663;УСВЕТА;"2018/3 Хром";;"Подвесной светильник";"Подвесной светильник хромированный | УСВЕТА";"Подвесной светильник, хром, 3 рожка E27. Подходит на кухню, в гостиную и над обеденным столом. Производство УСВЕТА.";"<strong>Подвесной светильник, хром</strong> — акцентный свет над столом и в зоне отдыха, на кухню, в гостиную и над обеденным столом.<br /><br /><strong>Характеристики:</strong><br />- Цвет: хром<br />- Материал: металл, пластик<br />- Количество ламп: 3 шт., цоколь E27<br />- Допустимая мощность: 15Вт (напряжение 220В)<br /><br /><strong>Преимущества:</strong><br />- Собственное производство полного цикла на Урале.<br />- Гарантия 3 года, срок службы до 5 лет.<br />- Простой монтаж, крепёж в комплекте.<br />- Бренд УСВЕТА — проверенное качество в массовом сегменте.<br /><br /><br />Сертификаты соответствия и декларации о соответствии на продукцию: <a href=""https://usveta.ru/cerificate"" target=""_blank"" rel=""noopener"">https://usveta.ru/cerificate</a>";https://static.tildacdn.com/stor6635-3635-4636-b263-383137636464/0a0daa34ec85cd5b9cce33fee35bcfc1.jpg;1909.00;0;2999;;;Rlnxvo9capETaTAt4yHT;;3;;"металл, пластик";Хром;"15Вт (напряжение 220В)";"Под планку";"19х16х19 см";"3 года (срок эксплуатации 5 лет)";Россия;;;;;;625;195;160;605;"Светильник подвесной, 3 лампы, хром, арт. 2018/3 | УСВЕТА";"Светильник подвесной, хром. 3 рожка с цоколем E27, мощность до 15 Вт. Подходит на кухню, в гостиную и над столом. Производство и гарантия УСВЕТА.";"светильник подвесной, светильник потолочный подвесной, люстра подвесная, светильник подвесной потолочный, подвесной светильник, светильник на кухню, светильник подвесной хром, купить светильник подвесной";"Подвесной светильник, хром — УСВЕТА";"Подвесной светильник (хром) от производителя. Подходит на кухню, в гостиную и над обеденным столом. Гарантия завода, доставка по России."
625049996443;УСВЕТА;"2018/3 Черный";;"Подвесной светильник";"Подвесной светильник чёрный | УСВЕТА";"Подвесной светильник, чёрный, 3 рожка E27. Подходит на кухню, в гостиную и над обеденным столом. Производство УСВЕТА.";"<strong>Подвесной светильник, чёрный</strong> — акцентный свет над столом и в зоне отдыха, на кухню, в гостиную и над обеденным столом.<br /><br /><strong>Характеристики:</strong><br />- Цвет: чёрный<br />- Материал: металл, пластик<br />- Количество ламп: 3 шт., цоколь E27<br />- Допустимая мощность: 15Вт (напряжение 220В)<br /><br /><strong>Преимущества:</strong><br />- Собственное производство полного цикла на Урале.<br />- Гарантия 3 года, срок службы до 5 лет.<br />- Простой монтаж, крепёж в комплекте.<br />- Бренд УСВЕТА — проверенное качество в массовом сегменте.<br /><br /><br />Сертификаты соответствия и декларации о соответствии на продукцию: <a href=""https://usveta.ru/cerificate"" target=""_blank"" rel=""noopener"">https://usveta.ru/cerificate</a>";https://static.tildacdn.com/stor3465-3665-4630-b566-313239303439/c063b42578551124513880902b1bb269.jpg;1797.00;47;2999;;;3KGox6Ica0hBIvpVhv5e;;3;;"металл, пластик";Черный;"15Вт (напряжение 220В)";"Под планку";"19х16х19 см";"3 года (срок эксплуатации 5 лет)";Россия;;;;;;625;195;160;605;"Светильник подвесной, 3 лампы, чёрный, арт. 2018/3 | УСВЕТА";"Светильник подвесной, чёрный. 3 рожка с цоколем E27, мощность до 15 Вт. Подходит на кухню, в гостиную и над столом. Производство и гарантия УСВЕТА.";"светильник подвесной, светильник потолочный подвесной, люстра подвесная, светильник подвесной потолочный, подвесной светильник, светильник на кухню, светильник подвесной чёрный, купить светильник подвесной";"Подвесной светильник, чёрный — УСВЕТА";"Подвесной светильник (чёрный) от производителя. Подходит на кухню, в гостиную и над обеденным столом. Гарантия завода, доставка по России."
624781046293;УСВЕТА;"2020/1 Черный";;"Подвесной светильник";"Подвесной светильник чёрный | УСВЕТА";"Подвесной светильник, чёрный, 1 рожок E27. Подходит на кухню, в гостиную и над обеденным столом. Производство УСВЕТА.";"<strong>Подвесной светильник, чёрный</strong> — акцентный свет над столом и в зоне отдыха, на кухню, в гостиную и над обеденным столом.<br /><br /><strong>Характеристики:</strong><br />- Цвет: чёрный<br />- Материал: металл, пластик<br />- Количество ламп: 1 шт., цоколь E27<br />- Допустимая мощность: 15Вт (напряжение 220В)<br /><br /><strong>Преимущества:</strong><br />- Собственное производство полного цикла на Урале.<br />- Гарантия 3 года, срок службы до 5 лет.<br />- Простой монтаж, крепёж в комплекте.<br />- Бренд УСВЕТА — проверенное качество в массовом сегменте.<br /><br /><br />Сертификаты соответствия и декларации о соответствии на продукцию: <a href=""https://usveta.ru/cerificate"" target=""_blank"" rel=""noopener"">https://usveta.ru/cerificate</a>";https://static.tildacdn.com/stor6331-3536-4161-b631-636436626136/edd04e2af7bee19a6872856ac15eff32.jpg;920.00;0;1499;;;jHOFi2BONUmajpbu6HTK;;1;;"металл, пластик";Черный;"15Вт (напряжение 220В)";"Крепление под крюк";"205х205х205 мм";"3 года (срок эксплуатации 5 лет)";Россия;;;;;;285;415;220;425;"Светильник подвесной, 1 лампа, чёрный, арт. 2020/1 | УСВЕТА";"Светильник подвесной, чёрный. 1 рожок с цоколем E27, мощность до 15 Вт. Подходит на кухню, в гостиную и над столом. Производство и гарантия УСВЕТА.";"светильник подвесной, светильник потолочный подвесной, люстра подвесная, светильник подвесной потолочный, подвесной светильник, светильник на кухню, светильник подвесной чёрный, купить светильник подвесной";"Подвесной светильник, чёрный — УСВЕТА";"Подвесной светильник (чёрный) от производителя. Подходит на кухню, в гостиную и над обеденным столом. Гарантия завода, доставка по России."
892072294623;УСВЕТА;"2020/2 Черный";;"Подвесной светильник";"Подвесной светильник чёрный | УСВЕТА";"Подвесной светильник, чёрный. Подходит на кухню, в гостиную и над обеденным столом. Производство УСВЕТА.";"<strong>Подвесной светильник, чёрный</strong> — акцентный свет над столом и в зоне отдыха, на кухню, в гостиную и над обеденным столом.<br /><br /><strong>Характеристики:</strong><br />- Цвет: чёрный<br />- Материал: металл, пластик<br />- Допустимая мощность: 15Вт (напряжение 220В)<br /><br /><strong>Преимущества:</strong><br />- Собственное производство полного цикла на Урале.<br />- Гарантия 3 года, срок службы до 5 лет.<br />- Простой монтаж, крепёж в комплекте.<br />- Бренд УСВЕТА — проверенное качество в массовом сегменте.<br /><br /><br />Сертификаты соответствия и декларации о соответствии на продукцию: <a href=""https://usveta.ru/cerificate"" target=""_blank"" rel=""noopener"">https://usveta.ru/cerificate</a>";https://static.tildacdn.com/stor3663-3261-4233-b635-643361306661/c70302285c70aefd9b889addab85fa81.jpg;1882.00;0;2999;;;RgV1SXlrYHsXvV2nBtjC;;;;"металл, пластик";Черный;"15Вт (напряжение 220В)";"Под планку";"205х205х205 мм";"3 года (срок эксплуатации 5 лет)";Россия;;;;;;600;415;220;425;"Светильник подвесной, чёрный, арт. 2020/2 | УСВЕТА";"Светильник подвесной, чёрный. Мощность до 15 Вт. Подходит на кухню, в гостиную и над столом. Производство и гарантия УСВЕТА.";"светильник подвесной, светильник потолочный подвесной, люстра подвесная, светильник подвесной потолочный, подвесной светильник, светильник на кухню, светильник подвесной чёрный, купить светильник подвесной";"Подвесной светильник, чёрный — УСВЕТА";"Подвесной светильник (чёрный) от производителя. Подходит на кухню, в гостиную и над обеденным столом. Гарантия завода, доставка по России."
617223522453;УСВЕТА;"2021/2 Черный";;"Подвесной светильник";"Подвесной светильник чёрный | УСВЕТА";"Подвесной светильник, чёрный. Подходит на кухню, в гостиную и над обеденным столом. Производство УСВЕТА.";"<strong>Подвесной светильник, чёрный</strong> — акцентный свет над столом и в зоне отдыха, на кухню, в гостиную и над обеденным столом.<br /><br /><strong>Характеристики:</strong><br />- Цвет: чёрный<br />- Материал: металл, пластик<br />- Допустимая мощность: 15Вт (напряжение 220В)<br /><br /><strong>Преимущества:</strong><br />- Собственное производство полного цикла на Урале.<br />- Гарантия 3 года, срок службы до 5 лет.<br />- Простой монтаж, крепёж в комплекте.<br />- Бренд УСВЕТА — проверенное качество в массовом сегменте.<br /><br /><br />Сертификаты соответствия и декларации о соответствии на продукцию: <a href=""https://usveta.ru/cerificate"" target=""_blank"" rel=""noopener"">https://usveta.ru/cerificate</a>";https://static.tildacdn.com/stor3832-6531-4262-b763-373031356663/744ef18af6f10a7f98ec489f3d0e3b2a.jpg;1362.00;50;2499;;;hCldRmdEDSeLFKNs7hOs;;;;"металл, пластик";Черный;"15Вт (напряжение 220В)";"Под планку";"205х205х205 мм";"3 года (срок эксплуатации 5 лет)";Россия;;;;;;830;215;210;345;"Светильник подвесной, чёрный, арт. 2021/2 | УСВЕТА";"Светильник подвесной, чёрный. Мощность до 15 Вт. Подходит на кухню, в гостиную и над столом. Производство и гарантия УСВЕТА.";"светильник подвесной, светильник потолочный подвесной, люстра подвесная, светильник подвесной потолочный, подвесной светильник, светильник на кухню, светильник подвесной чёрный, купить светильник подвесной";"Подвесной светильник, чёрный — УСВЕТА";"Подвесной светильник (чёрный) от производителя. Подходит на кухню, в гостиную и над обеденным столом. Гарантия завода, доставка по России."
839485026643;УСВЕТА;"2021/3 Черный";;"Подвесной светильник";"Подвесной светильник чёрный | УСВЕТА";"Подвесной светильник, чёрный, 3 рожка E27. Подходит на кухню, в гостиную и над обеденным столом. Производство УСВЕТА.";"<strong>Подвесной светильник, чёрный</strong> — акцентный свет над столом и в зоне отдыха, на кухню, в гостиную и над обеденным столом.<br /><br /><strong>Характеристики:</strong><br />- Цвет: чёрный<br />- Материал: металл, пластик<br />- Количество ламп: 3 шт., цоколь E27<br />- Допустимая мощность: 15Вт (напряжение 220В)<br /><br /><strong>Преимущества:</strong><br />- Собственное производство полного цикла на Урале.<br />- Гарантия 3 года, срок службы до 5 лет.<br />- Простой монтаж, крепёж в комплекте.<br />- Бренд УСВЕТА — проверенное качество в массовом сегменте.<br /><br /><br />Сертификаты соответствия и декларации о соответствии на продукцию: <a href=""https://usveta.ru/cerificate"" target=""_blank"" rel=""noopener"">https://usveta.ru/cerificate</a>";https://static.tildacdn.com/stor6136-3337-4938-b337-633562623432/975d3855f73fd2636a54ec9bf106ff34.jpg;1832.00;11;2999;;;sTk27SKhRSvEB4bEEtas;;3;;"металл, пластик";Черный;"15Вт (напряжение 220В)";"Под планку";"205х205х205 мм";"3 года (срок эксплуатации 5 лет)";Россия;;;;;;1260;620;220;285;"Светильник подвесной, 3 лампы, чёрный, арт. 2021/3 | УСВЕТА";"Светильник подвесной, чёрный. 3 рожка с цоколем E27, мощность до 15 Вт. Подходит на кухню, в гостиную и над столом. Производство и гарантия УСВЕТА.";"светильник подвесной, светильник потолочный подвесной, люстра подвесная, светильник подвесной потолочный, подвесной светильник, светильник на кухню, светильник подвесной чёрный, купить светильник подвесной";"Подвесной светильник, чёрный — УСВЕТА";"Подвесной светильник (чёрный) от производителя. Подходит на кухню, в гостиную и над обеденным столом. Гарантия завода, доставка по России."
218532091503;УСВЕТА;"2031/1 Черный";;"Подвесной светильник";"Подвесной светильник чёрный | УСВЕТА";"Подвесной светильник, чёрный, 1 рожок E27. Подходит на кухню, в гостиную и над обеденным столом. Производство УСВЕТА.";"<strong>Подвесной светильник, чёрный</strong> — акцентный свет над столом и в зоне отдыха, на кухню, в гостиную и над обеденным столом.<br /><br /><strong>Характеристики:</strong><br />- Цвет: чёрный<br />- Материал: металл, пластик<br />- Количество ламп: 1 шт., цоколь E27<br />- Допустимая мощность: 15Вт (напряжение 220В)<br /><br /><strong>Преимущества:</strong><br />- Собственное производство полного цикла на Урале.<br />- Гарантия 3 года, срок службы до 5 лет.<br />- Простой монтаж, крепёж в комплекте.<br />- Бренд УСВЕТА — проверенное качество в массовом сегменте.<br /><br /><br />Сертификаты соответствия и декларации о соответствии на продукцию: <a href=""https://usveta.ru/cerificate"" target=""_blank"" rel=""noopener"">https://usveta.ru/cerificate</a>";https://static.tildacdn.com/stor6137-3134-4330-a331-623234306239/34e21f6f1131d792e3eccb19263dd6db.jpg;1110.00;12;1999;;;Mdb3KpNMzMLO78IaJfif;;1;;"металл, пластик";Черный;"15Вт (напряжение 220В)";"Крепление под крюк";"300х240х300 мм";"3 года (срок эксплуатации 5 лет)";Россия;;;;;;370;315;310;445;"Светильник подвесной, 1 лампа, чёрный, арт. 2031/1 | УСВЕТА";"Светильник подвесной, чёрный. 1 рожок с цоколем E27, мощность до 15 Вт. Подходит на кухню, в гостиную и над столом. Производство и гарантия УСВЕТА.";"светильник подвесной, светильник потолочный подвесной, люстра подвесная, светильник подвесной потолочный, подвесной светильник, светильник на кухню, светильник подвесной чёрный, купить светильник подвесной";"Подвесной светильник, чёрный — УСВЕТА";"Подвесной светильник (чёрный) от производителя. Подходит на кухню, в гостиную и над обеденным столом. Гарантия завода, доставка по России."
454392031823;УСВЕТА;"2043/1 Белый";;"Подвесной светильник";"Светильник подвесной потолочный УСВЕТА Белый Лофт, Е27, 40 Вт";"Подвесной светильник в стиле лофт, белый, 1 рожок E27. Освещение до 8 м?. Подходит на кухню, в гостиную и над обеденным столом. Производство УСВЕТА.";"<strong>Подвесной светильник в стиле лофт, белый</strong> — акцентный свет над столом и в зоне отдыха, на кухню, в гостиную и над обеденным столом.<br /><br /><strong>Характеристики:</strong><br />- Цвет: белый<br />- Материал: металл, пластик<br />- Количество ламп: 1 шт., цоколь E27<br />- Допустимая мощность: 15Вт (напряжение 220В)<br />- Площадь освещения: до 8 м?<br /><br /><strong>Преимущества:</strong><br />- Собственное производство полного цикла на Урале.<br />- Гарантия 3 года, срок службы до 5 лет.<br />- Простой монтаж, крепёж в комплекте.<br />- Бренд УСВЕТА — проверенное качество в массовом сегменте.<br /><br /><br />Сертификаты соответствия и декларации о соответствии на продукцию: <a href=""https://usveta.ru/cerificate"" target=""_blank"" rel=""noopener"">https://usveta.ru/cerificate</a>";https://static.tildacdn.com/stor3637-3937-4832-b632-396664646563/4b330d30b9537720760947376d81396b.jpg;894.00;50;1499;;;odHGConO31sLPHFjLNn2;;1;E27;"металл, пластик";Белый;"15Вт (напряжение 220В)";"Под планку";"206х190х206 мм";"3 года (срок эксплуатации 5 лет)";Россия;;;;;;470;220;220;210;"Светильник подвесной лофт, 1хE27, белый, арт. 2043/1 | УСВЕТА";"Светильник подвесной лофт, белый. 1 рожок с цоколем E27, площадь освещения до 8 м?, мощность до 15 Вт. Подходит на кухню, в гостиную и над столом. Производство и гарантия УСВЕТА.";"светильник подвесной, светильник потолочный подвесной, люстра подвесная, светильник подвесной потолочный, подвесной светильник, светильник на кухню, светильник подвесной белый, купить светильник подвесной, светильник подвесной для натяжного потолка";"Подвесной светильник в стиле лофт, белый — УСВЕТА";"Подвесной светильник в стиле лофт (белый) от производителя. Подходит на кухню, в гостиную и над обеденным столом. Гарантия завода, доставка по России."
450947722623;УСВЕТА;"2043/1 Черный+Белый";;"Подвесной светильник";"Светильник подвесной лофт, на террасу; Е27; черный + белый";"Подвесной светильник в стиле лофт, чёрный, 1 рожок E27. Освещение до 8 м?. Подходит на кухню, в гостиную и над обеденным столом. Производство УСВЕТА.";"<strong>Подвесной светильник в стиле лофт, чёрный</strong> — акцентный свет над столом и в зоне отдыха, на кухню, в гостиную и над обеденным столом.<br /><br /><strong>Характеристики:</strong><br />- Цвет: чёрный<br />- Материал: металл, пластик<br />- Количество ламп: 1 шт., цоколь E27<br />- Допустимая мощность: 15Вт (напряжение 220В)<br />- Площадь освещения: до 8 м?<br /><br /><strong>Преимущества:</strong><br />- Собственное производство полного цикла на Урале.<br />- Гарантия 3 года, срок службы до 5 лет.<br />- Простой монтаж, крепёж в комплекте.<br />- Бренд УСВЕТА — проверенное качество в массовом сегменте.<br /><br /><br />Сертификаты соответствия и декларации о соответствии на продукцию: <a href=""https://usveta.ru/cerificate"" target=""_blank"" rel=""noopener"">https://usveta.ru/cerificate</a>";https://static.tildacdn.com/stor3062-3131-4366-b838-363036323666/afcef066f5662b39e80d96010036a121.jpg;933.00;2;1499;;;9CZaTmjEsOigtxINh2JR;;1;E27;"металл, пластик";Черный;"15Вт (напряжение 220В)";"Под планку";"206х190х206 мм";"3 года (срок эксплуатации 5 лет)";Россия;;;;;;470;220;220;210;"Светильник подвесной лофт, 1хE27, чёрный, арт. 2043/1 | УСВЕТА";"Светильник подвесной лофт, чёрный. 1 рожок с цоколем E27, площадь освещения до 8 м?, мощность до 15 Вт. Подходит на кухню, в гостиную и над столом. Производство и гарантия УСВЕТА.";"светильник подвесной, светильник потолочный подвесной, люстра подвесная, светильник подвесной потолочный, подвесной светильник, светильник на кухню, светильник подвесной чёрный, купить светильник подвесной, светильник подвесной для натяжного потолка";"Подвесной светильник в стиле лофт, чёрный — УСВЕТА";"Подвесной светильник в стиле лофт (чёрный) от производителя. Подходит на кухню, в гостиную и над обеденным столом. Гарантия завода, доставка по России."
715373914343;УСВЕТА;"2044/1 Белый";;"Подвесной светильник";"Светильник подвесной потолочный УСВЕТА Лофт Белый, E27, 40 Вт";"Подвесной светильник в стиле лофт, белый, 1 рожок E27. Освещение до 8 м?. Подходит на кухню, в гостиную и над обеденным столом. Производство УСВЕТА.";"<strong>Подвесной светильник в стиле лофт, белый</strong> — акцентный свет над столом и в зоне отдыха, на кухню, в гостиную и над обеденным столом.<br /><br /><strong>Характеристики:</strong><br />- Цвет: белый<br />- Материал: металл, пластик<br />- Количество ламп: 1 шт., цоколь E27<br />- Допустимая мощность: 15Вт (напряжение 220В)<br />- Площадь освещения: до 8 м?<br /><br /><strong>Преимущества:</strong><br />- Собственное производство полного цикла на Урале.<br />- Гарантия 3 года, срок службы до 5 лет.<br />- Простой монтаж, крепёж в комплекте.<br />- Бренд УСВЕТА — проверенное качество в массовом сегменте.<br /><br /><br />Сертификаты соответствия и декларации о соответствии на продукцию: <a href=""https://usveta.ru/cerificate"" target=""_blank"" rel=""noopener"">https://usveta.ru/cerificate</a>";https://static.tildacdn.com/stor3864-6538-4038-a465-666662363636/58d71a3ef2dd57b17a124ddf09af81d7.jpg;963.00;27;1499;;;aG88K24svyZLVrpgBAdY;;1;E27;"металл, пластик";Белый;"15Вт (напряжение 220В)";"Под планку";"248х174х248 мм";"3 года (срок эксплуатации 5 лет)";Россия;;;;;;440;260;260;200;"Светильник подвесной лофт, 1хE27, белый, арт. 2044/1 | УСВЕТА";"Светильник подвесной лофт, белый. 1 рожок с цоколем E27, площадь освещения до 8 м?, мощность до 15 Вт. Подходит на кухню, в гостиную и над столом. Производство и гарантия УСВЕТА.";"светильник подвесной, светильник потолочный подвесной, люстра подвесная, светильник подвесной потолочный, подвесной светильник, светильник на кухню, светильник подвесной белый, купить светильник подвесной, светильник подвесной для натяжного потолка";"Подвесной светильник в стиле лофт, белый — УСВЕТА";"Подвесной светильник в стиле лофт (белый) от производителя. Подходит на кухню, в гостиную и над обеденным столом. Гарантия завода, доставка по России."
756983354673;УСВЕТА;"2044/1 Черный+Белый";;"Подвесной светильник";"Светильник подвесной потолочный УСВЕТА Лофт Черно-белый, E27, 40 Вт";"Подвесной светильник в стиле лофт, чёрный, 1 рожок E27. Освещение до 8 м?. Подходит на кухню, в гостиную и над обеденным столом. Производство УСВЕТА.";"<strong>Подвесной светильник в стиле лофт, чёрный</strong> — акцентный свет над столом и в зоне отдыха, на кухню, в гостиную и над обеденным столом.<br /><br /><strong>Характеристики:</strong><br />- Цвет: чёрный<br />- Материал: металл, пластик<br />- Количество ламп: 1 шт., цоколь E27<br />- Допустимая мощность: 15Вт (напряжение 220В)<br />- Площадь освещения: до 8 м?<br /><br /><strong>Преимущества:</strong><br />- Собственное производство полного цикла на Урале.<br />- Гарантия 3 года, срок службы до 5 лет.<br />- Простой монтаж, крепёж в комплекте.<br />- Бренд УСВЕТА — проверенное качество в массовом сегменте.<br /><br /><br />Сертификаты соответствия и декларации о соответствии на продукцию: <a href=""https://usveta.ru/cerificate"" target=""_blank"" rel=""noopener"">https://usveta.ru/cerificate</a>";https://static.tildacdn.com/stor3731-3333-4664-a464-646132376433/169f9154adea50d5f5bb4f6337c6e5e7.jpg;991.00;0;1499;;;vFvt5pmghe5a2EOHHURz;;1;E27;"металл, пластик";Черный;"15Вт (напряжение 220В)";"Под планку";"248х174х248 мм";"3 года (срок эксплуатации 5 лет)";Россия;;;;;;440;260;260;200;"Светильник подвесной лофт, 1хE27, чёрный, арт. 2044/1 | УСВЕТА";"Светильник подвесной лофт, чёрный. 1 рожок с цоколем E27, площадь освещения до 8 м?, мощность до 15 Вт. Подходит на кухню, в гостиную и над столом. Производство и гарантия УСВЕТА.";"светильник подвесной, светильник потолочный подвесной, люстра подвесная, светильник подвесной потолочный, подвесной светильник, светильник на кухню, светильник подвесной чёрный, купить светильник подвесной, светильник подвесной для натяжного потолка";"Подвесной светильник в стиле лофт, чёрный — УСВЕТА";"Подвесной светильник в стиле лофт (чёрный) от производителя. Подходит на кухню, в гостиную и над обеденным столом. Гарантия завода, доставка по России."
658760479833;УСВЕТА;"2123/1 Белый";;"Подвесной светильник";"Подвесной светильник белый | УСВЕТА";"Подвесной светильник, белый, 1 рожок E27. Подходит на кухню, в гостиную и над обеденным столом. Производство УСВЕТА.";"<strong>Подвесной светильник, белый</strong> — акцентный свет над столом и в зоне отдыха, на кухню, в гостиную и над обеденным столом.<br /><br /><strong>Характеристики:</strong><br />- Цвет: белый<br />- Материал: металл, пластик<br />- Количество ламп: 1 шт., цоколь E27<br />- Допустимая мощность: 15Вт (напряжение 220В)<br /><br /><strong>Преимущества:</strong><br />- Собственное производство полного цикла на Урале.<br />- Гарантия 3 года, срок службы до 5 лет.<br />- Простой монтаж, крепёж в комплекте.<br />- Бренд УСВЕТА — проверенное качество в массовом сегменте.<br /><br /><br />Сертификаты соответствия и декларации о соответствии на продукцию: <a href=""https://usveta.ru/cerificate"" target=""_blank"" rel=""noopener"">https://usveta.ru/cerificate</a>";https://static.tildacdn.com/stor3463-6433-4238-b538-633364643237/143504e182e08c8285b2bf821c5475ce.jpg;625.00;0;999;;;LrZMPNOcEfCIbS2LHCOr;;1;;"металл, пластик";Белый;"15Вт (напряжение 220В)";"Крепление под крюк";"20,5х20х20,5 см";"3 года (срок эксплуатации 5 лет)";Россия;;;;;;250;272;230;230;"Светильник подвесной, 1 лампа, белый, арт. 2123/1 | УСВЕТА";"Светильник подвесной, белый. 1 рожок с цоколем E27, мощность до 15 Вт. Подходит на кухню, в гостиную и над столом. Производство и гарантия УСВЕТА.";"светильник подвесной, светильник потолочный подвесной, люстра подвесная, светильник подвесной потолочный, подвесной светильник, светильник на кухню, светильник подвесной белый, купить светильник подвесной";"Подвесной светильник, белый — УСВЕТА";"Подвесной светильник (белый) от производителя. Подходит на кухню, в гостиную и над обеденным столом. Гарантия завода, доставка по России."
159790069183;УСВЕТА;"2124/1 Муар Белый+Белый";;"Подвесной светильник";"Светильник подвесной лофт, на террасу; Е27; белый";"Подвесной светильник с деревянными вставками, белый, 1 рожок E27. Освещение до 8 м?. Подходит на кухню, в гостиную и над обеденным столом. Производство УСВЕТА.";"<strong>Подвесной светильник с деревянными вставками, белый</strong> — акцентный свет над столом и в зоне отдыха, на кухню, в гостиную и над обеденным столом.<br /><br /><strong>Характеристики:</strong><br />- Цвет: белый<br />- Материал: металл, пластик<br />- Количество ламп: 1 шт., цоколь E27<br />- Допустимая мощность: 15Вт (напряжение 220В)<br />- Площадь освещения: до 8 м?<br /><br /><strong>Преимущества:</strong><br />- Собственное производство полного цикла на Урале.<br />- Гарантия 3 года, срок службы до 5 лет.<br />- Простой монтаж, крепёж в комплекте.<br />- Бренд УСВЕТА — проверенное качество в массовом сегменте.<br /><br /><br />Сертификаты соответствия и декларации о соответствии на продукцию: <a href=""https://usveta.ru/cerificate"" target=""_blank"" rel=""noopener"">https://usveta.ru/cerificate</a>";https://static.tildacdn.com/stor6563-3738-4465-a333-666534616633/d5d4c1e4dfd5136ce428197990104f91.jpg;631.00;50;999;;;AXDmINpKNVHobsYlPO3K;;1;;"металл, пластик";Белый;"15Вт (напряжение 220В)";"Крепление под крюк";"163х144х163 мм";"3 года (срок эксплуатации 5 лет)";Россия;;;;;;320;180;180;185;"Светильник подвесной с деревянными вставками, 1 лампа, белый | УСВЕТА";"Светильник подвесной с деревянными вставками, белый. 1 рожок с цоколем E27, площадь освещения до 8 м?, мощность до 15 Вт. Подходит на кухню, в гостиную и над столом. Производство и гарантия УСВЕТА.";"светильник подвесной, светильник потолочный подвесной, люстра подвесная, светильник подвесной потолочный, подвесной светильник, светильник на кухню, светильник подвесной белый, купить светильник подвесной, светильник подвесной для натяжного потолка";"Подвесной светильник с деревянными вставками, белый — УСВЕТА";"Подвесной светильник с деревянными вставками (белый) от производителя. Подходит на кухню, в гостиную и над обеденным столом. Гарантия завода, доставка по России."
692447077423;УСВЕТА;"2124/1 Муар Черный+Белый";;"Подвесной светильник;Акции>>>Хиты продаж";"Светильник подвесной лофт, на террасу; Е27; черный + белый";"Подвесной светильник с деревянными вставками, чёрный, 1 рожок E27. Освещение до 8 м?. Подходит на кухню, в гостиную и над обеденным столом. Производство УСВЕТА.";"<strong>Подвесной светильник с деревянными вставками, чёрный</strong> — акцентный свет над столом и в зоне отдыха, на кухню, в гостиную и над обеденным столом.<br /><br /><strong>Характеристики:</strong><br />- Цвет: чёрный<br />- Материал: металл, пластик<br />- Количество ламп: 1 шт., цоколь E14<br />- Допустимая мощность: 15Вт (напряжение 220В)<br />- Площадь освещения: до 8 м?<br /><br /><strong>Преимущества:</strong><br />- Собственное производство полного цикла на Урале.<br />- Гарантия 3 года, срок службы до 5 лет.<br />- Простой монтаж, крепёж в комплекте.<br />- Бренд УСВЕТА — проверенное качество в массовом сегменте.<br /><br /><br />Сертификаты соответствия и декларации о соответствии на продукцию: <a href=""https://usveta.ru/cerificate"" target=""_blank"" rel=""noopener"">https://usveta.ru/cerificate</a>";https://static.tildacdn.com/stor3330-6538-4532-a232-336534383961/45fe1a335cdc040595686704f9a8bc81.jpg;716.00;50;1499;;;UCMmydUvJHTfxKbUlmCF;;1;E14;"металл, пластик";Черный;"15Вт (напряжение 220В)";"Крепление под крюк";"163х144х163 мм";"3 года (срок эксплуатации 5 лет)";Россия;;;;;;320;180;180;185;"Светильник подвесной с деревянными вставками, 1хE14, чёрный | УСВЕТА";"Светильник подвесной с деревянными вставками, чёрный. 1 рожок с цоколем E14, площадь освещения до 8 м?, мощность до 15 Вт. Подходит на кухню, в гостиную и над столом. Производство и гарантия УСВЕТА.";"светильник подвесной, светильник потолочный подвесной, люстра подвесная, светильник подвесной потолочный, подвесной светильник, светильник на кухню, светильник подвесной чёрный, купить светильник подвесной, светильник подвесной для натяжного потолка";"Подвесной светильник с деревянными вставками, чёрный — УСВЕТА";"Подвесной светильник с деревянными вставками (чёрный) от производителя. Подходит на кухню, в гостиную и над обеденным столом. Гарантия завода, доставка по России."
187471609533;УСВЕТА;"2124/1 Муар Черный+Черный";;"Подвесной светильник";"Светильник подвесной лофт, на террасу; Е27; черный + черный";"Подвесной светильник, чёрный, 1 рожок E27. Подходит на кухню, в гостиную и над обеденным столом. Производство УСВЕТА.";"<strong>Подвесной светильник, чёрный</strong> — акцентный свет над столом и в зоне отдыха, на кухню, в гостиную и над обеденным столом.<br /><br /><strong>Характеристики:</strong><br />- Цвет: чёрный<br />- Материал: металл, пластик<br />- Количество ламп: 1 шт., цоколь E27<br />- Допустимая мощность: 15Вт (напряжение 220В)<br /><br /><strong>Преимущества:</strong><br />- Собственное производство полного цикла на Урале.<br />- Гарантия 3 года, срок службы до 5 лет.<br />- Простой монтаж, крепёж в комплекте.<br />- Бренд УСВЕТА — проверенное качество в массовом сегменте.<br /><br /><br />Сертификаты соответствия и декларации о соответствии на продукцию: <a href=""https://usveta.ru/cerificate"" target=""_blank"" rel=""noopener"">https://usveta.ru/cerificate</a>";https://static.tildacdn.com/stor3264-6664-4362-b832-663638373833/b10c0f0c8d4821a940278ee0812810ef.jpg;614.00;50;999;;;vZHNzP8ucDHbfnH2BiPL;;1;;"металл, пластик";Черный;"15Вт (напряжение 220В)";"Крепление под крюк";"163х144х163 мм";"3 года (срок эксплуатации 5 лет)";Россия;;;;;;320;180;180;185;"Светильник подвесной, 1 лампа, чёрный, арт. 2124/1 | УСВЕТА";"Светильник подвесной, чёрный. 1 рожок с цоколем E27, мощность до 15 Вт. Подходит на кухню, в гостиную и над столом. Производство и гарантия УСВЕТА.";"светильник подвесной, светильник потолочный подвесной, люстра подвесная, светильник подвесной потолочный, подвесной светильник, светильник на кухню, светильник подвесной чёрный, купить светильник подвесной";"Подвесной светильник, чёрный — УСВЕТА";"Подвесной светильник (чёрный) от производителя. Подходит на кухню, в гостиную и над обеденным столом. Гарантия завода, доставка по России."
580056153383;УСВЕТА;"2221/1 Белый";;"Подвесной светильник";"Подвесной светильник белый | УСВЕТА";"Подвесной светильник, белый, 1 рожок E27. Подходит на кухню, в гостиную и над обеденным столом. Производство УСВЕТА.";"<strong>Подвесной светильник, белый</strong> — акцентный свет над столом и в зоне отдыха, на кухню, в гостиную и над обеденным столом.<br /><br /><strong>Характеристики:</strong><br />- Цвет: белый<br />- Материал: металл, пластик<br />- Количество ламп: 1 шт., цоколь E27<br />- Допустимая мощность: 15Вт (напряжение 220В)<br /><br /><strong>Преимущества:</strong><br />- Собственное производство полного цикла на Урале.<br />- Гарантия 3 года, срок службы до 5 лет.<br />- Простой монтаж, крепёж в комплекте.<br />- Бренд УСВЕТА — проверенное качество в массовом сегменте.<br /><br /><br />Сертификаты соответствия и декларации о соответствии на продукцию: <a href=""https://usveta.ru/cerificate"" target=""_blank"" rel=""noopener"">https://usveta.ru/cerificate</a>";https://static.tildacdn.com/stor3639-3437-4330-b464-363564653938/adc440820a0ed057d846b1596e776088.jpg;360.00;0;999;;;iex2OjgFCj28jlnmlUFv;;1;;"металл, пластик";Белый;"15Вт (напряжение 220В)";"Крепление под крюк";"225х210х225 мм";"3 года (срок эксплуатации 5 лет)";Россия;;;;;;340;245;245;335;"Светильник подвесной, 1 лампа, белый, арт. 2221/1 | УСВЕТА";"Светильник подвесной, белый. 1 рожок с цоколем E27, мощность до 15 Вт. Подходит на кухню, в гостиную и над столом. Производство и гарантия УСВЕТА.";"светильник подвесной, светильник потолочный подвесной, люстра подвесная, светильник подвесной потолочный, подвесной светильник, светильник на кухню, светильник подвесной белый, купить светильник подвесной";"Подвесной светильник, белый — УСВЕТА";"Подвесной светильник (белый) от производителя. Подходит на кухню, в гостиную и над обеденным столом. Гарантия завода, доставка по России."
378641979703;УСВЕТА;"2221/1 Синий";;"Подвесной светильник";"Светильник подвесной потолочный УСВЕТА Синий Пластик, Е27, 15 Вт";"Подвесной светильник, синий, 1 рожок E27. Освещение до 6 м?. Подходит на кухню, в гостиную и над обеденным столом. Производство УСВЕТА.";"<strong>Подвесной светильник, синий</strong> — акцентный свет над столом и в зоне отдыха, на кухню, в гостиную и над обеденным столом.<br /><br /><strong>Характеристики:</strong><br />- Цвет: синий<br />- Материал: металл, пластик<br />- Количество ламп: 1 шт., цоколь E27<br />- Допустимая мощность: 15Вт (напряжение 220В)<br />- Площадь освещения: до 6 м?<br /><br /><strong>Преимущества:</strong><br />- Собственное производство полного цикла на Урале.<br />- Гарантия 3 года, срок службы до 5 лет.<br />- Простой монтаж, крепёж в комплекте.<br />- Бренд УСВЕТА — проверенное качество в массовом сегменте.<br /><br /><br />Сертификаты соответствия и декларации о соответствии на продукцию: <a href=""https://usveta.ru/cerificate"" target=""_blank"" rel=""noopener"">https://usveta.ru/cerificate</a>";https://static.tildacdn.com/stor3336-3336-4539-a165-623738663632/0147852839e5b6b26ddbe7990e248196.jpg;370.00;50;999;;;A71FD3nOSv5Xmt6Hay9S;;1;E27;"металл, пластик";Синий;"15Вт (напряжение 220В)";"Крепление под крюк";"225х210х225 мм";"3 года (срок эксплуатации 5 лет)";Россия;;;;;;340;245;245;335;"Светильник подвесной, 1хE27, синий, арт. 2221/1 | УСВЕТА";"Светильник подвесной, синий. 1 рожок с цоколем E27, площадь освещения до 6 м?, мощность до 15 Вт. Подходит на кухню, в гостиную и над столом. Производство и гарантия УСВЕТА.";"светильник подвесной, светильник потолочный подвесной, люстра подвесная, светильник подвесной потолочный, подвесной светильник, светильник на кухню, светильник подвесной синий, купить светильник подвесной, светильник подвесной для натяжного потолка";"Подвесной светильник, синий — УСВЕТА";"Подвесной светильник (синий) от производителя. Подходит на кухню, в гостиную и над обеденным столом. Гарантия завода, доставка по России."
242604992443;УСВЕТА;"2512/1 Черный";;"Подвесной светильник";"Подвесной светильник чёрный | УСВЕТА";"Подвесной светильник, чёрный, 1 рожок E27. Подходит на кухню, в гостиную и над обеденным столом. Производство УСВЕТА.";"<strong>Подвесной светильник, чёрный</strong> — акцентный свет над столом и в зоне отдыха, на кухню, в гостиную и над обеденным столом.<br /><br /><strong>Характеристики:</strong><br />- Цвет: чёрный<br />- Материал: металл, пластик<br />- Количество ламп: 1 шт., цоколь E27<br />- Допустимая мощность: 15Вт (напряжение 220В)<br /><br /><strong>Преимущества:</strong><br />- Собственное производство полного цикла на Урале.<br />- Гарантия 3 года, срок службы до 5 лет.<br />- Простой монтаж, крепёж в комплекте.<br />- Бренд УСВЕТА — проверенное качество в массовом сегменте.<br /><br /><br />Сертификаты соответствия и декларации о соответствии на продукцию: <a href=""https://usveta.ru/cerificate"" target=""_blank"" rel=""noopener"">https://usveta.ru/cerificate</a>";https://static.tildacdn.com/stor3832-6138-4431-b531-623333393366/b7dea5cadfeb2ac123b0396766efd3d0.jpg;880.00;0;1499;;;NjKTcaV7Cn5Zss3RDVRV;;1;;"металл, пластик";Черный;"15Вт (напряжение 220В)";"Крепление под крюк";;"3 года (срок эксплуатации 5 лет)";Россия;;;;;;507;290;270;185;"Светильник подвесной, 1 лампа, чёрный, арт. 2512/1 | УСВЕТА";"Светильник подвесной, чёрный. 1 рожок с цоколем E27, мощность до 15 Вт. Подходит на кухню, в гостиную и над столом. Производство и гарантия УСВЕТА.";"светильник подвесной, светильник потолочный подвесной, люстра подвесная, светильник подвесной потолочный, подвесной светильник, светильник на кухню, светильник подвесной чёрный, купить светильник подвесной";"Подвесной светильник, чёрный — УСВЕТА";"Подвесной светильник (чёрный) от производителя. Подходит на кухню, в гостиную и над обеденным столом. Гарантия завода, доставка по России."
240133727363;УСВЕТА;"2514/1 Муар Белый+Белый";;"Подвесной светильник";"Подвесной светильник муар белый| УСВЕТА";"Подвесной светильник в стиле лофт, белый, 1 рожок E27. Освещение до 8 м?. Подходит на кухню, в гостиную и над обеденным столом. Производство УСВЕТА.";"<strong>Подвесной светильник в стиле лофт, белый</strong> — акцентный свет над столом и в зоне отдыха, на кухню, в гостиную и над обеденным столом.<br /><br /><strong>Характеристики:</strong><br />- Цвет: белый<br />- Материал: металл, пластик<br />- Количество ламп: 1 шт., цоколь E27<br />- Допустимая мощность: 15Вт (напряжение 220В)<br />- Площадь освещения: до 8 м?<br /><br /><strong>Преимущества:</strong><br />- Собственное производство полного цикла на Урале.<br />- Гарантия 3 года, срок службы до 5 лет.<br />- Простой монтаж, крепёж в комплекте.<br />- Бренд УСВЕТА — проверенное качество в массовом сегменте.<br /><br /><br />Сертификаты соответствия и декларации о соответствии на продукцию: <a href=""https://usveta.ru/cerificate"" target=""_blank"" rel=""noopener"">https://usveta.ru/cerificate</a>";https://static.tildacdn.com/stor3566-6136-4231-a335-343062646538/71e12ac2195d561fc4122de7914a0a03.jpg;1105.00;50;1999;;;Z2AbDcp4mRkTNzlvYxnp;;1;;"металл, пластик";Белый;"15Вт (напряжение 220В)";"Под планку";"255х114х255 мм";"3 года (срок эксплуатации 5 лет)";Россия;;;;;;580;270;270;140;"Светильник подвесной лофт, 1 лампа, белый, арт. 2514/1 | УСВЕТА";"Светильник подвесной лофт, белый. 1 рожок с цоколем E27, площадь освещения до 8 м?, мощность до 15 Вт. Подходит на кухню, в гостиную и над столом. Производство и гарантия УСВЕТА.";"светильник подвесной, светильник потолочный подвесной, люстра подвесная, светильник подвесной потолочный, подвесной светильник, светильник на кухню, светильник подвесной белый, купить светильник подвесной, светильник подвесной для натяжного потолка";"Подвесной светильник в стиле лофт, белый — УСВЕТА";"Подвесной светильник в стиле лофт (белый) от производителя. Подходит на кухню, в гостиную и над обеденным столом. Гарантия завода, доставка по России."
765869764943;УСВЕТА;"2514/1 Муар Белый+Серый";;"Подвесной светильник";"Подвесной светильник муар белый + серый | УСВЕТА";"Подвесной светильник в стиле лофт, белый, 1 рожок E27. Освещение до 8 м?. Подходит на кухню, в гостиную и над обеденным столом. Производство УСВЕТА.";"<strong>Подвесной светильник в стиле лофт, белый</strong> — акцентный свет над столом и в зоне отдыха, на кухню, в гостиную и над обеденным столом.<br /><br /><strong>Характеристики:</strong><br />- Цвет: белый<br />- Материал: металл, пластик<br />- Количество ламп: 1 шт., цоколь E27<br />- Допустимая мощность: 15Вт (напряжение 220В)<br />- Площадь освещения: до 8 м?<br /><br /><strong>Преимущества:</strong><br />- Собственное производство полного цикла на Урале.<br />- Гарантия 3 года, срок службы до 5 лет.<br />- Простой монтаж, крепёж в комплекте.<br />- Бренд УСВЕТА — проверенное качество в массовом сегменте.<br /><br /><br />Сертификаты соответствия и декларации о соответствии на продукцию: <a href=""https://usveta.ru/cerificate"" target=""_blank"" rel=""noopener"">https://usveta.ru/cerificate</a>";https://static.tildacdn.com/stor3264-3565-4134-a236-383435303235/ebcafc0139a4b7b39b08447287ba78ae.webp;1135.00;35;1999;;;XvrTBrI841FM621LYtrL;;1;;"металл, пластик";Белый;"15Вт (напряжение 220В)";"Под планку";"255х114х255 мм";"3 года (срок эксплуатации 5 лет)";Россия;;;;;;580;270;270;140;"Светильник подвесной лофт, 1 лампа, белый, арт. 2514/1 | УСВЕТА";"Светильник подвесной лофт, белый. 1 рожок с цоколем E27, площадь освещения до 8 м?, мощность до 15 Вт. Подходит на кухню, в гостиную и над столом. Производство и гарантия УСВЕТА.";"светильник подвесной, светильник потолочный подвесной, люстра подвесная, светильник подвесной потолочный, подвесной светильник, светильник на кухню, светильник подвесной белый, купить светильник подвесной, светильник подвесной для натяжного потолка";"Подвесной светильник в стиле лофт, белый — УСВЕТА";"Подвесной светильник в стиле лофт (белый) от производителя. Подходит на кухню, в гостиную и над обеденным столом. Гарантия завода, доставка по России."
227372830293;УСВЕТА;"2514/1 Муар Черный+Золото";;"Подвесной светильник";"Подвесной светильник муар черный + золото | УСВЕТА";"Подвесной светильник в стиле лофт, чёрный, 1 рожок E27. Освещение до 8 м?. Подходит на кухню, в гостиную и над обеденным столом. Производство УСВЕТА.";"<strong>Подвесной светильник в стиле лофт, чёрный</strong> — акцентный свет над столом и в зоне отдыха, на кухню, в гостиную и над обеденным столом.<br /><br /><strong>Характеристики:</strong><br />- Цвет: чёрный<br />- Материал: металл, пластик<br />- Количество ламп: 1 шт., цоколь E27<br />- Допустимая мощность: 15Вт (напряжение 220В)<br />- Площадь освещения: до 8 м?<br /><br /><strong>Преимущества:</strong><br />- Собственное производство полного цикла на Урале.<br />- Гарантия 3 года, срок службы до 5 лет.<br />- Простой монтаж, крепёж в комплекте.<br />- Бренд УСВЕТА — проверенное качество в массовом сегменте.<br /><br /><br />Сертификаты соответствия и декларации о соответствии на продукцию: <a href=""https://usveta.ru/cerificate"" target=""_blank"" rel=""noopener"">https://usveta.ru/cerificate</a>";https://static.tildacdn.com/stor3064-3761-4861-b465-623762663661/595360ed3a51f59605be2de2f55eb343.jpg;1183.00;50;1999;;;aaRcxb4dTufh57XYEj05;;1;;"металл, пластик";Черный;"15Вт (напряжение 220В)";"Под планку";"255х114х255 мм";"3 года (срок эксплуатации 5 лет)";Россия;;;;;;580;270;270;140;"Светильник подвесной лофт, 1 лампа, чёрный, арт. 2514/1 | УСВЕТА";"Светильник подвесной лофт, чёрный. 1 рожок с цоколем E27, площадь освещения до 8 м?, мощность до 15 Вт. Подходит на кухню, в гостиную и над столом. Производство и гарантия УСВЕТА.";"светильник подвесной, светильник потолочный подвесной, люстра подвесная, светильник подвесной потолочный, подвесной светильник, светильник на кухню, светильник подвесной чёрный, купить светильник подвесной, светильник подвесной для натяжного потолка";"Подвесной светильник в стиле лофт, чёрный — УСВЕТА";"Подвесной светильник в стиле лофт (чёрный) от производителя. Подходит на кухню, в гостиную и над обеденным столом. Гарантия завода, доставка по России."
690110088213;УСВЕТА;"2514/1 Муар Черный+Черный";;"Подвесной светильник";"Подвесной светильник муар черный + черный | УСВЕТА";"Подвесной светильник в стиле лофт, чёрный, 1 рожок E27. Освещение до 8 м?. Подходит на кухню, в гостиную и над обеденным столом. Производство УСВЕТА.";"<strong>Подвесной светильник в стиле лофт, чёрный</strong> — акцентный свет над столом и в зоне отдыха, на кухню, в гостиную и над обеденным столом.<br /><br /><strong>Характеристики:</strong><br />- Цвет: чёрный<br />- Материал: металл, пластик<br />- Количество ламп: 1 шт., цоколь E27<br />- Допустимая мощность: 15Вт (напряжение 220В)<br />- Площадь освещения: до 8 м?<br /><br /><strong>Преимущества:</strong><br />- Собственное производство полного цикла на Урале.<br />- Гарантия 3 года, срок службы до 5 лет.<br />- Простой монтаж, крепёж в комплекте.<br />- Бренд УСВЕТА — проверенное качество в массовом сегменте.<br /><br /><br />Сертификаты соответствия и декларации о соответствии на продукцию: <a href=""https://usveta.ru/cerificate"" target=""_blank"" rel=""noopener"">https://usveta.ru/cerificate</a>";https://static.tildacdn.com/stor3839-3862-4036-a239-363138313364/94695140d94f50da373fce92af54b457.jpg;1105.00;50;1999;;;AXkdxjxON8Gd9kgnB11D;;1;;"металл, пластик";Черный;"15Вт (напряжение 220В)";"Под планку";"255х114х255 мм";"3 года (срок эксплуатации 5 лет)";Россия;;;;;;580;270;270;140;"Светильник подвесной лофт, 1 лампа, чёрный, арт. 2514/1 | УСВЕТА";"Светильник подвесной лофт, чёрный. 1 рожок с цоколем E27, площадь освещения до 8 м?, мощность до 15 Вт. Подходит на кухню, в гостиную и над столом. Производство и гарантия УСВЕТА.";"светильник подвесной, светильник потолочный подвесной, люстра подвесная, светильник подвесной потолочный, подвесной светильник, светильник на кухню, светильник подвесной чёрный, купить светильник подвесной, светильник подвесной для натяжного потолка";"Подвесной светильник в стиле лофт, чёрный — УСВЕТА";"Подвесной светильник в стиле лофт (чёрный) от производителя. Подходит на кухню, в гостиную и над обеденным столом. Гарантия завода, доставка по России."
403249854713;УСВЕТА;"2514/1 Хром+Хром";;"Подвесной светильник";"Подвесной светильник хром + хром | УСВЕТА";"Подвесной светильник в стиле лофт, хром, 1 рожок E27. Освещение до 8 м?. Подходит на кухню, в гостиную и над обеденным столом. Производство УСВЕТА.";"<strong>Подвесной светильник в стиле лофт, хром</strong> — акцентный свет над столом и в зоне отдыха, на кухню, в гостиную и над обеденным столом.<br /><br /><strong>Характеристики:</strong><br />- Цвет: хром<br />- Материал: металл, пластик<br />- Количество ламп: 1 шт., цоколь E27<br />- Допустимая мощность: 15Вт (напряжение 220В)<br />- Площадь освещения: до 8 м?<br /><br /><strong>Преимущества:</strong><br />- Собственное производство полного цикла на Урале.<br />- Гарантия 3 года, срок службы до 5 лет.<br />- Простой монтаж, крепёж в комплекте.<br />- Бренд УСВЕТА — проверенное качество в массовом сегменте.<br /><br /><br />Сертификаты соответствия и декларации о соответствии на продукцию: <a href=""https://usveta.ru/cerificate"" target=""_blank"" rel=""noopener"">https://usveta.ru/cerificate</a>";https://static.tildacdn.com/stor3437-3238-4761-a435-396637653961/a83833444d5544d446379935d26877a8.jpg;1105.00;50;1999;;;a7M9gD25HGzkbVC78SNP;;1;;"металл, пластик";Хром;"15Вт (напряжение 220В)";"Под планку";"255х114х255 мм";"3 года (срок эксплуатации 5 лет)";Россия;;;;;;580;270;270;140;"Светильник подвесной лофт, 1 лампа, хром, арт. 2514/1 | УСВЕТА";"Светильник подвесной лофт, хром. 1 рожок с цоколем E27, площадь освещения до 8 м?, мощность до 15 Вт. Подходит на кухню, в гостиную и над столом. Производство и гарантия УСВЕТА.";"светильник подвесной, светильник потолочный подвесной, люстра подвесная, светильник подвесной потолочный, подвесной светильник, светильник на кухню, светильник подвесной хром, купить светильник подвесной, светильник подвесной для натяжного потолка";"Подвесной светильник в стиле лофт, хром — УСВЕТА";"Подвесной светильник в стиле лофт (хром) от производителя. Подходит на кухню, в гостиную и над обеденным столом. Гарантия завода, доставка по России."
467258014063;УСВЕТА;"2515/1 Черный";;"Подвесной светильник";"Подвесной светильник чёрный | УСВЕТА";"Подвесной светильник, чёрный, 1 рожок E27. Подходит на кухню, в гостиную и над обеденным столом. Производство УСВЕТА.";"<strong>Подвесной светильник, чёрный</strong> — акцентный свет над столом и в зоне отдыха, на кухню, в гостиную и над обеденным столом.<br /><br /><strong>Характеристики:</strong><br />- Цвет: чёрный<br />- Материал: металл, пластик<br />- Количество ламп: 1 шт., цоколь E27<br />- Допустимая мощность: 15Вт (напряжение 220В)<br /><br /><strong>Преимущества:</strong><br />- Собственное производство полного цикла на Урале.<br />- Гарантия 3 года, срок службы до 5 лет.<br />- Простой монтаж, крепёж в комплекте.<br />- Бренд УСВЕТА — проверенное качество в массовом сегменте.<br /><br /><br />Сертификаты соответствия и декларации о соответствии на продукцию: <a href=""https://usveta.ru/cerificate"" target=""_blank"" rel=""noopener"">https://usveta.ru/cerificate</a>";https://static.tildacdn.com/stor6330-3961-4037-b137-373665613638/364baba16b7377a42d26f25c5a137742.jpg;733.00;0;1499;;;E1vo4FsdO2KfDR8XDPU5;;1;;"металл, пластик";Черный;"15Вт (напряжение 220В)";"Крепление под крюк";"255х114х255 мм";"3 года (срок эксплуатации 5 лет)";Россия;;;;;;500;240;240;285;"Светильник подвесной, 1 лампа, чёрный, арт. 2515/1 | УСВЕТА";"Светильник подвесной, чёрный. 1 рожок с цоколем E27, мощность до 15 Вт. Подходит на кухню, в гостиную и над столом. Производство и гарантия УСВЕТА.";"светильник подвесной, светильник потолочный подвесной, люстра подвесная, светильник подвесной потолочный, подвесной светильник, светильник на кухню, светильник подвесной чёрный, купить светильник подвесной";"Подвесной светильник, чёрный — УСВЕТА";"Подвесной светильник (чёрный) от производителя. Подходит на кухню, в гостиную и над обеденным столом. Гарантия завода, доставка по России."
529172508853;УСВЕТА;"2521/1 Белый";;"Подвесной светильник";"Светильник подвесной потолочный УСВЕТА Лофт Белый, Е27, 40 Вт";"Подвесной светильник в стиле лофт, белый, 1 рожок E27. Освещение до 8 м?. Подходит на кухню, в гостиную и над обеденным столом. Производство УСВЕТА.";"<strong>Подвесной светильник в стиле лофт, белый</strong> — акцентный свет над столом и в зоне отдыха, на кухню, в гостиную и над обеденным столом.<br /><br /><strong>Характеристики:</strong><br />- Цвет: белый<br />- Материал: металл, пластик<br />- Количество ламп: 1 шт., цоколь E27<br />- Допустимая мощность: 15Вт (напряжение 220В)<br />- Площадь освещения: до 8 м?<br /><br /><strong>Преимущества:</strong><br />- Собственное производство полного цикла на Урале.<br />- Гарантия 3 года, срок службы до 5 лет.<br />- Простой монтаж, крепёж в комплекте.<br />- Бренд УСВЕТА — проверенное качество в массовом сегменте.<br /><br /><br />Сертификаты соответствия и декларации о соответствии на продукцию: <a href=""https://usveta.ru/cerificate"" target=""_blank"" rel=""noopener"">https://usveta.ru/cerificate</a>";https://static.tildacdn.com/stor3335-6461-4031-b664-326333613164/1493d40893604806f81bb349e724e12f.jpg;1190.00;50;1999;;;7m4dVnVolEKxjcJxJ6mD;;1;E27;"металл, пластик";Белый;"15Вт (напряжение 220В)";"Крепление под крюк";;"3 года (срок эксплуатации 5 лет)";Россия;;;;;;340;255;255;240;"Светильник подвесной лофт, 1хE27, белый, арт. 2521/1 | УСВЕТА";"Светильник подвесной лофт, белый. 1 рожок с цоколем E27, площадь освещения до 8 м?, мощность до 15 Вт. Подходит на кухню, в гостиную и над столом. Производство и гарантия УСВЕТА.";"светильник подвесной, светильник потолочный подвесной, люстра подвесная, светильник подвесной потолочный, подвесной светильник, светильник на кухню, светильник подвесной белый, купить светильник подвесной, светильник подвесной для натяжного потолка";"Подвесной светильник в стиле лофт, белый — УСВЕТА";"Подвесной светильник в стиле лофт (белый) от производителя. Подходит на кухню, в гостиную и над обеденным столом. Гарантия завода, доставка по России."
589628979603;УСВЕТА;"2521/1 Черный+Белый";;"Подвесной светильник";"Светильник подвесной потолочный УСВЕТА Лофт Черно-белый, Е27, 40 Вт";"Подвесной светильник в стиле лофт, чёрный, 1 рожок E27. Освещение до 8 м?. Подходит на кухню, в гостиную и над обеденным столом. Производство УСВЕТА.";"<strong>Подвесной светильник в стиле лофт, чёрный</strong> — акцентный свет над столом и в зоне отдыха, на кухню, в гостиную и над обеденным столом.<br /><br /><strong>Характеристики:</strong><br />- Цвет: чёрный<br />- Материал: металл, пластик<br />- Количество ламп: 1 шт., цоколь E27<br />- Допустимая мощность: 15Вт (напряжение 220В)<br />- Площадь освещения: до 8 м?<br /><br /><strong>Преимущества:</strong><br />- Собственное производство полного цикла на Урале.<br />- Гарантия 3 года, срок службы до 5 лет.<br />- Простой монтаж, крепёж в комплекте.<br />- Бренд УСВЕТА — проверенное качество в массовом сегменте.<br /><br /><br />Сертификаты соответствия и декларации о соответствии на продукцию: <a href=""https://usveta.ru/cerificate"" target=""_blank"" rel=""noopener"">https://usveta.ru/cerificate</a>";https://static.tildacdn.com/stor6336-6162-4236-b333-626363343162/81e3e1ea78df85d91cdc981790f78cb6.jpg;1265.00;50;1999;;;4rT3KBHgh5PcrplYtv7A;;1;E27;"металл, пластик";Черный;"15Вт (напряжение 220В)";"Крепление под крюк";;"3 года (срок эксплуатации 5 лет)";Россия;;;;;;340;255;255;240;"Светильник подвесной лофт, 1хE27, чёрный, арт. 2521/1 | УСВЕТА";"Светильник подвесной лофт, чёрный. 1 рожок с цоколем E27, площадь освещения до 8 м?, мощность до 15 Вт. Подходит на кухню, в гостиную и над столом. Производство и гарантия УСВЕТА.";"светильник подвесной, светильник потолочный подвесной, люстра подвесная, светильник подвесной потолочный, подвесной светильник, светильник на кухню, светильник подвесной чёрный, купить светильник подвесной, светильник подвесной для натяжного потолка";"Подвесной светильник в стиле лофт, чёрный — УСВЕТА";"Подвесной светильник в стиле лофт (чёрный) от производителя. Подходит на кухню, в гостиную и над обеденным столом. Гарантия завода, доставка по России."
454333223193;УСВЕТА;"2524/1 Белый+Белый муар";;"Подвесной светильник";"Подвесной светильник белый + белый муар | УСВЕТА";"Подвесной светильник с деревянными вставками, белый, 1 рожок E27. Освещение до 8 м?. Подходит на кухню, в гостиную и над обеденным столом. Производство УСВЕТА.";"<strong>Подвесной светильник с деревянными вставками, белый</strong> — акцентный свет над столом и в зоне отдыха, на кухню, в гостиную и над обеденным столом.<br /><br /><strong>Характеристики:</strong><br />- Цвет: белый<br />- Материал: металл, пластик<br />- Количество ламп: 1 шт., цоколь E27<br />- Допустимая мощность: 15Вт (напряжение 220В)<br />- Площадь освещения: до 8 м?<br /><br /><strong>Преимущества:</strong><br />- Собственное производство полного цикла на Урале.<br />- Гарантия 3 года, срок службы до 5 лет.<br />- Простой монтаж, крепёж в комплекте.<br />- Бренд УСВЕТА — проверенное качество в массовом сегменте.<br /><br /><br />Сертификаты соответствия и декларации о соответствии на продукцию: <a href=""https://usveta.ru/cerificate"" target=""_blank"" rel=""noopener"">https://usveta.ru/cerificate</a>";https://static.tildacdn.com/stor3662-6138-4766-b965-616331666530/fed357ccf21ec4d6a8f3cdfee1b545ad.jpg;1046.00;50;1999;;;pTtRAVJTbYmkA3HkrGEo;;1;;"металл, пластик";Белый;"15Вт (напряжение 220В)";"Крепление под крюк";"225х140х225 мм";"3 года (срок эксплуатации 5 лет)";Россия;;;;;;510;235;235;160;"Светильник подвесной с деревянными вставками, 1 лампа, белый | УСВЕТА";"Светильник подвесной с деревянными вставками, белый. 1 рожок с цоколем E27, площадь освещения до 8 м?, мощность до 15 Вт. Подходит на кухню, в гостиную и над столом. Производство и гарантия УСВЕТА.";"светильник подвесной, светильник потолочный подвесной, люстра подвесная, светильник подвесной потолочный, подвесной светильник, светильник на кухню, светильник подвесной белый, купить светильник подвесной, светильник подвесной для натяжного потолка";"Подвесной светильник с деревянными вставками, белый — УСВЕТА";"Подвесной светильник с деревянными вставками (белый) от производителя. Подходит на кухню, в гостиную и над обеденным столом. Гарантия завода, доставка по России."
239724757093;УСВЕТА;"2524/1 Красный муар";;"Подвесной светильник";"Подвесной светильник красный муар | УСВЕТА";"Подвесной светильник с деревянными вставками, красный, 1 рожок E27. Освещение до 8 м?. Подходит на кухню, в гостиную и над обеденным столом. Производство УСВЕТА.";"<strong>Подвесной светильник с деревянными вставками, красный</strong> — акцентный свет над столом и в зоне отдыха, на кухню, в гостиную и над обеденным столом.<br /><br /><strong>Характеристики:</strong><br />- Цвет: красный<br />- Материал: металл, пластик<br />- Количество ламп: 1 шт., цоколь E27<br />- Допустимая мощность: 15Вт (напряжение 220В)<br />- Площадь освещения: до 8 м?<br /><br /><strong>Преимущества:</strong><br />- Собственное производство полного цикла на Урале.<br />- Гарантия 3 года, срок службы до 5 лет.<br />- Простой монтаж, крепёж в комплекте.<br />- Бренд УСВЕТА — проверенное качество в массовом сегменте.<br /><br /><br />Сертификаты соответствия и декларации о соответствии на продукцию: <a href=""https://usveta.ru/cerificate"" target=""_blank"" rel=""noopener"">https://usveta.ru/cerificate</a>";https://static.tildacdn.com/stor3630-6436-4662-a134-656433633338/af6dd8d70156892d897aa41f022bfcbb.jpg;982.00;0;1499;;;kT0E1JeOVsymuIUTyJFV;;1;;"металл, пластик";Красный;"15Вт (напряжение 220В)";"Крепление под крюк";"225х140х225 мм";"3 года (срок эксплуатации 5 лет)";Россия;;;;;;510;245;245;335;"Светильник подвесной с деревянными вставками, 1 лампа, красный | УСВЕТА";"Светильник подвесной с деревянными вставками, красный. 1 рожок с цоколем E27, площадь освещения до 8 м?, мощность до 15 Вт. Подходит на кухню, в гостиную и над столом. Производство и гарантия УСВЕТА.";"светильник подвесной, светильник потолочный подвесной, люстра подвесная, светильник подвесной потолочный, подвесной светильник, светильник на кухню, светильник подвесной красный, купить светильник подвесной, светильник подвесной для натяжного потолка";"Подвесной светильник с деревянными вставками, красный — УСВЕТА";"Подвесной светильник с деревянными вставками (красный) от производителя. Подходит на кухню, в гостиную и над обеденным столом. Гарантия завода, доставка по России."
800520886633;УСВЕТА;"2524/1 Серый+Белый муар";;"Подвесной светильник";"Подвесной светильник серый + белый муар | УСВЕТА";"Подвесной светильник с деревянными вставками, графит, 1 рожок E27. Освещение до 8 м?. Подходит на кухню, в гостиную и над обеденным столом. Производство УСВЕТА.";"<strong>Подвесной светильник с деревянными вставками, графит</strong> — акцентный свет над столом и в зоне отдыха, на кухню, в гостиную и над обеденным столом.<br /><br /><strong>Характеристики:</strong><br />- Цвет: графит<br />- Материал: металл, пластик<br />- Количество ламп: 1 шт., цоколь E27<br />- Допустимая мощность: 15Вт (напряжение 220В)<br />- Площадь освещения: до 8 м?<br /><br /><strong>Преимущества:</strong><br />- Собственное производство полного цикла на Урале.<br />- Гарантия 3 года, срок службы до 5 лет.<br />- Простой монтаж, крепёж в комплекте.<br />- Бренд УСВЕТА — проверенное качество в массовом сегменте.<br /><br /><br />Сертификаты соответствия и декларации о соответствии на продукцию: <a href=""https://usveta.ru/cerificate"" target=""_blank"" rel=""noopener"">https://usveta.ru/cerificate</a>";https://static.tildacdn.com/stor3436-3065-4662-a131-643963386530/089f66ef6a053b655972a8b8a3198584.jpg;1099.00;50;1999;;;PJd84ZSu5FShhohKKlpK;;1;;"металл, пластик";Графит;"15Вт (напряжение 220В)";"Крепление под крюк";"225х140х225 мм";"3 года (срок эксплуатации 5 лет)";Россия;;;;;;550;245;245;335;"Светильник подвесной с деревянными вставками, 1 лампа, графит | УСВЕТА";"Светильник подвесной с деревянными вставками, графит. 1 рожок с цоколем E27, площадь освещения до 8 м?, мощность до 15 Вт. Подходит на кухню, в гостиную и над столом. Производство и гарантия УСВЕТА.";"светильник подвесной, светильник потолочный подвесной, люстра подвесная, светильник подвесной потолочный, подвесной светильник, светильник на кухню, светильник подвесной графит, купить светильник подвесной, светильник подвесной для натяжного потолка";"Подвесной светильник с деревянными вставками, графит — УСВЕТА";"Подвесной светильник с деревянными вставками (графит) от производителя. Подходит на кухню, в гостиную и над обеденным столом. Гарантия завода, доставка по России."
430278221913;УСВЕТА;"2524/1 Черный+Белый муар";;"Подвесной светильник";"Подвесной светильник черный + белый муар | УСВЕТА";"Подвесной светильник с деревянными вставками, чёрный, 1 рожок E27. Освещение до 8 м?. Подходит на кухню, в гостиную и над обеденным столом. Производство УСВЕТА.";"<strong>Подвесной светильник с деревянными вставками, чёрный</strong> — акцентный свет над столом и в зоне отдыха, на кухню, в гостиную и над обеденным столом.<br /><br /><strong>Характеристики:</strong><br />- Цвет: чёрный<br />- Материал: металл, пластик<br />- Количество ламп: 1 шт., цоколь E27<br />- Допустимая мощность: 15Вт (напряжение 220В)<br />- Площадь освещения: до 8 м?<br /><br /><strong>Преимущества:</strong><br />- Собственное производство полного цикла на Урале.<br />- Гарантия 3 года, срок службы до 5 лет.<br />- Простой монтаж, крепёж в комплекте.<br />- Бренд УСВЕТА — проверенное качество в массовом сегменте.<br /><br /><br />Сертификаты соответствия и декларации о соответствии на продукцию: <a href=""https://usveta.ru/cerificate"" target=""_blank"" rel=""noopener"">https://usveta.ru/cerificate</a>";https://static.tildacdn.com/stor3135-3161-4833-b365-363466383537/d4f0bc33b3d3714a0acaf379558935a0.jpg;1091.00;4;1999;;;ooBaMl7Na4RY7C4l41u3;;1;;"металл, пластик";Черный;"15Вт (напряжение 220В)";"Крепление под крюк";"225х140х225 мм";"3 года (срок эксплуатации 5 лет)";Россия;;;;;;550;235;160;230;"Светильник подвесной с деревянными вставками, 1 лампа, чёрный | УСВЕТА";"Светильник подвесной с деревянными вставками, чёрный. 1 рожок с цоколем E27, площадь освещения до 8 м?, мощность до 15 Вт. Подходит на кухню, в гостиную и над столом. Производство и гарантия УСВЕТА.";"светильник подвесной, светильник потолочный подвесной, люстра подвесная, светильник подвесной потолочный, подвесной светильник, светильник на кухню, светильник подвесной чёрный, купить светильник подвесной, светильник подвесной для натяжного потолка";"Подвесной светильник с деревянными вставками, чёрный — УСВЕТА";"Подвесной светильник с деревянными вставками (чёрный) от производителя. Подходит на кухню, в гостиную и над обеденным столом. Гарантия завода, доставка по России."
632963226523;УСВЕТА;"2525/1 Вудтоп Муар Белый+Белый";;"Подвесной светильник";"Подвесной светильник вудтоп муар белый + белый | УСВЕТА";"Подвесной светильник в стиле лофт, белый, 1 рожок E27. Освещение до 8 м?. Подходит на кухню, в гостиную и над обеденным столом. Производство УСВЕТА.";"<strong>Подвесной светильник в стиле лофт, белый</strong> — акцентный свет над столом и в зоне отдыха, на кухню, в гостиную и над обеденным столом.<br /><br /><strong>Характеристики:</strong><br />- Цвет: белый<br />- Материал: металл, пластик<br />- Количество ламп: 1 шт., цоколь E27<br />- Допустимая мощность: 15Вт (напряжение 220В)<br />- Площадь освещения: до 8 м?<br /><br /><strong>Преимущества:</strong><br />- Собственное производство полного цикла на Урале.<br />- Гарантия 3 года, срок службы до 5 лет.<br />- Простой монтаж, крепёж в комплекте.<br />- Бренд УСВЕТА — проверенное качество в массовом сегменте.<br /><br /><br />Сертификаты соответствия и декларации о соответствии на продукцию: <a href=""https://usveta.ru/cerificate"" target=""_blank"" rel=""noopener"">https://usveta.ru/cerificate</a>";https://static.tildacdn.com/stor3935-3661-4232-b062-363562346533/f10c31c760c7491783c5b27df47f624d.jpg;1180.00;2;1999;;;igarl4uBX93Nk7hOiCeg;;1;;"металл, пластик";Белый;"15Вт (напряжение 220В)";"Под планку";"358х137х358 мм";"3 года (срок эксплуатации 5 лет)";Россия;;;;;;930;362;362;155;"Светильник подвесной лофт, 1 лампа, белый, арт. 2525/1 | УСВЕТА";"Светильник подвесной лофт, белый. 1 рожок с цоколем E27, площадь освещения до 8 м?, мощность до 15 Вт. Подходит на кухню, в гостиную и над столом. Производство и гарантия УСВЕТА.";"светильник подвесной, светильник потолочный подвесной, люстра подвесная, светильник подвесной потолочный, подвесной светильник, светильник на кухню, светильник подвесной белый, купить светильник подвесной, светильник подвесной для натяжного потолка";"Подвесной светильник в стиле лофт, белый — УСВЕТА";"Подвесной светильник в стиле лофт (белый) от производителя. Подходит на кухню, в гостиную и над обеденным столом. Гарантия завода, доставка по России."
882812339763;УСВЕТА;"2525/1 Черный";;"Подвесной светильник";"Светильник подвесной потолочный на кухню УСВЕТА Лофт Черный, Е27";"Подвесной светильник в стиле лофт, чёрный, 1 рожок E27. Освещение до 8 м?. Подходит на кухню, в гостиную и над обеденным столом. Производство УСВЕТА.";"<strong>Подвесной светильник в стиле лофт, чёрный</strong> — акцентный свет над столом и в зоне отдыха, на кухню, в гостиную и над обеденным столом.<br /><br /><strong>Характеристики:</strong><br />- Цвет: чёрный<br />- Материал: металл, пластик<br />- Количество ламп: 1 шт., цоколь E27<br />- Допустимая мощность: 15Вт (напряжение 220В)<br />- Площадь освещения: до 8 м?<br /><br /><strong>Преимущества:</strong><br />- Собственное производство полного цикла на Урале.<br />- Гарантия 3 года, срок службы до 5 лет.<br />- Простой монтаж, крепёж в комплекте.<br />- Бренд УСВЕТА — проверенное качество в массовом сегменте.<br /><br /><br />Сертификаты соответствия и декларации о соответствии на продукцию: <a href=""https://usveta.ru/cerificate"" target=""_blank"" rel=""noopener"">https://usveta.ru/cerificate</a>";https://static.tildacdn.com/stor6339-6561-4539-b662-386362383364/b1bd6e5d856e082a704f656341b1880e.webp;1041.00;8;1999;;;NdlH6iAuucnnEXhzoAzd;;1;E27;"металл, пластик";Черный;"15Вт (напряжение 220В)";"Под планку";"358х137х358 мм";"3 года (срок эксплуатации 5 лет)";Россия;;;;;;900;362;362;155;"Светильник подвесной лофт, 1хE27, чёрный, арт. 2525/1 | УСВЕТА";"Светильник подвесной лофт, чёрный. 1 рожок с цоколем E27, площадь освещения до 8 м?, мощность до 15 Вт. Подходит на кухню, в гостиную и над столом. Производство и гарантия УСВЕТА.";"светильник подвесной, светильник потолочный подвесной, люстра подвесная, светильник подвесной потолочный, подвесной светильник, светильник на кухню, светильник подвесной чёрный, купить светильник подвесной, светильник подвесной для натяжного потолка";"Подвесной светильник в стиле лофт, чёрный — УСВЕТА";"Подвесной светильник в стиле лофт (чёрный) от производителя. Подходит на кухню, в гостиную и над обеденным столом. Гарантия завода, доставка по России."
478493596673;УСВЕТА;"2526/1 Вудтоп Муар Белый+Белый";;"Подвесной светильник";"Подвесной светильник вудтоп муар беый + белый | УСВЕТА";"Подвесной светильник в стиле лофт, белый, 1 рожок E27. Освещение до 8 м?. Подходит на кухню, в гостиную и над обеденным столом. Производство УСВЕТА.";"<strong>Подвесной светильник в стиле лофт, белый</strong> — акцентный свет над столом и в зоне отдыха, на кухню, в гостиную и над обеденным столом.<br /><br /><strong>Характеристики:</strong><br />- Цвет: белый<br />- Материал: металл, пластик<br />- Количество ламп: 1 шт., цоколь E27<br />- Допустимая мощность: 15Вт (напряжение 220В)<br />- Площадь освещения: до 8 м?<br /><br /><strong>Преимущества:</strong><br />- Собственное производство полного цикла на Урале.<br />- Гарантия 3 года, срок службы до 5 лет.<br />- Простой монтаж, крепёж в комплекте.<br />- Бренд УСВЕТА — проверенное качество в массовом сегменте.<br /><br /><br />Сертификаты соответствия и декларации о соответствии на продукцию: <a href=""https://usveta.ru/cerificate"" target=""_blank"" rel=""noopener"">https://usveta.ru/cerificate</a>";https://static.tildacdn.com/stor3834-3261-4466-b235-633639623437/71cc9553ce89c9c4370ec3d69178935a.jpg;1113.00;0;1999;;;Ee2ruvb3o55crkOTDAz6;;1;;"металл, пластик";Белый;"15Вт (напряжение 220В)";"Под планку";"358х137х358 мм";"3 года (срок эксплуатации 5 лет)";Россия;;;;;;890;330;320;175;"Светильник подвесной лофт, 1 лампа, белый, арт. 2526/1 | УСВЕТА";"Светильник подвесной лофт, белый. 1 рожок с цоколем E27, площадь освещения до 8 м?, мощность до 15 Вт. Подходит на кухню, в гостиную и над столом. Производство и гарантия УСВЕТА.";"светильник подвесной, светильник потолочный подвесной, люстра подвесная, светильник подвесной потолочный, подвесной светильник, светильник на кухню, светильник подвесной белый, купить светильник подвесной, светильник подвесной для натяжного потолка";"Подвесной светильник в стиле лофт, белый — УСВЕТА";"Подвесной светильник в стиле лофт (белый) от производителя. Подходит на кухню, в гостиную и над обеденным столом. Гарантия завода, доставка по России."
352924113793;УСВЕТА;"2526/1 Вудтоп Муар Графит+Графит";;"Подвесной светильник";"Подвесной светильник вудтоп муар графит + графит | УСВЕТА";"Подвесной светильник в стиле лофт, графит, 1 рожок E27. Освещение до 8 м?. Подходит на кухню, в гостиную и над обеденным столом. Производство УСВЕТА.";"<strong>Подвесной светильник в стиле лофт, графит</strong> — акцентный свет над столом и в зоне отдыха, на кухню, в гостиную и над обеденным столом.<br /><br /><strong>Характеристики:</strong><br />- Цвет: графит<br />- Материал: металл, пластик<br />- Количество ламп: 1 шт., цоколь E27<br />- Допустимая мощность: 15Вт (напряжение 220В)<br />- Площадь освещения: до 8 м?<br /><br /><strong>Преимущества:</strong><br />- Собственное производство полного цикла на Урале.<br />- Гарантия 3 года, срок службы до 5 лет.<br />- Простой монтаж, крепёж в комплекте.<br />- Бренд УСВЕТА — проверенное качество в массовом сегменте.<br /><br /><br />Сертификаты соответствия и декларации о соответствии на продукцию: <a href=""https://usveta.ru/cerificate"" target=""_blank"" rel=""noopener"">https://usveta.ru/cerificate</a>";https://static.tildacdn.com/stor3938-6433-4738-a363-313936393132/e0e1083f60893759e39beb1a1bdfe5ba.jpg;1086.00;9;1999;;;NbJ6dHDO9RC8jdh1ZzL6;;1;;"металл, пластик";Графит;"15Вт (напряжение 220В)";"Под планку";"358х137х358 мм";"3 года (срок эксплуатации 5 лет)";Россия;;;;;;890;330;320;175;"Светильник подвесной лофт, 1 лампа, графит, арт. 2526/1 | УСВЕТА";"Светильник подвесной лофт, графит. 1 рожок с цоколем E27, площадь освещения до 8 м?, мощность до 15 Вт. Подходит на кухню, в гостиную и над столом. Производство и гарантия УСВЕТА.";"светильник подвесной, светильник потолочный подвесной, люстра подвесная, светильник подвесной потолочный, подвесной светильник, светильник на кухню, светильник подвесной графит, купить светильник подвесной, светильник подвесной для натяжного потолка";"Подвесной светильник в стиле лофт, графит — УСВЕТА";"Подвесной светильник в стиле лофт (графит) от производителя. Подходит на кухню, в гостиную и над обеденным столом. Гарантия завода, доставка по России."
840718146013;УСВЕТА;"2526/1 Вудтоп Муар Черный+Белый";;"Подвесной светильник";"Подвесной светильник вудтоп муар черный + белый | УСВЕТА";"Подвесной светильник в стиле лофт, чёрный, 1 рожок E27. Освещение до 8 м?. Подходит на кухню, в гостиную и над обеденным столом. Производство УСВЕТА.";"<strong>Подвесной светильник в стиле лофт, чёрный</strong> — акцентный свет над столом и в зоне отдыха, на кухню, в гостиную и над обеденным столом.<br /><br /><strong>Характеристики:</strong><br />- Цвет: чёрный<br />- Материал: металл, пластик<br />- Количество ламп: 1 шт., цоколь E27<br />- Допустимая мощность: 15Вт (напряжение 220В)<br />- Площадь освещения: до 8 м?<br /><br /><strong>Преимущества:</strong><br />- Собственное производство полного цикла на Урале.<br />- Гарантия 3 года, срок службы до 5 лет.<br />- Простой монтаж, крепёж в комплекте.<br />- Бренд УСВЕТА — проверенное качество в массовом сегменте.<br /><br /><br />Сертификаты соответствия и декларации о соответствии на продукцию: <a href=""https://usveta.ru/cerificate"" target=""_blank"" rel=""noopener"">https://usveta.ru/cerificate</a>";https://static.tildacdn.com/stor3235-3934-4265-a338-303333646466/3762b3730b480ca05bde326f17aaceca.jpg;1156.00;10;1999;;;2uZlxR48UMIXVO8Sjhp4;;1;;"металл, пластик";Черный;"15Вт (напряжение 220В)";"Под планку";"358х137х358 мм";"3 года (срок эксплуатации 5 лет)";Россия;;;;;;890;330;320;175;"Светильник подвесной лофт, 1 лампа, чёрный, арт. 2526/1 | УСВЕТА";"Светильник подвесной лофт, чёрный. 1 рожок с цоколем E27, площадь освещения до 8 м?, мощность до 15 Вт. Подходит на кухню, в гостиную и над столом. Производство и гарантия УСВЕТА.";"светильник подвесной, светильник потолочный подвесной, люстра подвесная, светильник подвесной потолочный, подвесной светильник, светильник на кухню, светильник подвесной чёрный, купить светильник подвесной, светильник подвесной для натяжного потолка";"Подвесной светильник в стиле лофт, чёрный — УСВЕТА";"Подвесной светильник в стиле лофт (чёрный) от производителя. Подходит на кухню, в гостиную и над обеденным столом. Гарантия завода, доставка по России."
106121497763;УСВЕТА;"2526/1 Вудтоп Муар Черный+Золото";;"Подвесной светильник";"Подвесной светильник вудтоп муар черный + олото | УСВЕТА";"Подвесной светильник в стиле лофт, чёрный, 1 рожок E27. Освещение до 8 м?. Подходит на кухню, в гостиную и над обеденным столом. Производство УСВЕТА.";"<strong>Подвесной светильник в стиле лофт, чёрный</strong> — акцентный свет над столом и в зоне отдыха, на кухню, в гостиную и над обеденным столом.<br /><br /><strong>Характеристики:</strong><br />- Цвет: чёрный<br />- Материал: металл, пластик<br />- Количество ламп: 1 шт., цоколь E27<br />- Допустимая мощность: 15Вт (напряжение 220В)<br />- Площадь освещения: до 8 м?<br /><br /><strong>Преимущества:</strong><br />- Собственное производство полного цикла на Урале.<br />- Гарантия 3 года, срок службы до 5 лет.<br />- Простой монтаж, крепёж в комплекте.<br />- Бренд УСВЕТА — проверенное качество в массовом сегменте.<br /><br /><br />Сертификаты соответствия и декларации о соответствии на продукцию: <a href=""https://usveta.ru/cerificate"" target=""_blank"" rel=""noopener"">https://usveta.ru/cerificate</a>";https://static.tildacdn.com/stor3164-6634-4037-a231-346235643965/ba221875891af7e34db106c9394b07b8.jpg;1183.00;2;1999;;;8XAtJGLljEj3uySNdyub;;1;;"металл, пластик";Черный;"15Вт (напряжение 220В)";"Под планку";"358х137х358 мм";"3 года (срок эксплуатации 5 лет)";Россия;;;;;;890;330;320;175;"Светильник подвесной лофт, 1 лампа, чёрный, арт. 2526/1 | УСВЕТА";"Светильник подвесной лофт, чёрный. 1 рожок с цоколем E27, площадь освещения до 8 м?, мощность до 15 Вт. Подходит на кухню, в гостиную и над столом. Производство и гарантия УСВЕТА.";"светильник подвесной, светильник потолочный подвесной, люстра подвесная, светильник подвесной потолочный, подвесной светильник, светильник на кухню, светильник подвесной чёрный, купить светильник подвесной, светильник подвесной для натяжного потолка";"Подвесной светильник в стиле лофт, чёрный — УСВЕТА";"Подвесной светильник в стиле лофт (чёрный) от производителя. Подходит на кухню, в гостиную и над обеденным столом. Гарантия завода, доставка по России."
672806654423;УСВЕТА;"2526/1 Черный";;"Подвесной светильник";"Светильник подвесной на кухню, люстра потолочная УСВЕТА Черный, Е27";"Подвесной светильник, чёрный, 1 рожок E27. Освещение до 8 м?. Подходит на кухню, в гостиную и над обеденным столом. Производство УСВЕТА.";"<strong>Подвесной светильник, чёрный</strong> — акцентный свет над столом и в зоне отдыха, на кухню, в гостиную и над обеденным столом.<br /><br /><strong>Характеристики:</strong><br />- Цвет: чёрный<br />- Материал: металл, пластик<br />- Количество ламп: 1 шт., цоколь E27<br />- Допустимая мощность: 15Вт (напряжение 220В)<br />- Площадь освещения: до 8 м?<br /><br /><strong>Преимущества:</strong><br />- Собственное производство полного цикла на Урале.<br />- Гарантия 3 года, срок службы до 5 лет.<br />- Простой монтаж, крепёж в комплекте.<br />- Бренд УСВЕТА — проверенное качество в массовом сегменте.<br /><br /><br />Сертификаты соответствия и декларации о соответствии на продукцию: <a href=""https://usveta.ru/cerificate"" target=""_blank"" rel=""noopener"">https://usveta.ru/cerificate</a>";https://static.tildacdn.com/stor3633-3039-4238-a164-346664396434/46681e5332e0e3d841046b99eb0d37a0.jpg;1052.00;50;1999;;;HPeuxBGhk3Hc0DxX8eu0;;1;E27;"металл, пластик";Черный;"15Вт (напряжение 220В)";"Под планку";"358х137х358 мм";"3 года (срок эксплуатации 5 лет)";Россия;;;;;;860;330;320;175;"Светильник подвесной с регулировкой высоты, 1хE27, чёрный | УСВЕТА";"Светильник подвесной с регулировкой высоты, чёрный. 1 рожок с цоколем E27, площадь освещения до 8 м?, мощность до 15 Вт. Подходит на кухню, в гостиную и над столом. Производство и гарантия УСВЕТА.";"светильник подвесной, светильник потолочный подвесной, люстра подвесная, светильник подвесной потолочный, подвесной светильник, светильник на кухню, светильник подвесной чёрный, купить светильник подвесной, светильник подвесной для натяжного потолка";"Подвесной светильник, чёрный — УСВЕТА";"Подвесной светильник (чёрный) от производителя. Подходит на кухню, в гостиную и над обеденным столом. Гарантия завода, доставка по России."
430969700143;УСВЕТА;"2535/1 Белый";;"Подвесной светильник";"Светильник подвесной потолочный на кухню УСВЕТА Лофт Белый, Е14";"Подвесной светильник в стиле лофт, белый, 1 рожок E27. Освещение до 8 м?. Подходит на кухню, в гостиную и над обеденным столом. Производство УСВЕТА.";"<strong>Подвесной светильник в стиле лофт, белый</strong> — акцентный свет над столом и в зоне отдыха, на кухню, в гостиную и над обеденным столом.<br /><br /><strong>Характеристики:</strong><br />- Цвет: белый<br />- Материал: металл, пластик<br />- Количество ламп: 1 шт., цоколь E14<br />- Допустимая мощность: 15Вт (напряжение 220В)<br />- Площадь освещения: до 8 м?<br /><br /><strong>Преимущества:</strong><br />- Собственное производство полного цикла на Урале.<br />- Гарантия 3 года, срок службы до 5 лет.<br />- Простой монтаж, крепёж в комплекте.<br />- Бренд УСВЕТА — проверенное качество в массовом сегменте.<br /><br /><br />Сертификаты соответствия и декларации о соответствии на продукцию: <a href=""https://usveta.ru/cerificate"" target=""_blank"" rel=""noopener"">https://usveta.ru/cerificate</a>";https://static.tildacdn.com/stor6437-3935-4031-b435-626235306334/3d20d0c8aadb98a8c8bfe83629ff7fef.jpg;1235.00;32;1999;;;uDtoN16M4C5TgY08JE9P;;1;E14;"металл, пластик";Белый;"15Вт (напряжение 220В)";"Крепление под крюк";"335х241х335 мм";"3 года (срок эксплуатации 5 лет)";Россия;;;;;;450;365;365;260;"Светильник подвесной лофт, 1хE14, белый, арт. 2535/1 | УСВЕТА";"Светильник подвесной лофт, белый. 1 рожок с цоколем E14, площадь освещения до 8 м?, мощность до 15 Вт. Подходит на кухню, в гостиную и над столом. Производство и гарантия УСВЕТА.";"светильник подвесной, светильник потолочный подвесной, люстра подвесная, светильник подвесной потолочный, подвесной светильник, светильник на кухню, светильник подвесной белый, купить светильник подвесной, светильник подвесной для натяжного потолка";"Подвесной светильник в стиле лофт, белый — УСВЕТА";"Подвесной светильник в стиле лофт (белый) от производителя. Подходит на кухню, в гостиную и над обеденным столом. Гарантия завода, доставка по России."
127635115283;УСВЕТА;"2535/1 Вудтоп Муар Белый+Белый";;"Подвесной светильник";"Подвесной светильник белый | УСВЕТА";"Подвесной светильник в стиле лофт, белый, 1 рожок E27. Освещение до 8 м?. Подходит на кухню, в гостиную и над обеденным столом. Производство УСВЕТА.";"<strong>Подвесной светильник в стиле лофт, белый</strong> — акцентный свет над столом и в зоне отдыха, на кухню, в гостиную и над обеденным столом.<br /><br /><strong>Характеристики:</strong><br />- Цвет: белый<br />- Материал: металл, пластик<br />- Количество ламп: 1 шт., цоколь E27<br />- Допустимая мощность: 15Вт (напряжение 220В)<br />- Площадь освещения: до 8 м?<br /><br /><strong>Преимущества:</strong><br />- Собственное производство полного цикла на Урале.<br />- Гарантия 3 года, срок службы до 5 лет.<br />- Простой монтаж, крепёж в комплекте.<br />- Бренд УСВЕТА — проверенное качество в массовом сегменте.<br /><br /><br />Сертификаты соответствия и декларации о соответствии на продукцию: <a href=""https://usveta.ru/cerificate"" target=""_blank"" rel=""noopener"">https://usveta.ru/cerificate</a>";https://static.tildacdn.com/stor6461-3766-4563-b863-373633663533/5b32d2ed3f281e9d48e54bac7c1d0a6c.jpg;1261.00;3;1999;;;DDN1KTCYgOcgAnJI9ymO;;1;;"металл, пластик";Белый;"15Вт (напряжение 220В)";"Крепление под крюк";"335х241х335 мм";"3 года (срок эксплуатации 5 лет)";Россия;;;;;;480;365;365;260;"Светильник подвесной лофт, 1 лампа, белый, арт. 2535/1 | УСВЕТА";"Светильник подвесной лофт, белый. 1 рожок с цоколем E27, площадь освещения до 8 м?, мощность до 15 Вт. Подходит на кухню, в гостиную и над столом. Производство и гарантия УСВЕТА.";"светильник подвесной, светильник потолочный подвесной, люстра подвесная, светильник подвесной потолочный, подвесной светильник, светильник на кухню, светильник подвесной белый, купить светильник подвесной, светильник подвесной для натяжного потолка";"Подвесной светильник в стиле лофт, белый — УСВЕТА";"Подвесной светильник в стиле лофт (белый) от производителя. Подходит на кухню, в гостиную и над обеденным столом. Гарантия завода, доставка по России."
484808764653;УСВЕТА;"2535/1 Вудтоп Муар Графит+Графит";;"Подвесной светильник";"Подвесной светильник вудтоп муар белый + белый | УСВЕТА";"Подвесной светильник в стиле лофт, белый, 1 рожок E27. Освещение до 8 м?. Подходит на кухню, в гостиную и над обеденным столом. Производство УСВЕТА.";"<strong>Подвесной светильник в стиле лофт, белый</strong> — акцентный свет над столом и в зоне отдыха, на кухню, в гостиную и над обеденным столом.<br /><br /><strong>Характеристики:</strong><br />- Цвет: белый<br />- Материал: металл, пластик<br />- Количество ламп: 1 шт., цоколь E27<br />- Допустимая мощность: 15Вт (напряжение 220В)<br />- Площадь освещения: до 8 м?<br /><br /><strong>Преимущества:</strong><br />- Собственное производство полного цикла на Урале.<br />- Гарантия 3 года, срок службы до 5 лет.<br />- Простой монтаж, крепёж в комплекте.<br />- Бренд УСВЕТА — проверенное качество в массовом сегменте.<br /><br /><br />Сертификаты соответствия и декларации о соответствии на продукцию: <a href=""https://usveta.ru/cerificate"" target=""_blank"" rel=""noopener"">https://usveta.ru/cerificate</a>";https://static.tildacdn.com/stor6533-6437-4339-a632-313465396639/3c9db704edb1f820d621978e0bd40057.jpg;1255.00;9;1999;;;32b7Zi5m0sX5GX92zBx7;;1;;"металл, пластик";Белый;"15Вт (напряжение 220В)";"Крепление под крюк";"335х241х335 мм";"3 года (срок эксплуатации 5 лет)";Россия;;;;;;480;365;365;260;"Светильник подвесной лофт, 1 лампа, белый, арт. 2535/1 | УСВЕТА";"Светильник подвесной лофт, белый. 1 рожок с цоколем E27, площадь освещения до 8 м?, мощность до 15 Вт. Подходит на кухню, в гостиную и над столом. Производство и гарантия УСВЕТА.";"светильник подвесной, светильник потолочный подвесной, люстра подвесная, светильник подвесной потолочный, подвесной светильник, светильник на кухню, светильник подвесной белый, купить светильник подвесной, светильник подвесной для натяжного потолка";"Подвесной светильник в стиле лофт, белый — УСВЕТА";"Подвесной светильник в стиле лофт (белый) от производителя. Подходит на кухню, в гостиную и над обеденным столом. Гарантия завода, доставка по России."
591503231953;УСВЕТА;"2535/1 Вудтоп Муар Черный+Белый";;"Подвесной светильник";"Подвесной светильник вудтоп муар черный + белый | УСВЕТА";"Подвесной светильник в стиле лофт, чёрный, 1 рожок E27. Освещение до 8 м?. Подходит на кухню, в гостиную и над обеденным столом. Производство УСВЕТА.";"<strong>Подвесной светильник в стиле лофт, чёрный</strong> — акцентный свет над столом и в зоне отдыха, на кухню, в гостиную и над обеденным столом.<br /><br /><strong>Характеристики:</strong><br />- Цвет: чёрный<br />- Материал: металл, пластик<br />- Количество ламп: 1 шт., цоколь E27<br />- Допустимая мощность: 15Вт (напряжение 220В)<br />- Площадь освещения: до 8 м?<br /><br /><strong>Преимущества:</strong><br />- Собственное производство полного цикла на Урале.<br />- Гарантия 3 года, срок службы до 5 лет.<br />- Простой монтаж, крепёж в комплекте.<br />- Бренд УСВЕТА — проверенное качество в массовом сегменте.<br /><br /><br />Сертификаты соответствия и декларации о соответствии на продукцию: <a href=""https://usveta.ru/cerificate"" target=""_blank"" rel=""noopener"">https://usveta.ru/cerificate</a>";https://static.tildacdn.com/stor6161-6631-4464-b238-633364633564/e14d41089762655adc9c77a012d406a6.jpg;1323.00;4;1999;;;vnpHMYGTuFjMLP0On4pI;;1;;"металл, пластик";Черный;"15Вт (напряжение 220В)";"Крепление под крюк";"335х241х335 мм";"3 года (срок эксплуатации 5 лет)";Россия;;;;;;480;365;365;260;"Светильник подвесной лофт, 1 лампа, чёрный, арт. 2535/1 | УСВЕТА";"Светильник подвесной лофт, чёрный. 1 рожок с цоколем E27, площадь освещения до 8 м?, мощность до 15 Вт. Подходит на кухню, в гостиную и над столом. Производство и гарантия УСВЕТА.";"светильник подвесной, светильник потолочный подвесной, люстра подвесная, светильник подвесной потолочный, подвесной светильник, светильник на кухню, светильник подвесной чёрный, купить светильник подвесной, светильник подвесной для натяжного потолка";"Подвесной светильник в стиле лофт, чёрный — УСВЕТА";"Подвесной светильник в стиле лофт (чёрный) от производителя. Подходит на кухню, в гостиную и над обеденным столом. Гарантия завода, доставка по России."
809752574893;УСВЕТА;"2535/1 Вудтоп Муар Черный+Золото";;"Подвесной светильник";"Светильник подвесной УСВЕТА Лофт Вудтоп Черно-золотой, Е14, 40 Вт";"Подвесной светильник в стиле лофт, чёрный, 1 рожок E27. Освещение до 8 м?. Подходит на кухню, в гостиную и над обеденным столом. Производство УСВЕТА.";"<strong>Подвесной светильник в стиле лофт, чёрный</strong> — акцентный свет над столом и в зоне отдыха, на кухню, в гостиную и над обеденным столом.<br /><br /><strong>Характеристики:</strong><br />- Цвет: чёрный<br />- Материал: металл, пластик<br />- Количество ламп: 1 шт., цоколь E14<br />- Допустимая мощность: 15Вт (напряжение 220В)<br />- Площадь освещения: до 8 м?<br /><br /><strong>Преимущества:</strong><br />- Собственное производство полного цикла на Урале.<br />- Гарантия 3 года, срок службы до 5 лет.<br />- Простой монтаж, крепёж в комплекте.<br />- Бренд УСВЕТА — проверенное качество в массовом сегменте.<br /><br /><br />Сертификаты соответствия и декларации о соответствии на продукцию: <a href=""https://usveta.ru/cerificate"" target=""_blank"" rel=""noopener"">https://usveta.ru/cerificate</a>";https://static.tildacdn.com/stor6139-6135-4139-b565-656265353763/b059bc8a84e62f19489c34d9b870a3d4.jpg;1314.00;19;1999;;;Ugsh0omLz9Lu0VOBAAU2;;1;E14;"металл, пластик";Черный;"15Вт (напряжение 220В)";"Крепление под крюк";"335х241х335 мм";"3 года (срок эксплуатации 5 лет)";Россия;;;;;;480;365;365;260;"Светильник подвесной лофт, 1хE14, чёрный, арт. 2535/1 | УСВЕТА";"Светильник подвесной лофт, чёрный. 1 рожок с цоколем E14, площадь освещения до 8 м?, мощность до 15 Вт. Подходит на кухню, в гостиную и над столом. Производство и гарантия УСВЕТА.";"светильник подвесной, светильник потолочный подвесной, люстра подвесная, светильник подвесной потолочный, подвесной светильник, светильник на кухню, светильник подвесной чёрный, купить светильник подвесной, светильник подвесной для натяжного потолка";"Подвесной светильник в стиле лофт, чёрный — УСВЕТА";"Подвесной светильник в стиле лофт (чёрный) от производителя. Подходит на кухню, в гостиную и над обеденным столом. Гарантия завода, доставка по России."
994699348993;УСВЕТА;"2535/1 Хром";;"Подвесной светильник";"Светильник подвесной потолочный на кухню УСВЕТА Лофт Хром, Е14";"Подвесной светильник в стиле лофт, хром, 1 рожок E27. Освещение до 8 м?. Подходит на кухню, в гостиную и над обеденным столом. Производство УСВЕТА.";"<strong>Подвесной светильник в стиле лофт, хром</strong> — акцентный свет над столом и в зоне отдыха, на кухню, в гостиную и над обеденным столом.<br /><br /><strong>Характеристики:</strong><br />- Цвет: хром<br />- Материал: металл, пластик<br />- Количество ламп: 1 шт., цоколь E14<br />- Допустимая мощность: 15Вт (напряжение 220В)<br />- Площадь освещения: до 8 м?<br /><br /><strong>Преимущества:</strong><br />- Собственное производство полного цикла на Урале.<br />- Гарантия 3 года, срок службы до 5 лет.<br />- Простой монтаж, крепёж в комплекте.<br />- Бренд УСВЕТА — проверенное качество в массовом сегменте.<br /><br /><br />Сертификаты соответствия и декларации о соответствии на продукцию: <a href=""https://usveta.ru/cerificate"" target=""_blank"" rel=""noopener"">https://usveta.ru/cerificate</a>";https://static.tildacdn.com/stor3039-3031-4762-b034-393765316161/be422efc66fde5a50fcc96045e87dbea.jpg;1343.00;50;2499;;;j65uo0328rGtJc6i35ou;;1;E14;"металл, пластик";Хром;"15Вт (напряжение 220В)";"Крепление под крюк";"335х241х335 мм";"3 года (срок эксплуатации 5 лет)";Россия;;;;;;450;365;365;260;"Светильник подвесной лофт, 1хE14, хром, арт. 2535/1 | УСВЕТА";"Светильник подвесной лофт, хром. 1 рожок с цоколем E14, площадь освещения до 8 м?, мощность до 15 Вт. Подходит на кухню, в гостиную и над столом. Производство и гарантия УСВЕТА.";"светильник подвесной, светильник потолочный подвесной, люстра подвесная, светильник подвесной потолочный, подвесной светильник, светильник на кухню, светильник подвесной хром, купить светильник подвесной, светильник подвесной для натяжного потолка";"Подвесной светильник в стиле лофт, хром — УСВЕТА";"Подвесной светильник в стиле лофт (хром) от производителя. Подходит на кухню, в гостиную и над обеденным столом. Гарантия завода, доставка по России."
984331957373;УСВЕТА;"2535/1 Черный";;"Подвесной светильник";"Светильник подвесной потолочный на кухню УСВЕТА Лофт Черный, Е14";"Подвесной светильник в стиле лофт, чёрный, 1 рожок E27. Освещение до 8 м?. Подходит на кухню, в гостиную и над обеденным столом. Производство УСВЕТА.";"<strong>Подвесной светильник в стиле лофт, чёрный</strong> — акцентный свет над столом и в зоне отдыха, на кухню, в гостиную и над обеденным столом.<br /><br /><strong>Характеристики:</strong><br />- Цвет: чёрный<br />- Материал: металл, пластик<br />- Количество ламп: 1 шт., цоколь E14<br />- Допустимая мощность: 15Вт (напряжение 220В)<br />- Площадь освещения: до 8 м?<br /><br /><strong>Преимущества:</strong><br />- Собственное производство полного цикла на Урале.<br />- Гарантия 3 года, срок службы до 5 лет.<br />- Простой монтаж, крепёж в комплекте.<br />- Бренд УСВЕТА — проверенное качество в массовом сегменте.<br /><br /><br />Сертификаты соответствия и декларации о соответствии на продукцию: <a href=""https://usveta.ru/cerificate"" target=""_blank"" rel=""noopener"">https://usveta.ru/cerificate</a>";https://static.tildacdn.com/stor6339-3534-4435-a534-633636346236/2f39f22e07ed676519a3b721e55e85b1.jpg;1295.00;36;1999;;;y9PX1bUzeVfCumAHLCts;;1;E14;"металл, пластик";Черный;"15Вт (напряжение 220В)";"Крепление под крюк";"335х241х335 мм";"3 года (срок эксплуатации 5 лет)";Россия;;;;;;450;365;365;260;"Светильник подвесной лофт, 1хE14, чёрный, арт. 2535/1 | УСВЕТА";"Светильник подвесной лофт, чёрный. 1 рожок с цоколем E14, площадь освещения до 8 м?, мощность до 15 Вт. Подходит на кухню, в гостиную и над столом. Производство и гарантия УСВЕТА.";"светильник подвесной, светильник потолочный подвесной, люстра подвесная, светильник подвесной потолочный, подвесной светильник, светильник на кухню, светильник подвесной чёрный, купить светильник подвесной, светильник подвесной для натяжного потолка";"Подвесной светильник в стиле лофт, чёрный — УСВЕТА";"Подвесной светильник в стиле лофт (чёрный) от производителя. Подходит на кухню, в гостиную и над обеденным столом. Гарантия завода, доставка по России."
563186501563;УСВЕТА;"2537/1 Белый";;"Подвесной светильник";"Светильник подвесной УСВЕТА Лофт Белый, Е27, 40 Вт";"Подвесной светильник в стиле лофт, белый, 1 рожок E27. Освещение до 8 м?. Подходит на кухню, в гостиную и над обеденным столом. Производство УСВЕТА.";"<strong>Подвесной светильник в стиле лофт, белый</strong> — акцентный свет над столом и в зоне отдыха, на кухню, в гостиную и над обеденным столом.<br /><br /><strong>Характеристики:</strong><br />- Цвет: белый<br />- Материал: металл, пластик<br />- Количество ламп: 1 шт., цоколь E27<br />- Допустимая мощность: 15Вт (напряжение 220В)<br />- Площадь освещения: до 8 м?<br /><br /><strong>Преимущества:</strong><br />- Собственное производство полного цикла на Урале.<br />- Гарантия 3 года, срок службы до 5 лет.<br />- Простой монтаж, крепёж в комплекте.<br />- Бренд УСВЕТА — проверенное качество в массовом сегменте.<br /><br /><br />Сертификаты соответствия и декларации о соответствии на продукцию: <a href=""https://usveta.ru/cerificate"" target=""_blank"" rel=""noopener"">https://usveta.ru/cerificate</a>";https://static.tildacdn.com/stor6262-6330-4264-a336-666238633836/8709e60b24fdb21f5bc4fed58ae44b45.jpg;1960.00;50;2999;;;5FCKjGJLPEExy5CS4IFb;;1;E27;"металл, пластик";Белый;"15Вт (напряжение 220В)";"Крепление под крюк";"375х270х375 мм";"3 года (срок эксплуатации 5 лет)";Россия;;;;;;570;400;212;400;"Светильник подвесной лофт, 1хE27, белый, арт. 2537/1 | УСВЕТА";"Светильник подвесной лофт, белый. 1 рожок с цоколем E27, площадь освещения до 8 м?, мощность до 15 Вт. Подходит на кухню, в гостиную и над столом. Производство и гарантия УСВЕТА.";"светильник подвесной, светильник потолочный подвесной, люстра подвесная, светильник подвесной потолочный, подвесной светильник, светильник на кухню, светильник подвесной белый, купить светильник подвесной, светильник подвесной для натяжного потолка";"Подвесной светильник в стиле лофт, белый — УСВЕТА";"Подвесной светильник в стиле лофт (белый) от производителя. Подходит на кухню, в гостиную и над обеденным столом. Гарантия завода, доставка по России."
878822069113;УСВЕТА;"2537/1 Черный";;"Подвесной светильник";"Светильник подвесной УСВЕТА Лофт Черный, Е27, 40 Вт";"Подвесной светильник в стиле лофт, чёрный, 1 рожок E27. Освещение до 8 м?. Подходит на кухню, в гостиную и над обеденным столом. Производство УСВЕТА.";"<strong>Подвесной светильник в стиле лофт, чёрный</strong> — акцентный свет над столом и в зоне отдыха, на кухню, в гостиную и над обеденным столом.<br /><br /><strong>Характеристики:</strong><br />- Цвет: чёрный<br />- Материал: металл, пластик<br />- Количество ламп: 1 шт., цоколь E27<br />- Допустимая мощность: 15Вт (напряжение 220В)<br />- Площадь освещения: до 8 м?<br /><br /><strong>Преимущества:</strong><br />- Собственное производство полного цикла на Урале.<br />- Гарантия 3 года, срок службы до 5 лет.<br />- Простой монтаж, крепёж в комплекте.<br />- Бренд УСВЕТА — проверенное качество в массовом сегменте.<br /><br /><br />Сертификаты соответствия и декларации о соответствии на продукцию: <a href=""https://usveta.ru/cerificate"" target=""_blank"" rel=""noopener"">https://usveta.ru/cerificate</a>";https://static.tildacdn.com/stor6662-6361-4064-b439-653537643237/daa50e150338b965838c0bbd0739906b.jpg;1981.00;12;2999;;;H8EnUxvp4Plu33fdKm5F;;1;E27;"металл, пластик";Черный;"15Вт (напряжение 220В)";"Крепление под крюк";"375х270х375 мм";"3 года (срок эксплуатации 5 лет)";Россия;;;;;;570;212;400;400;"Светильник подвесной лофт, 1хE27, чёрный, арт. 2537/1 | УСВЕТА";"Светильник подвесной лофт, чёрный. 1 рожок с цоколем E27, площадь освещения до 8 м?, мощность до 15 Вт. Подходит на кухню, в гостиную и над столом. Производство и гарантия УСВЕТА.";"светильник подвесной, светильник потолочный подвесной, люстра подвесная, светильник подвесной потолочный, подвесной светильник, светильник на кухню, светильник подвесной чёрный, купить светильник подвесной, светильник подвесной для натяжного потолка";"Подвесной светильник в стиле лофт, чёрный — УСВЕТА";"Подвесной светильник в стиле лофт (чёрный) от производителя. Подходит на кухню, в гостиную и над обеденным столом. Гарантия завода, доставка по России."
892139542183;УСВЕТА;"2538/1 Белый";;"Подвесной светильник";"Подвесной светильник белый | УСВЕТА";"Подвесной светильник, белый, 1 рожок E27. Подходит на кухню, в гостиную и над обеденным столом. Производство УСВЕТА.";"<strong>Подвесной светильник, белый</strong> — акцентный свет над столом и в зоне отдыха, на кухню, в гостиную и над обеденным столом.<br /><br /><strong>Характеристики:</strong><br />- Цвет: белый<br />- Материал: металл, пластик<br />- Количество ламп: 1 шт., цоколь E27<br />- Допустимая мощность: 15Вт (напряжение 220В)<br /><br /><strong>Преимущества:</strong><br />- Собственное производство полного цикла на Урале.<br />- Гарантия 3 года, срок службы до 5 лет.<br />- Простой монтаж, крепёж в комплекте.<br />- Бренд УСВЕТА — проверенное качество в массовом сегменте.<br /><br /><br />Сертификаты соответствия и декларации о соответствии на продукцию: <a href=""https://usveta.ru/cerificate"" target=""_blank"" rel=""noopener"">https://usveta.ru/cerificate</a>";https://static.tildacdn.com/stor3131-3431-4335-b164-343163396337/c329a281bff2b8aaed5ee2da26d65dce.jpg;955.00;50;1499;;;Ms1IKUZ6uRu7f10Zmrp6;;1;;"металл, пластик";Белый;"15Вт (напряжение 220В)";"Крепление под крюк";"250х185х250 мм";"3 года (срок эксплуатации 5 лет)";Россия;;;;;;550;260;260;200;"Светильник подвесной, 1 лампа, белый, арт. 2538/1 | УСВЕТА";"Светильник подвесной, белый. 1 рожок с цоколем E27, мощность до 15 Вт. Подходит на кухню, в гостиную и над столом. Производство и гарантия УСВЕТА.";"светильник подвесной, светильник потолочный подвесной, люстра подвесная, светильник подвесной потолочный, подвесной светильник, светильник на кухню, светильник подвесной белый, купить светильник подвесной";"Подвесной светильник, белый — УСВЕТА";"Подвесной светильник (белый) от производителя. Подходит на кухню, в гостиную и над обеденным столом. Гарантия завода, доставка по России."
613919458473;УСВЕТА;"2538/1 Коричневый";;"Подвесной светильник";"Подвесной светильник коричневый | УСВЕТА";"Подвесной светильник в стиле лофт, коричневый, 1 рожок E27. Освещение до 8 м?. Подходит на кухню, в гостиную и над обеденным столом. Производство УСВЕТА.";"<strong>Подвесной светильник в стиле лофт, коричневый</strong> — акцентный свет над столом и в зоне отдыха, на кухню, в гостиную и над обеденным столом.<br /><br /><strong>Характеристики:</strong><br />- Цвет: коричневый<br />- Материал: металл, пластик<br />- Количество ламп: 1 шт., цоколь E27<br />- Допустимая мощность: 15Вт (напряжение 220В)<br />- Площадь освещения: до 8 м?<br /><br /><strong>Преимущества:</strong><br />- Собственное производство полного цикла на Урале.<br />- Гарантия 3 года, срок службы до 5 лет.<br />- Простой монтаж, крепёж в комплекте.<br />- Бренд УСВЕТА — проверенное качество в массовом сегменте.<br /><br /><br />Сертификаты соответствия и декларации о соответствии на продукцию: <a href=""https://usveta.ru/cerificate"" target=""_blank"" rel=""noopener"">https://usveta.ru/cerificate</a>";https://static.tildacdn.com/stor3565-6161-4062-b737-333534343332/9d2c47b5361e3589f726f1d3fed78459.jpg;1044.00;50;1999;;;nTFlbLJnNMuYiunEBUUA;;1;;"металл, пластик";Коричневый;"15Вт (напряжение 220В)";"Крепление под крюк";"250х185х250 мм";"3 года (срок эксплуатации 5 лет)";Россия;;;;;;550;260;255;205;"Светильник подвесной лофт, 1 лампа, коричневый, арт. 2538/1 | УСВЕТА";"Светильник подвесной лофт, коричневый. 1 рожок с цоколем E27, площадь освещения до 8 м?, мощность до 15 Вт. Подходит на кухню, в гостиную и над столом. Производство и гарантия УСВЕТА.";"светильник подвесной, светильник потолочный подвесной, люстра подвесная, светильник подвесной потолочный, подвесной светильник, светильник на кухню, светильник подвесной коричневый, купить светильник подвесной, светильник подвесной для натяжного потолка";"Подвесной светильник в стиле лофт, коричневый — УСВЕТА";"Подвесной светильник в стиле лофт (коричневый) от производителя. Подходит на кухню, в гостиную и над обеденным столом. Гарантия завода, доставка по России."
864683799553;УСВЕТА;"2538/1 Черный";;"Подвесной светильник";"Подвесной светильник чёрный | УСВЕТА";"Подвесной светильник, чёрный, 1 рожок E27. Подходит на кухню, в гостиную и над обеденным столом. Производство УСВЕТА.";"<strong>Подвесной светильник, чёрный</strong> — акцентный свет над столом и в зоне отдыха, на кухню, в гостиную и над обеденным столом.<br /><br /><strong>Характеристики:</strong><br />- Цвет: чёрный<br />- Материал: металл, пластик<br />- Количество ламп: 1 шт., цоколь E27<br />- Допустимая мощность: 15Вт (напряжение 220В)<br /><br /><strong>Преимущества:</strong><br />- Собственное производство полного цикла на Урале.<br />- Гарантия 3 года, срок службы до 5 лет.<br />- Простой монтаж, крепёж в комплекте.<br />- Бренд УСВЕТА — проверенное качество в массовом сегменте.<br /><br /><br />Сертификаты соответствия и декларации о соответствии на продукцию: <a href=""https://usveta.ru/cerificate"" target=""_blank"" rel=""noopener"">https://usveta.ru/cerificate</a>";https://static.tildacdn.com/stor6461-3762-4932-a362-633632323936/831a848c0fcf0c8f68c05f14f7aa7267.jpg;1005.00;50;1999;;;bspUXIpttg7UXjZbEPnI;;1;;"металл, пластик";Черный;"15Вт (напряжение 220В)";"Крепление под крюк";"250х185х250 мм";"3 года (срок эксплуатации 5 лет)";Россия;;;;;;550;260;255;205;"Светильник подвесной, 1 лампа, чёрный, арт. 2538/1 | УСВЕТА";"Светильник подвесной, чёрный. 1 рожок с цоколем E27, мощность до 15 Вт. Подходит на кухню, в гостиную и над столом. Производство и гарантия УСВЕТА.";"светильник подвесной, светильник потолочный подвесной, люстра подвесная, светильник подвесной потолочный, подвесной светильник, светильник на кухню, светильник подвесной чёрный, купить светильник подвесной";"Подвесной светильник, чёрный — УСВЕТА";"Подвесной светильник (чёрный) от производителя. Подходит на кухню, в гостиную и над обеденным столом. Гарантия завода, доставка по России."
462971491393;УСВЕТА;"2539/1 Муар Белый+Белый";Хит;"Подвесной светильник";"Подвесной светильник в бар; Е27; белый";"Подвесной светильник в стиле лофт, белый, 1 рожок E27. Освещение до 6 м?. Подходит на кухню, в гостиную и над обеденным столом. Производство УСВЕТА.";"<strong>Подвесной светильник в стиле лофт, белый</strong> — акцентный свет над столом и в зоне отдыха, на кухню, в гостиную и над обеденным столом.<br /><br /><strong>Характеристики:</strong><br />- Цвет: белый<br />- Материал: металл, пластик<br />- Количество ламп: 1 шт., цоколь E27<br />- Допустимая мощность: 15Вт (напряжение 220В)<br />- Площадь освещения: до 6 м?<br /><br /><strong>Преимущества:</strong><br />- Собственное производство полного цикла на Урале.<br />- Гарантия 3 года, срок службы до 5 лет.<br />- Простой монтаж, крепёж в комплекте.<br />- Бренд УСВЕТА — проверенное качество в массовом сегменте.<br /><br /><br />Сертификаты соответствия и декларации о соответствии на продукцию: <a href=""https://usveta.ru/cerificate"" target=""_blank"" rel=""noopener"">https://usveta.ru/cerificate</a>";https://static.tildacdn.com/stor3531-3662-4566-b736-343430636463/d72c7bc9545f13d7844159d0d84b784b.jpg;980.00;50;1499;;;Ljxz3gGprb0j6RouNH8h;;1;E27;"металл, пластик";Белый;"15Вт (напряжение 220В)";"Под планку";"317х85х317 мм";"3 года (срок эксплуатации 5 лет)";Россия;;;;;;620;335;330;105;"Светильник подвесной лофт, 1хE27, белый, арт. 2539/1 | УСВЕТА";"Светильник подвесной лофт, белый. 1 рожок с цоколем E27, площадь освещения до 6 м?, мощность до 15 Вт. Подходит на кухню, в гостиную и над столом. Производство и гарантия УСВЕТА.";"светильник подвесной, светильник потолочный подвесной, люстра подвесная, светильник подвесной потолочный, подвесной светильник, светильник на кухню, светильник подвесной белый, купить светильник подвесной, светильник подвесной для натяжного потолка";"Подвесной светильник в стиле лофт, белый — УСВЕТА";"Подвесной светильник в стиле лофт (белый) от производителя. Подходит на кухню, в гостиную и над обеденным столом. Гарантия завода, доставка по России."
160269885923;УСВЕТА;"2539/1 Муар Черный+Черный";Хит;"Подвесной светильник";"Подвесной светильник в бар; Е27; черный";"Подвесной светильник в стиле лофт, чёрный, 1 рожок E27. Освещение до 6 м?. Подходит на кухню, в гостиную и над обеденным столом. Производство УСВЕТА.";"<strong>Подвесной светильник в стиле лофт, чёрный</strong> — акцентный свет над столом и в зоне отдыха, на кухню, в гостиную и над обеденным столом.<br /><br /><strong>Характеристики:</strong><br />- Цвет: чёрный<br />- Материал: металл, пластик<br />- Количество ламп: 1 шт., цоколь E27<br />- Допустимая мощность: 15Вт (напряжение 220В)<br />- Площадь освещения: до 6 м?<br /><br /><strong>Преимущества:</strong><br />- Собственное производство полного цикла на Урале.<br />- Гарантия 3 года, срок службы до 5 лет.<br />- Простой монтаж, крепёж в комплекте.<br />- Бренд УСВЕТА — проверенное качество в массовом сегменте.<br /><br /><br />Сертификаты соответствия и декларации о соответствии на продукцию: <a href=""https://usveta.ru/cerificate"" target=""_blank"" rel=""noopener"">https://usveta.ru/cerificate</a>";https://static.tildacdn.com/stor3230-6264-4464-b234-643761623264/73dc9a980c6a2062087ceb16b19436d0.jpg;980.00;50;1499;;;FuKlloHdkKeHE5f5o463;;1;E27;"металл, пластик";Черный;"15Вт (напряжение 220В)";"Под планку";"317х85х317 мм";"3 года (срок эксплуатации 5 лет)";Россия;;;;;;620;335;330;105;"Светильник подвесной лофт, 1хE27, чёрный, арт. 2539/1 | УСВЕТА";"Светильник подвесной лофт, чёрный. 1 рожок с цоколем E27, площадь освещения до 6 м?, мощность до 15 Вт. Подходит на кухню, в гостиную и над столом. Производство и гарантия УСВЕТА.";"светильник подвесной, светильник потолочный подвесной, люстра подвесная, светильник подвесной потолочный, подвесной светильник, светильник на кухню, светильник подвесной чёрный, купить светильник подвесной, светильник подвесной для натяжного потолка";"Подвесной светильник в стиле лофт, чёрный — УСВЕТА";"Подвесной светильник в стиле лофт (чёрный) от производителя. Подходит на кухню, в гостиную и над обеденным столом. Гарантия завода, доставка по России."
793840560833;УСВЕТА;"2539/1 Хром+Хром";Хит;"Подвесной светильник";"Подвесной светильник в бар; Е27; хром";"Подвесной светильник в стиле лофт, хром, 1 рожок E27. Освещение до 6 м?. Подходит на кухню, в гостиную и над обеденным столом. Производство УСВЕТА.";"<strong>Подвесной светильник в стиле лофт, хром</strong> — акцентный свет над столом и в зоне отдыха, на кухню, в гостиную и над обеденным столом.<br /><br /><strong>Характеристики:</strong><br />- Цвет: хром<br />- Материал: металл, пластик<br />- Количество ламп: 1 шт., цоколь E27<br />- Допустимая мощность: 15Вт (напряжение 220В)<br />- Площадь освещения: до 6 м?<br /><br /><strong>Преимущества:</strong><br />- Собственное производство полного цикла на Урале.<br />- Гарантия 3 года, срок службы до 5 лет.<br />- Простой монтаж, крепёж в комплекте.<br />- Бренд УСВЕТА — проверенное качество в массовом сегменте.<br /><br /><br />Сертификаты соответствия и декларации о соответствии на продукцию: <a href=""https://usveta.ru/cerificate"" target=""_blank"" rel=""noopener"">https://usveta.ru/cerificate</a>";https://static.tildacdn.com/stor3139-6666-4366-a430-363039356138/19e13c36d0ef68ae92c50f9adfc11c01.jpg;1160.00;2;1999;;;uoY0nfZudPitNGflSN5Y;;1;E27;"металл, пластик";Хром;"15Вт (напряжение 220В)";"Под планку";"317х85х317 мм";"3 года (срок эксплуатации 5 лет)";Россия;;;;;;620;335;330;105;"Светильник подвесной лофт, 1хE27, хром, арт. 2539/1 | УСВЕТА";"Светильник подвесной лофт, хром. 1 рожок с цоколем E27, площадь освещения до 6 м?, мощность до 15 Вт. Подходит на кухню, в гостиную и над столом. Производство и гарантия УСВЕТА.";"светильник подвесной, светильник потолочный подвесной, люстра подвесная, светильник подвесной потолочный, подвесной светильник, светильник на кухню, светильник подвесной хром, купить светильник подвесной, светильник подвесной для натяжного потолка";"Подвесной светильник в стиле лофт, хром — УСВЕТА";"Подвесной светильник в стиле лофт (хром) от производителя. Подходит на кухню, в гостиную и над обеденным столом. Гарантия завода, доставка по России."
915339182993;УСВЕТА;"2539/1 Черный+Белый";Хит;"Подвесной светильник";"Подвесной светильник в бар; Е27; черный + белый";"Подвесной светильник в стиле лофт, чёрный, 1 рожок E27. Освещение до 6 м?. Подходит на кухню, в гостиную и над обеденным столом. Производство УСВЕТА.";"<strong>Подвесной светильник в стиле лофт, чёрный</strong> — акцентный свет над столом и в зоне отдыха, на кухню, в гостиную и над обеденным столом.<br /><br /><strong>Характеристики:</strong><br />- Цвет: чёрный<br />- Материал: металл, пластик<br />- Количество ламп: 1 шт., цоколь E27<br />- Допустимая мощность: 15Вт (напряжение 220В)<br />- Площадь освещения: до 6 м?<br /><br /><strong>Преимущества:</strong><br />- Собственное производство полного цикла на Урале.<br />- Гарантия 3 года, срок службы до 5 лет.<br />- Простой монтаж, крепёж в комплекте.<br />- Бренд УСВЕТА — проверенное качество в массовом сегменте.<br /><br /><br />Сертификаты соответствия и декларации о соответствии на продукцию: <a href=""https://usveta.ru/cerificate"" target=""_blank"" rel=""noopener"">https://usveta.ru/cerificate</a>";https://static.tildacdn.com/stor3838-6563-4832-a538-303839303537/9b3a8864cb7eaa18743e723cf7a23aef.jpg;1068.00;50;1999;;;4tsJeLlNGTpxNGnkBRdk;;1;E27;"металл, пластик";Черный;"15Вт (напряжение 220В)";"Под планку";"317х85х317 мм";"3 года (срок эксплуатации 5 лет)";Россия;;;;;;620;335;330;105;"Светильник подвесной лофт, 1хE27, чёрный, арт. 2539/1 | УСВЕТА";"Светильник подвесной лофт, чёрный. 1 рожок с цоколем E27, площадь освещения до 6 м?, мощность до 15 Вт. Подходит на кухню, в гостиную и над столом. Производство и гарантия УСВЕТА.";"светильник подвесной, светильник потолочный подвесной, люстра подвесная, светильник подвесной потолочный, подвесной светильник, светильник на кухню, светильник подвесной чёрный, купить светильник подвесной, светильник подвесной для натяжного потолка";"Подвесной светильник в стиле лофт, чёрный — УСВЕТА";"Подвесной светильник в стиле лофт (чёрный) от производителя. Подходит на кухню, в гостиную и над обеденным столом. Гарантия завода, доставка по России."
220108375093;УСВЕТА;"2539/1 Черный+Золото";Хит;"Подвесной светильник";"Подвесной светильник в бар; Е27; черный + золото";"Подвесной светильник в стиле лофт, чёрный, 1 рожок E27. Освещение до 6 м?. Подходит на кухню, в гостиную и над обеденным столом. Производство УСВЕТА.";"<strong>Подвесной светильник в стиле лофт, чёрный</strong> — акцентный свет над столом и в зоне отдыха, на кухню, в гостиную и над обеденным столом.<br /><br /><strong>Характеристики:</strong><br />- Цвет: чёрный<br />- Материал: металл, пластик<br />- Количество ламп: 1 шт., цоколь E27<br />- Допустимая мощность: 15Вт (напряжение 220В)<br />- Площадь освещения: до 6 м?<br /><br /><strong>Преимущества:</strong><br />- Собственное производство полного цикла на Урале.<br />- Гарантия 3 года, срок службы до 5 лет.<br />- Простой монтаж, крепёж в комплекте.<br />- Бренд УСВЕТА — проверенное качество в массовом сегменте.<br /><br /><br />Сертификаты соответствия и декларации о соответствии на продукцию: <a href=""https://usveta.ru/cerificate"" target=""_blank"" rel=""noopener"">https://usveta.ru/cerificate</a>";https://static.tildacdn.com/stor6138-3038-4532-b166-666132663331/0161455b39a55a2eb6b241d6ed82776f.jpg;1138.00;50;1999;;;jPkHRV4YvXtpenmh8LY6;;1;E27;"металл, пластик";Черный;"15Вт (напряжение 220В)";"Под планку";"317х85х317 мм";"3 года (срок эксплуатации 5 лет)";Россия;;;;;;620;335;330;105;"Светильник подвесной лофт, 1хE27, чёрный, арт. 2539/1 | УСВЕТА";"Светильник подвесной лофт, чёрный. 1 рожок с цоколем E27, площадь освещения до 6 м?, мощность до 15 Вт. Подходит на кухню, в гостиную и над столом. Производство и гарантия УСВЕТА.";"светильник подвесной, светильник потолочный подвесной, люстра подвесная, светильник подвесной потолочный, подвесной светильник, светильник на кухню, светильник подвесной чёрный, купить светильник подвесной, светильник подвесной для натяжного потолка";"Подвесной светильник в стиле лофт, чёрный — УСВЕТА";"Подвесной светильник в стиле лофт (чёрный) от производителя. Подходит на кухню, в гостиную и над обеденным столом. Гарантия завода, доставка по России."
819211253313;УСВЕТА;"2539/1 Черный+Хром";Хит;"Подвесной светильник";"Подвесной светильник в бар; Е27; черный + хром";"Подвесной светильник в стиле лофт, чёрный, 1 рожок E27. Освещение до 6 м?. Подходит на кухню, в гостиную и над обеденным столом. Производство УСВЕТА.";"<strong>Подвесной светильник в стиле лофт, чёрный</strong> — акцентный свет над столом и в зоне отдыха, на кухню, в гостиную и над обеденным столом.<br /><br /><strong>Характеристики:</strong><br />- Цвет: чёрный<br />- Материал: металл, пластик<br />- Количество ламп: 1 шт., цоколь E27<br />- Допустимая мощность: 15Вт (напряжение 220В)<br />- Площадь освещения: до 6 м?<br /><br /><strong>Преимущества:</strong><br />- Собственное производство полного цикла на Урале.<br />- Гарантия 3 года, срок службы до 5 лет.<br />- Простой монтаж, крепёж в комплекте.<br />- Бренд УСВЕТА — проверенное качество в массовом сегменте.<br /><br /><br />Сертификаты соответствия и декларации о соответствии на продукцию: <a href=""https://usveta.ru/cerificate"" target=""_blank"" rel=""noopener"">https://usveta.ru/cerificate</a>";https://static.tildacdn.com/stor3839-6435-4438-a533-663139623862/576f5d5b5759b7a7b4e7f9291a2e73c9.jpg;1131.00;50;1999;;;DvgxXvEm50IvLHFSsDLN;;1;E27;"металл, пластик";Черный;"15Вт (напряжение 220В)";"Под планку";"317х85х317 мм";"3 года (срок эксплуатации 5 лет)";Россия;;;;;;620;335;330;105;"Светильник подвесной лофт, 1хE27, чёрный, арт. 2539/1 | УСВЕТА";"Светильник подвесной лофт, чёрный. 1 рожок с цоколем E27, площадь освещения до 6 м?, мощность до 15 Вт. Подходит на кухню, в гостиную и над столом. Производство и гарантия УСВЕТА.";"светильник подвесной, светильник потолочный подвесной, люстра подвесная, светильник подвесной потолочный, подвесной светильник, светильник на кухню, светильник подвесной чёрный, купить светильник подвесной, светильник подвесной для натяжного потолка";"Подвесной светильник в стиле лофт, чёрный — УСВЕТА";"Подвесной светильник в стиле лофт (чёрный) от производителя. Подходит на кухню, в гостиную и над обеденным столом. Гарантия завода, доставка по России."
560633196093;УСВЕТА;"2728/1 Белый";;"Подвесной светильник";"Подвесной светильник белый | УСВЕТА";"Подвесной светильник, белый, 1 рожок E27. Подходит на кухню, в гостиную и над обеденным столом. Производство УСВЕТА.";"<strong>Подвесной светильник, белый</strong> — акцентный свет над столом и в зоне отдыха, на кухню, в гостиную и над обеденным столом.<br /><br /><strong>Характеристики:</strong><br />- Цвет: белый<br />- Материал: металл, пластик<br />- Количество ламп: 1 шт., цоколь E27<br />- Допустимая мощность: 15Вт (напряжение 220В)<br /><br /><strong>Преимущества:</strong><br />- Собственное производство полного цикла на Урале.<br />- Гарантия 3 года, срок службы до 5 лет.<br />- Простой монтаж, крепёж в комплекте.<br />- Бренд УСВЕТА — проверенное качество в массовом сегменте.<br /><br /><br />Сертификаты соответствия и декларации о соответствии на продукцию: <a href=""https://usveta.ru/cerificate"" target=""_blank"" rel=""noopener"">https://usveta.ru/cerificate</a>";https://static.tildacdn.com/stor3438-6163-4065-b739-636238373361/e6121045818c0d435ba611de91cd2408.jpg;415.00;0;999;;;PVY7HyP5X20MCCUlsu3T;;1;;"металл, пластик";Белый;"15Вт (напряжение 220В)";"Крепление под крюк";"280х270х280 мм";"3 года (срок эксплуатации 5 лет)";Россия;;;;;;460;295;295;360;"Светильник подвесной, 1 лампа, белый, арт. 2728/1 | УСВЕТА";"Светильник подвесной, белый. 1 рожок с цоколем E27, мощность до 15 Вт. Подходит на кухню, в гостиную и над столом. Производство и гарантия УСВЕТА.";"светильник подвесной, светильник потолочный подвесной, люстра подвесная, светильник подвесной потолочный, подвесной светильник, светильник на кухню, светильник подвесной белый, купить светильник подвесной";"Подвесной светильник, белый — УСВЕТА";"Подвесной светильник (белый) от производителя. Подходит на кухню, в гостиную и над обеденным столом. Гарантия завода, доставка по России."
612336288563;УСВЕТА;"2814/1 Оранжевый";;"Подвесной светильник";"Подвесной светильник оранжевый | УСВЕТА";"Подвесной светильник, оранжевый, 1 рожок E27. Подходит на кухню, в гостиную и над обеденным столом. Производство УСВЕТА.";"<strong>Подвесной светильник, оранжевый</strong> — акцентный свет над столом и в зоне отдыха, на кухню, в гостиную и над обеденным столом.<br /><br /><strong>Характеристики:</strong><br />- Цвет: оранжевый<br />- Материал: металл, пластик<br />- Количество ламп: 1 шт., цоколь E27<br />- Допустимая мощность: 15Вт (напряжение 220В)<br /><br /><strong>Преимущества:</strong><br />- Собственное производство полного цикла на Урале.<br />- Гарантия 3 года, срок службы до 5 лет.<br />- Простой монтаж, крепёж в комплекте.<br />- Бренд УСВЕТА — проверенное качество в массовом сегменте.<br /><br /><br />Сертификаты соответствия и декларации о соответствии на продукцию: <a href=""https://usveta.ru/cerificate"" target=""_blank"" rel=""noopener"">https://usveta.ru/cerificate</a>";https://static.tildacdn.com/stor3535-6166-4764-b232-323531373937/3c166b785818f1bab86f7086b42216f8.jpg;357.00;0;999;;;zlvY9Tp3h8rz7G89OGTg;;1;;"металл, пластик";Оранжевый;"15Вт (напряжение 220В)";"Крепление под крюк";"15х28х15 см";"3 года (срок эксплуатации 5 лет)";Россия;;;;;;280;290;270;185;"Светильник подвесной, 1 лампа, оранжевый, арт. 2814/1 | УСВЕТА";"Светильник подвесной, оранжевый. 1 рожок с цоколем E27, мощность до 15 Вт. Подходит на кухню, в гостиную и над столом. Производство и гарантия УСВЕТА.";"светильник подвесной, светильник потолочный подвесной, люстра подвесная, светильник подвесной потолочный, подвесной светильник, светильник на кухню, светильник подвесной оранжевый, купить светильник подвесной";"Подвесной светильник, оранжевый — УСВЕТА";"Подвесной светильник (оранжевый) от производителя. Подходит на кухню, в гостиную и над обеденным столом. Гарантия завода, доставка по России."
157390528733;УСВЕТА;"2817/1 Белый";;"Подвесной светильник";"Подвесной светильник белый | УСВЕТА";"Подвесной светильник, белый, 1 рожок E27. Подходит на кухню, в гостиную и над обеденным столом. Производство УСВЕТА.";"<strong>Подвесной светильник, белый</strong> — акцентный свет над столом и в зоне отдыха, на кухню, в гостиную и над обеденным столом.<br /><br /><strong>Характеристики:</strong><br />- Цвет: белый<br />- Материал: металл, пластик<br />- Количество ламп: 1 шт., цоколь E27<br />- Допустимая мощность: 15Вт (напряжение 220В)<br /><br /><strong>Преимущества:</strong><br />- Собственное производство полного цикла на Урале.<br />- Гарантия 3 года, срок службы до 5 лет.<br />- Простой монтаж, крепёж в комплекте.<br />- Бренд УСВЕТА — проверенное качество в массовом сегменте.<br /><br /><br />Сертификаты соответствия и декларации о соответствии на продукцию: <a href=""https://usveta.ru/cerificate"" target=""_blank"" rel=""noopener"">https://usveta.ru/cerificate</a>";https://static.tildacdn.com/stor3137-3262-4162-b538-383331323834/16002d8cc1ce6f997c25d17442080ccc.jpg;330.00;0;499;;;KJivmeh9J6THbjDbBKtx;;1;;"металл, пластик";Белый;"15Вт (напряжение 220В)";"Крепление под крюк";"160х280х160 мм";"3 года (срок эксплуатации 5 лет)";Россия;;;;;;345;230;295;295;"Светильник подвесной, 1 лампа, белый, арт. 2817/1 | УСВЕТА";"Светильник подвесной, белый. 1 рожок с цоколем E27, мощность до 15 Вт. Подходит на кухню, в гостиную и над столом. Производство и гарантия УСВЕТА.";"светильник подвесной, светильник потолочный подвесной, люстра подвесная, светильник подвесной потолочный, подвесной светильник, светильник на кухню, светильник подвесной белый, купить светильник подвесной";"Подвесной светильник, белый — УСВЕТА";"Подвесной светильник (белый) от производителя. Подходит на кухню, в гостиную и над обеденным столом. Гарантия завода, доставка по России."
313475997853;УСВЕТА;"2817/1 Прозрачный";;"Подвесной светильник";"Подвесной светильник прозрачный | УСВЕТА";"Подвесной светильник, прозрачный, 1 рожок E27. Подходит на кухню, в гостиную и над обеденным столом. Производство УСВЕТА.";"<strong>Подвесной светильник, прозрачный</strong> — акцентный свет над столом и в зоне отдыха, на кухню, в гостиную и над обеденным столом.<br /><br /><strong>Характеристики:</strong><br />- Цвет: прозрачный<br />- Материал: металл, пластик<br />- Количество ламп: 1 шт., цоколь E27<br />- Допустимая мощность: 15Вт (напряжение 220В)<br /><br /><strong>Преимущества:</strong><br />- Собственное производство полного цикла на Урале.<br />- Гарантия 3 года, срок службы до 5 лет.<br />- Простой монтаж, крепёж в комплекте.<br />- Бренд УСВЕТА — проверенное качество в массовом сегменте.<br /><br /><br />Сертификаты соответствия и декларации о соответствии на продукцию: <a href=""https://usveta.ru/cerificate"" target=""_blank"" rel=""noopener"">https://usveta.ru/cerificate</a>";https://static.tildacdn.com/stor3164-3135-4635-b930-633565343934/ad0c2856e2b6700c33a6cb4d7384128d.jpg;328.00;0;499;;;G9gMKt3mrFgyucXcmK0g;;1;;"металл, пластик";Прозрачный;"15Вт (напряжение 220В)";"Крепление под крюк";"160х280х160 мм";"3 года (срок эксплуатации 5 лет)";Россия;;;;;;345;230;295;295;"Светильник подвесной, 1 лампа, прозрачный, арт. 2817/1 | УСВЕТА";"Светильник подвесной, прозрачный. 1 рожок с цоколем E27, мощность до 15 Вт. Подходит на кухню, в гостиную и над столом. Производство и гарантия УСВЕТА.";"светильник подвесной, светильник потолочный подвесной, люстра подвесная, светильник подвесной потолочный, подвесной светильник, светильник на кухню, светильник подвесной прозрачный, купить светильник подвесной";"Подвесной светильник, прозрачный — УСВЕТА";"Подвесной светильник (прозрачный) от производителя. Подходит на кухню, в гостиную и над обеденным столом. Гарантия завода, доставка по России."
876246457353;УСВЕТА;"3021/1 Белый";;"Подвесной светильник";"Подвесной светильник белый | УСВЕТА";"Подвесной светильник, белый, 1 рожок E27. Подходит на кухню, в гостиную и над обеденным столом. Производство УСВЕТА.";"<strong>Подвесной светильник, белый</strong> — акцентный свет над столом и в зоне отдыха, на кухню, в гостиную и над обеденным столом.<br /><br /><strong>Характеристики:</strong><br />- Цвет: белый<br />- Материал: металл, пластик<br />- Количество ламп: 1 шт., цоколь E27<br />- Допустимая мощность: 15Вт (напряжение 220В)<br /><br /><strong>Преимущества:</strong><br />- Собственное производство полного цикла на Урале.<br />- Гарантия 3 года, срок службы до 5 лет.<br />- Простой монтаж, крепёж в комплекте.<br />- Бренд УСВЕТА — проверенное качество в массовом сегменте.<br /><br /><br />Сертификаты соответствия и декларации о соответствии на продукцию: <a href=""https://usveta.ru/cerificate"" target=""_blank"" rel=""noopener"">https://usveta.ru/cerificate</a>";https://static.tildacdn.com/stor3261-6162-4438-b537-343730353766/0139abb5ebf58e0af01e8538a4191c9c.jpg;385.00;43;999;;;7IYD32kYZkIrXELSTrZL;;1;;"металл, пластик";Белый;"15Вт (напряжение 220В)";"Крепление под крюк";"300х200х300 мм";"3 года (срок эксплуатации 5 лет)";Россия;;;;;;480;320;315;315;"Светильник подвесной, 1 лампа, белый, арт. 3021/1 | УСВЕТА";"Светильник подвесной, белый. 1 рожок с цоколем E27, мощность до 15 Вт. Подходит на кухню, в гостиную и над столом. Производство и гарантия УСВЕТА.";"светильник подвесной, светильник потолочный подвесной, люстра подвесная, светильник подвесной потолочный, подвесной светильник, светильник на кухню, светильник подвесной белый, купить светильник подвесной";"Подвесной светильник, белый — УСВЕТА";"Подвесной светильник (белый) от производителя. Подходит на кухню, в гостиную и над обеденным столом. Гарантия завода, доставка по России."
309179583723;УСВЕТА;"3517/1 Белый";;"Подвесной светильник";"Светильник подвесной потолочный пластиковый УСВЕТА Белый, Е27, 15 Вт";"Подвесной светильник, белый, 1 рожок E27. Освещение до 6 м?. Подходит на кухню, в гостиную и над обеденным столом. Производство УСВЕТА.";"<strong>Подвесной светильник, белый</strong> — акцентный свет над столом и в зоне отдыха, на кухню, в гостиную и над обеденным столом.<br /><br /><strong>Характеристики:</strong><br />- Цвет: белый<br />- Материал: металл, пластик<br />- Количество ламп: 1 шт., цоколь E27<br />- Допустимая мощность: 15Вт (напряжение 220В)<br />- Площадь освещения: до 6 м?<br /><br /><strong>Преимущества:</strong><br />- Собственное производство полного цикла на Урале.<br />- Гарантия 3 года, срок службы до 5 лет.<br />- Простой монтаж, крепёж в комплекте.<br />- Бренд УСВЕТА — проверенное качество в массовом сегменте.<br /><br /><br />Сертификаты соответствия и декларации о соответствии на продукцию: <a href=""https://usveta.ru/cerificate"" target=""_blank"" rel=""noopener"">https://usveta.ru/cerificate</a>";https://static.tildacdn.com/stor6465-3566-4461-a232-306565613834/faf759b15c27e5eece650829e5b32a3e.jpg;589.00;21;999;;;D3tumoheoNKYLHo71SMH;;1;E27;"металл, пластик";Белый;"15Вт (напряжение 220В)";"Крепление под крюк";"300х200х300 мм";"3 года (срок эксплуатации 5 лет)";Россия;;;;;;480;245;355;355;"Светильник подвесной, 1хE27, белый, арт. 3517/1 | УСВЕТА";"Светильник подвесной, белый. 1 рожок с цоколем E27, площадь освещения до 6 м?, мощность до 15 Вт. Подходит на кухню, в гостиную и над столом. Производство и гарантия УСВЕТА.";"светильник подвесной, светильник потолочный подвесной, люстра подвесная, светильник подвесной потолочный, подвесной светильник, светильник на кухню, светильник подвесной белый, купить светильник подвесной, светильник подвесной для натяжного потолка";"Подвесной светильник, белый — УСВЕТА";"Подвесной светильник (белый) от производителя. Подходит на кухню, в гостиную и над обеденным столом. Гарантия завода, доставка по России."
263113431723;УСВЕТА;"3517/1 Красный";;"Подвесной светильник";"Подвесной светильник красный | УСВЕТА";"Подвесной светильник, красный, 1 рожок E27. Подходит на кухню, в гостиную и над обеденным столом. Производство УСВЕТА.";"<strong>Подвесной светильник, красный</strong> — акцентный свет над столом и в зоне отдыха, на кухню, в гостиную и над обеденным столом.<br /><br /><strong>Характеристики:</strong><br />- Цвет: красный<br />- Материал: металл, пластик<br />- Количество ламп: 1 шт., цоколь E27<br />- Допустимая мощность: 15Вт (напряжение 220В)<br /><br /><strong>Преимущества:</strong><br />- Собственное производство полного цикла на Урале.<br />- Гарантия 3 года, срок службы до 5 лет.<br />- Простой монтаж, крепёж в комплекте.<br />- Бренд УСВЕТА — проверенное качество в массовом сегменте.<br /><br /><br />Сертификаты соответствия и декларации о соответствии на продукцию: <a href=""https://usveta.ru/cerificate"" target=""_blank"" rel=""noopener"">https://usveta.ru/cerificate</a>";https://static.tildacdn.com/stor6266-6438-4364-b239-363135386139/8a455e4b40c7bb96f15f0137597cbaf9.jpg;584.00;11;999;;;OTrTfmUZSERhem6nVU0Z;;1;;"металл, пластик";Красный;"15Вт (напряжение 220В)";"Крепление под крюк";"300х200х300 мм";"3 года (срок эксплуатации 5 лет)";Россия;;;;;;480;245;355;355;"Светильник подвесной, 1 лампа, красный, арт. 3517/1 | УСВЕТА";"Светильник подвесной, красный. 1 рожок с цоколем E27, мощность до 15 Вт. Подходит на кухню, в гостиную и над столом. Производство и гарантия УСВЕТА.";"светильник подвесной, светильник потолочный подвесной, люстра подвесная, светильник подвесной потолочный, подвесной светильник, светильник на кухню, светильник подвесной красный, купить светильник подвесной";"Подвесной светильник, красный — УСВЕТА";"Подвесной светильник (красный) от производителя. Подходит на кухню, в гостиную и над обеденным столом. Гарантия завода, доставка по России."
349830175753;УСВЕТА;"3517/1 Прозрачный";;"Подвесной светильник";"Подвесной светильник прозрачный | УСВЕТА";"Подвесной светильник, прозрачный, 1 рожок E27. Подходит на кухню, в гостиную и над обеденным столом. Производство УСВЕТА.";"<strong>Подвесной светильник, прозрачный</strong> — акцентный свет над столом и в зоне отдыха, на кухню, в гостиную и над обеденным столом.<br /><br /><strong>Характеристики:</strong><br />- Цвет: прозрачный<br />- Материал: металл, пластик<br />- Количество ламп: 1 шт., цоколь E27<br />- Допустимая мощность: 15Вт (напряжение 220В)<br /><br /><strong>Преимущества:</strong><br />- Собственное производство полного цикла на Урале.<br />- Гарантия 3 года, срок службы до 5 лет.<br />- Простой монтаж, крепёж в комплекте.<br />- Бренд УСВЕТА — проверенное качество в массовом сегменте.<br /><br /><br />Сертификаты соответствия и декларации о соответствии на продукцию: <a href=""https://usveta.ru/cerificate"" target=""_blank"" rel=""noopener"">https://usveta.ru/cerificate</a>";https://static.tildacdn.com/stor6166-6661-4430-b662-663463396231/6ce2289bb5027d53fb6e64446d6aae66.jpg;583.00;3;999;;;vr8mjap8GYcXMfRhlNcJ;;1;;"металл, пластик";Прозрачный;"15Вт (напряжение 220В)";"Крепление под крюк";"300х200х300 мм";"3 года (срок эксплуатации 5 лет)";Россия;;;;;;480;370;370;210;"Светильник подвесной, 1 лампа, прозрачный, арт. 3517/1 | УСВЕТА";"Светильник подвесной, прозрачный. 1 рожок с цоколем E27, мощность до 15 Вт. Подходит на кухню, в гостиную и над столом. Производство и гарантия УСВЕТА.";"светильник подвесной, светильник потолочный подвесной, люстра подвесная, светильник подвесной потолочный, подвесной светильник, светильник на кухню, светильник подвесной прозрачный, купить светильник подвесной";"Подвесной светильник, прозрачный — УСВЕТА";"Подвесной светильник (прозрачный) от производителя. Подходит на кухню, в гостиную и над обеденным столом. Гарантия завода, доставка по России."
856487855483;УСВЕТА;"3517/1 Розовый";;"Подвесной светильник";"Светильник подвесной потолочный УСВЕТА Розовый Пластик, Е27, 15 Вт";"Подвесной светильник, розовый, 1 рожок E27. Освещение до 6 м?. Подходит на кухню, в гостиную и над обеденным столом. Производство УСВЕТА.";"<strong>Подвесной светильник, розовый</strong> — акцентный свет над столом и в зоне отдыха, на кухню, в гостиную и над обеденным столом.<br /><br /><strong>Характеристики:</strong><br />- Цвет: розовый<br />- Материал: металл, пластик<br />- Количество ламп: 1 шт., цоколь E27<br />- Допустимая мощность: 15Вт (напряжение 220В)<br />- Площадь освещения: до 6 м?<br /><br /><strong>Преимущества:</strong><br />- Собственное производство полного цикла на Урале.<br />- Гарантия 3 года, срок службы до 5 лет.<br />- Простой монтаж, крепёж в комплекте.<br />- Бренд УСВЕТА — проверенное качество в массовом сегменте.<br /><br /><br />Сертификаты соответствия и декларации о соответствии на продукцию: <a href=""https://usveta.ru/cerificate"" target=""_blank"" rel=""noopener"">https://usveta.ru/cerificate</a>";https://static.tildacdn.com/stor3264-3031-4263-b462-346162666165/800f9ffce3e529accae8053cb947fa02.jpg;584.00;20;999;;;3KrsSoUMT3IkjTe12vkP;;1;E27;"металл, пластик";Розовый;"15Вт (напряжение 220В)";"Крепление под крюк";"300х200х300 мм";"3 года (срок эксплуатации 5 лет)";Россия;;;;;;480;245;355;355;"Светильник подвесной, 1хE27, розовый, арт. 3517/1 | УСВЕТА";"Светильник подвесной, розовый. 1 рожок с цоколем E27, площадь освещения до 6 м?, мощность до 15 Вт. Подходит на кухню, в гостиную и над столом. Производство и гарантия УСВЕТА.";"светильник подвесной, светильник потолочный подвесной, люстра подвесная, светильник подвесной потолочный, подвесной светильник, светильник на кухню, светильник подвесной розовый, купить светильник подвесной, светильник подвесной для натяжного потолка";"Подвесной светильник, розовый — УСВЕТА";"Подвесной светильник (розовый) от производителя. Подходит на кухню, в гостиную и над обеденным столом. Гарантия завода, доставка по России."
741347900763;УСВЕТА;"3517/1 Салатовый";;"Подвесной светильник";"Подвесной светильник салатовый | УСВЕТА";"Подвесной светильник, салатовый, 1 рожок E27. Подходит на кухню, в гостиную и над обеденным столом. Производство УСВЕТА.";"<strong>Подвесной светильник, салатовый</strong> — акцентный свет над столом и в зоне отдыха, на кухню, в гостиную и над обеденным столом.<br /><br /><strong>Характеристики:</strong><br />- Цвет: салатовый<br />- Материал: металл, пластик<br />- Количество ламп: 1 шт., цоколь E27<br />- Допустимая мощность: 15Вт (напряжение 220В)<br /><br /><strong>Преимущества:</strong><br />- Собственное производство полного цикла на Урале.<br />- Гарантия 3 года, срок службы до 5 лет.<br />- Простой монтаж, крепёж в комплекте.<br />- Бренд УСВЕТА — проверенное качество в массовом сегменте.<br /><br /><br />Сертификаты соответствия и декларации о соответствии на продукцию: <a href=""https://usveta.ru/cerificate"" target=""_blank"" rel=""noopener"">https://usveta.ru/cerificate</a>";https://static.tildacdn.com/stor3332-6165-4666-b438-643865623038/5577d7832afd42c43ea50680833fad62.jpg;585.00;3;999;;;gbVNIlBAmTmf2UR3fm1u;;1;;"металл, пластик";Салатовый;"15Вт (напряжение 220В)";"Крепление под крюк";"300х200х300 мм";"3 года (срок эксплуатации 5 лет)";Россия;;;;;;480;245;355;355;"Светильник подвесной, 1 лампа, салатовый, арт. 3517/1 | УСВЕТА";"Светильник подвесной, салатовый. 1 рожок с цоколем E27, мощность до 15 Вт. Подходит на кухню, в гостиную и над столом. Производство и гарантия УСВЕТА.";"светильник подвесной, светильник потолочный подвесной, люстра подвесная, светильник подвесной потолочный, подвесной светильник, светильник на кухню, светильник подвесной салатовый, купить светильник подвесной";"Подвесной светильник, салатовый — УСВЕТА";"Подвесной светильник (салатовый) от производителя. Подходит на кухню, в гостиную и над обеденным столом. Гарантия завода, доставка по России."
426480626413;УСВЕТА;"3517/1 Синий";;"Подвесной светильник";"Светильник подвесной потолочный УСВЕТА Синий Пластик, Е27, 15 Вт";"Подвесной светильник, синий, 1 рожок E27. Освещение до 6 м?. Подходит на кухню, в гостиную и над обеденным столом. Производство УСВЕТА.";"<strong>Подвесной светильник, синий</strong> — акцентный свет над столом и в зоне отдыха, на кухню, в гостиную и над обеденным столом.<br /><br /><strong>Характеристики:</strong><br />- Цвет: синий<br />- Материал: металл, пластик<br />- Количество ламп: 1 шт., цоколь E27<br />- Допустимая мощность: 15Вт (напряжение 220В)<br />- Площадь освещения: до 6 м?<br /><br /><strong>Преимущества:</strong><br />- Собственное производство полного цикла на Урале.<br />- Гарантия 3 года, срок службы до 5 лет.<br />- Простой монтаж, крепёж в комплекте.<br />- Бренд УСВЕТА — проверенное качество в массовом сегменте.<br /><br /><br />Сертификаты соответствия и декларации о соответствии на продукцию: <a href=""https://usveta.ru/cerificate"" target=""_blank"" rel=""noopener"">https://usveta.ru/cerificate</a>";https://static.tildacdn.com/stor3331-3862-4933-b461-333062356164/576b3f1a261c5280ed1e9392f70dba90.jpg;585.00;20;999;;;BEcHMbyioM7T9FBxGpmS;;1;E27;"металл, пластик";Синий;"15Вт (напряжение 220В)";"Крепление под крюк";"300х200х300 мм";"3 года (срок эксплуатации 5 лет)";Россия;;;;;;480;245;355;355;"Светильник подвесной, 1хE27, синий, арт. 3517/1 | УСВЕТА";"Светильник подвесной, синий. 1 рожок с цоколем E27, площадь освещения до 6 м?, мощность до 15 Вт. Подходит на кухню, в гостиную и над столом. Производство и гарантия УСВЕТА.";"светильник подвесной, светильник потолочный подвесной, люстра подвесная, светильник подвесной потолочный, подвесной светильник, светильник на кухню, светильник подвесной синий, купить светильник подвесной, светильник подвесной для натяжного потолка";"Подвесной светильник, синий — УСВЕТА";"Подвесной светильник (синий) от производителя. Подходит на кухню, в гостиную и над обеденным столом. Гарантия завода, доставка по России."
175504719583;УСВЕТА;"3525/1 Розовый";;"Подвесной светильник";"Подвесной светильник розовый | УСВЕТА";"Подвесной светильник, розовый, 1 рожок E27. Подходит на кухню, в гостиную и над обеденным столом. Производство УСВЕТА.";"<strong>Подвесной светильник, розовый</strong> — акцентный свет над столом и в зоне отдыха, на кухню, в гостиную и над обеденным столом.<br /><br /><strong>Характеристики:</strong><br />- Цвет: розовый<br />- Материал: металл, пластик<br />- Количество ламп: 1 шт., цоколь E27<br />- Допустимая мощность: 15Вт (напряжение 220В)<br /><br /><strong>Преимущества:</strong><br />- Собственное производство полного цикла на Урале.<br />- Гарантия 3 года, срок службы до 5 лет.<br />- Простой монтаж, крепёж в комплекте.<br />- Бренд УСВЕТА — проверенное качество в массовом сегменте.<br /><br /><br />Сертификаты соответствия и декларации о соответствии на продукцию: <a href=""https://usveta.ru/cerificate"" target=""_blank"" rel=""noopener"">https://usveta.ru/cerificate</a>";https://static.tildacdn.com/stor3930-6366-4335-a537-393461643933/09c9d1827f2ae78fba2f050fb23b51e1.jpg;1464.00;5;2499;;;zrIvIIn4iBZYUvTnSc3v;;1;;"металл, пластик";Розовый;"15Вт (напряжение 220В)";"Крепление под крюк";20,5х32,5х20,5;"3 года (срок эксплуатации 5 лет)";Россия;;;;;;495;390;340;340;"Светильник подвесной, 1 лампа, розовый, арт. 3525/1 | УСВЕТА";"Светильник подвесной, розовый. 1 рожок с цоколем E27, мощность до 15 Вт. Подходит на кухню, в гостиную и над столом. Производство и гарантия УСВЕТА.";"светильник подвесной, светильник потолочный подвесной, люстра подвесная, светильник подвесной потолочный, подвесной светильник, светильник на кухню, светильник подвесной розовый, купить светильник подвесной";"Подвесной светильник, розовый — УСВЕТА";"Подвесной светильник (розовый) от производителя. Подходит на кухню, в гостиную и над обеденным столом. Гарантия завода, доставка по России."
698637239843;УСВЕТА;"5001/1 Черный";;"Подвесной светильник";"Подвесной светильник чёрный | УСВЕТА";"Подвесной светильник, чёрный, 1 рожок E27. Подходит на кухню, в гостиную и над обеденным столом. Производство УСВЕТА.";"<strong>Подвесной светильник, чёрный</strong> — акцентный свет над столом и в зоне отдыха, на кухню, в гостиную и над обеденным столом.<br /><br /><strong>Характеристики:</strong><br />- Цвет: чёрный<br />- Материал: металл, пластик<br />- Количество ламп: 1 шт., цоколь E27<br />- Допустимая мощность: 15Вт (напряжение 220В)<br /><br /><strong>Преимущества:</strong><br />- Собственное производство полного цикла на Урале.<br />- Гарантия 3 года, срок службы до 5 лет.<br />- Простой монтаж, крепёж в комплекте.<br />- Бренд УСВЕТА — проверенное качество в массовом сегменте.<br /><br /><br />Сертификаты соответствия и декларации о соответствии на продукцию: <a href=""https://usveta.ru/cerificate"" target=""_blank"" rel=""noopener"">https://usveta.ru/cerificate</a>";https://static.tildacdn.com/stor6135-6339-4463-a533-346536306565/c0ac233e7a671dc34e6a819d85d6b118.jpg;1127.00;23;1999;;;RUAIRjv8LyLjfBFerreB;;1;;"металл, пластик";Черный;"15Вт (напряжение 220В)";"Крепление под крюк";"200х170х200 мм";"3 года (срок эксплуатации 5 лет)";Россия;;;;;;820;210;210;180;"Светильник подвесной, 1 лампа, чёрный, арт. 5001/1 | УСВЕТА";"Светильник подвесной, чёрный. 1 рожок с цоколем E27, мощность до 15 Вт. Подходит на кухню, в гостиную и над столом. Производство и гарантия УСВЕТА.";"светильник подвесной, светильник потолочный подвесной, люстра подвесная, светильник подвесной потолочный, подвесной светильник, светильник на кухню, светильник подвесной чёрный, купить светильник подвесной";"Подвесной светильник, чёрный — УСВЕТА";"Подвесной светильник (чёрный) от производителя. Подходит на кухню, в гостиную и над обеденным столом. Гарантия завода, доставка по России."
450807738993;УСВЕТА;"5006/1 Муар Белый+Белый";;"Подвесной светильник";"Светильник подвесной на кухню, на дачу, на террасу Купол УСВЕТА Лофт Белый, Е27, 40 Вт";"Подвесной светильник, белый, 1 рожок E27. Освещение до 8 м?. Подходит на кухню, в гостиную и над обеденным столом. Производство УСВЕТА.";"<strong>Подвесной светильник, белый</strong> — акцентный свет над столом и в зоне отдыха, на кухню, в гостиную и над обеденным столом.<br /><br /><strong>Характеристики:</strong><br />- Цвет: белый<br />- Материал: металл, пластик<br />- Количество ламп: 1 шт., цоколь E27<br />- Допустимая мощность: 15Вт (напряжение 220В)<br />- Площадь освещения: до 8 м?<br /><br /><strong>Преимущества:</strong><br />- Собственное производство полного цикла на Урале.<br />- Гарантия 3 года, срок службы до 5 лет.<br />- Простой монтаж, крепёж в комплекте.<br />- Бренд УСВЕТА — проверенное качество в массовом сегменте.<br /><br /><br />Сертификаты соответствия и декларации о соответствии на продукцию: <a href=""https://usveta.ru/cerificate"" target=""_blank"" rel=""noopener"">https://usveta.ru/cerificate</a>";https://static.tildacdn.com/stor3131-6331-4161-b832-623362633261/f1bdd32c3690b8fa35b3e333cc54a38c.jpg;1215.00;50;1999;;;OPDCA8JvnabPecDVdcjX;;1;;"металл, пластик";Белый;"15Вт (напряжение 220В)";"Под планку";"298х154х298 мм";"3 года (срок эксплуатации 5 лет)";Россия;;;;;;980;305;305;175;"Светильник подвесной с регулировкой высоты, 1 лампа, белый | УСВЕТА";"Светильник подвесной с регулировкой высоты, белый. 1 рожок с цоколем E27, площадь освещения до 8 м?, мощность до 15 Вт. Подходит на кухню, в гостиную и над столом. Производство и гарантия УСВЕТА.";"светильник подвесной, светильник потолочный подвесной, люстра подвесная, светильник подвесной потолочный, подвесной светильник, светильник на кухню, светильник подвесной белый, купить светильник подвесной, светильник подвесной для натяжного потолка";"Подвесной светильник, белый — УСВЕТА";"Подвесной светильник (белый) от производителя. Подходит на кухню, в гостиную и над обеденным столом. Гарантия завода, доставка по России."
590404815233;УСВЕТА;"5006/1 Муар Черный+Черный";;"Подвесной светильник";"Светильник подвесной на кухню, на дачу, на террасу Купол УСВЕТА Лофт Черный, Е27, 40 Вт";"Подвесной светильник, чёрный, 1 рожок E27. Освещение до 8 м?. Подходит на кухню, в гостиную и над обеденным столом. Производство УСВЕТА.";"<strong>Подвесной светильник, чёрный</strong> — акцентный свет над столом и в зоне отдыха, на кухню, в гостиную и над обеденным столом.<br /><br /><strong>Характеристики:</strong><br />- Цвет: чёрный<br />- Материал: металл, пластик<br />- Количество ламп: 1 шт., цоколь E27<br />- Допустимая мощность: 15Вт (напряжение 220В)<br />- Площадь освещения: до 8 м?<br /><br /><strong>Преимущества:</strong><br />- Собственное производство полного цикла на Урале.<br />- Гарантия 3 года, срок службы до 5 лет.<br />- Простой монтаж, крепёж в комплекте.<br />- Бренд УСВЕТА — проверенное качество в массовом сегменте.<br /><br /><br />Сертификаты соответствия и декларации о соответствии на продукцию: <a href=""https://usveta.ru/cerificate"" target=""_blank"" rel=""noopener"">https://usveta.ru/cerificate</a>";https://static.tildacdn.com/stor6361-3734-4832-a339-633632373964/e8d66a7072c874cfb9ae00948cf0ae76.jpg;1140.00;50;1999;;;4u4l5YxB8dip5XKDPdUZ;;1;;"металл, пластик";Черный;"15Вт (напряжение 220В)";"Под планку";"298х154х298 мм";"3 года (срок эксплуатации 5 лет)";Россия;;;;;;980;305;305;175;"Светильник подвесной с регулировкой высоты, 1 лампа, чёрный | УСВЕТА";"Светильник подвесной с регулировкой высоты, чёрный. 1 рожок с цоколем E27, площадь освещения до 8 м?, мощность до 15 Вт. Подходит на кухню, в гостиную и над столом. Производство и гарантия УСВЕТА.";"светильник подвесной, светильник потолочный подвесной, люстра подвесная, светильник подвесной потолочный, подвесной светильник, светильник на кухню, светильник подвесной чёрный, купить светильник подвесной, светильник подвесной для натяжного потолка";"Подвесной светильник, чёрный — УСВЕТА";"Подвесной светильник (чёрный) от производителя. Подходит на кухню, в гостиную и над обеденным столом. Гарантия завода, доставка по России."
829142204863;УСВЕТА;"5006/1 Хром";;"Подвесной светильник";"Подвесной светильник хромированный | УСВЕТА";"Подвесной светильник, хром, 1 рожок E27. Подходит на кухню, в гостиную и над обеденным столом. Производство УСВЕТА.";"<strong>Подвесной светильник, хром</strong> — акцентный свет над столом и в зоне отдыха, на кухню, в гостиную и над обеденным столом.<br /><br /><strong>Характеристики:</strong><br />- Цвет: хром<br />- Материал: металл, пластик<br />- Количество ламп: 1 шт., цоколь E27<br />- Допустимая мощность: 15Вт (напряжение 220В)<br /><br /><strong>Преимущества:</strong><br />- Собственное производство полного цикла на Урале.<br />- Гарантия 3 года, срок службы до 5 лет.<br />- Простой монтаж, крепёж в комплекте.<br />- Бренд УСВЕТА — проверенное качество в массовом сегменте.<br /><br /><br />Сертификаты соответствия и декларации о соответствии на продукцию: <a href=""https://usveta.ru/cerificate"" target=""_blank"" rel=""noopener"">https://usveta.ru/cerificate</a>";https://static.tildacdn.com/stor3337-3438-4163-b638-396436373132/7cb3a8493717d6d7c19d6e6030309ffd.jpg;1315.00;0;1999;;;drS3fhUMcbe4rA8V7uIf;;1;;"металл, пластик";Хром;"15Вт (напряжение 220В)";"Под планку";"298х154х298 мм";"3 года (срок эксплуатации 5 лет)";Россия;;;;;;980;305;305;175;"Светильник подвесной, 1 лампа, хром, арт. 5006/1 | УСВЕТА";"Светильник подвесной, хром. 1 рожок с цоколем E27, мощность до 15 Вт. Подходит на кухню, в гостиную и над столом. Производство и гарантия УСВЕТА.";"светильник подвесной, светильник потолочный подвесной, люстра подвесная, светильник подвесной потолочный, подвесной светильник, светильник на кухню, светильник подвесной хром, купить светильник подвесной";"Подвесной светильник, хром — УСВЕТА";"Подвесной светильник (хром) от производителя. Подходит на кухню, в гостиную и над обеденным столом. Гарантия завода, доставка по России."
748312173843;УСВЕТА;"5008/1 Муар Белый+Белый";;"Подвесной светильник";"Светильник подвесной на кухню, на дачу, на террасу Купол УСВЕТА Лофт Белый, Е27, 40 Вт";"Подвесной светильник в стиле лофт, белый, 1 рожок E27. Освещение до 8 м?. Подходит на кухню, в гостиную и над обеденным столом. Производство УСВЕТА.";"<strong>Подвесной светильник в стиле лофт, белый</strong> — акцентный свет над столом и в зоне отдыха, на кухню, в гостиную и над обеденным столом.<br /><br /><strong>Характеристики:</strong><br />- Цвет: белый<br />- Материал: металл, пластик<br />- Количество ламп: 1 шт., цоколь E27<br />- Допустимая мощность: 15Вт (напряжение 220В)<br />- Площадь освещения: до 8 м?<br /><br /><strong>Преимущества:</strong><br />- Собственное производство полного цикла на Урале.<br />- Гарантия 3 года, срок службы до 5 лет.<br />- Простой монтаж, крепёж в комплекте.<br />- Бренд УСВЕТА — проверенное качество в массовом сегменте.<br /><br /><br />Сертификаты соответствия и декларации о соответствии на продукцию: <a href=""https://usveta.ru/cerificate"" target=""_blank"" rel=""noopener"">https://usveta.ru/cerificate</a>";https://static.tildacdn.com/stor3465-3531-4232-b437-666139306439/9743ff58083d4105ad0e491a3baa89bd.jpg;1618.00;49;2499;;;dV70Z8zmcaX4XNAG9psg;;1;E27;"металл, пластик";Белый;"15Вт (напряжение 220В)";"Под планку";"350х170х350 мм";"3 года (срок эксплуатации 5 лет)";Россия;;;;;;1210;370;370;190;"Светильник подвесной лофт, 1хE27, белый, арт. 5008/1 | УСВЕТА";"Светильник подвесной лофт, белый. 1 рожок с цоколем E27, площадь освещения до 8 м?, мощность до 15 Вт. Подходит на кухню, в гостиную и над столом. Производство и гарантия УСВЕТА.";"светильник подвесной, светильник потолочный подвесной, люстра подвесная, светильник подвесной потолочный, подвесной светильник, светильник на кухню, светильник подвесной белый, купить светильник подвесной, светильник подвесной для натяжного потолка";"Подвесной светильник в стиле лофт, белый — УСВЕТА";"Подвесной светильник в стиле лофт (белый) от производителя. Подходит на кухню, в гостиную и над обеденным столом. Гарантия завода, доставка по России."
682371768453;УСВЕТА;"5008/1 Муар Черный+Черный";;"Подвесной светильник;Акции>>>Хиты продаж";"Светильник подвесной на кухню, на дачу, на террасу Купол УСВЕТА Лофт Черный, Е27, 40 Вт";"Подвесной светильник в стиле лофт, чёрный, 1 рожок E27. Освещение до 8 м?. Подходит на кухню, в гостиную и над обеденным столом. Производство УСВЕТА.";"<strong>Подвесной светильник в стиле лофт, чёрный</strong> — акцентный свет над столом и в зоне отдыха, на кухню, в гостиную и над обеденным столом.<br /><br /><strong>Характеристики:</strong><br />- Цвет: чёрный<br />- Материал: металл, пластик<br />- Количество ламп: 1 шт., цоколь E27<br />- Допустимая мощность: 15Вт (напряжение 220В)<br />- Площадь освещения: до 8 м?<br /><br /><strong>Преимущества:</strong><br />- Собственное производство полного цикла на Урале.<br />- Гарантия 3 года, срок службы до 5 лет.<br />- Простой монтаж, крепёж в комплекте.<br />- Бренд УСВЕТА — проверенное качество в массовом сегменте.<br /><br /><br />Сертификаты соответствия и декларации о соответствии на продукцию: <a href=""https://usveta.ru/cerificate"" target=""_blank"" rel=""noopener"">https://usveta.ru/cerificate</a>";https://static.tildacdn.com/stor6163-3834-4237-a234-616130616537/68f21de437cebc7f5b8bda36b7b02151.jpg;1570.00;47;2499;;;ZE3UP9MrIyNeZOtXu5Ek;;1;E27;"металл, пластик";Черный;"15Вт (напряжение 220В)";"Под планку";"350х170х350 мм";"3 года (срок эксплуатации 5 лет)";Россия;;;;;;1210;370;370;190;"Светильник подвесной лофт, 1хE27, чёрный, арт. 5008/1 | УСВЕТА";"Светильник подвесной лофт, чёрный. 1 рожок с цоколем E27, площадь освещения до 8 м?, мощность до 15 Вт. Подходит на кухню, в гостиную и над столом. Производство и гарантия УСВЕТА.";"светильник подвесной, светильник потолочный подвесной, люстра подвесная, светильник подвесной потолочный, подвесной светильник, светильник на кухню, светильник подвесной чёрный, купить светильник подвесной, светильник подвесной для натяжного потолка";"Подвесной светильник в стиле лофт, чёрный — УСВЕТА";"Подвесной светильник в стиле лофт (чёрный) от производителя. Подходит на кухню, в гостиную и над обеденным столом. Гарантия завода, доставка по России."
211197611853;УСВЕТА;"5009/1 Черный";;"Подвесной светильник";"Подвесной светильник чёрный | УСВЕТА";"Подвесной светильник, чёрный, 1 рожок E27. Подходит на кухню, в гостиную и над обеденным столом. Производство УСВЕТА.";"<strong>Подвесной светильник, чёрный</strong> — акцентный свет над столом и в зоне отдыха, на кухню, в гостиную и над обеденным столом.<br /><br /><strong>Характеристики:</strong><br />- Цвет: чёрный<br />- Материал: металл, пластик<br />- Количество ламп: 1 шт., цоколь E27<br />- Допустимая мощность: 15Вт (напряжение 220В)<br /><br /><strong>Преимущества:</strong><br />- Собственное производство полного цикла на Урале.<br />- Гарантия 3 года, срок службы до 5 лет.<br />- Простой монтаж, крепёж в комплекте.<br />- Бренд УСВЕТА — проверенное качество в массовом сегменте.<br /><br /><br />Сертификаты соответствия и декларации о соответствии на продукцию: <a href=""https://usveta.ru/cerificate"" target=""_blank"" rel=""noopener"">https://usveta.ru/cerificate</a>";https://static.tildacdn.com/stor6437-3161-4531-b033-313334663865/846dac6b1476d443e03101b869c0a007.jpg;3195.00;0;4999;;;i2IfuNFZs3bK1fNXmOR9;;1;;"металл, пластик";Черный;"15Вт (напряжение 220В)";"Под планку";;"3 года (срок эксплуатации 5 лет)";Россия;;;;;;1100;570;260;575;"Светильник подвесной, 1 лампа, чёрный, арт. 5009/1 | УСВЕТА";"Светильник подвесной, чёрный. 1 рожок с цоколем E27, мощность до 15 Вт. Подходит на кухню, в гостиную и над столом. Производство и гарантия УСВЕТА.";"светильник подвесной, светильник потолочный подвесной, люстра подвесная, светильник подвесной потолочный, подвесной светильник, светильник на кухню, светильник подвесной чёрный, купить светильник подвесной";"Подвесной светильник, чёрный — УСВЕТА";"Подвесной светильник (чёрный) от производителя. Подходит на кухню, в гостиную и над обеденным столом. Гарантия завода, доставка по России."
844872628523;УСВЕТА;"1039/3 Белый";;Торшеры;"Торшер напольный белый | УСВЕТА";"Напольный торшер, белый. Подходит в гостиную, спальню и зону отдыха для чтения. Производство УСВЕТА.";"<strong>Напольный торшер, белый</strong> — мобильный источник мягкого света в гостиную, спальню и зону отдыха для чтения.<br /><br /><strong>Характеристики:</strong><br />- Цвет: белый<br />- Материал: металл, пластик<br />- Количество ламп: 3 шт., цоколь E27<br />- Допустимая мощность: 15Вт (напряжение 220В)<br /><br /><strong>Преимущества:</strong><br />- Собственное производство полного цикла на Урале.<br />- Гарантия 3 года, срок службы до 5 лет.<br />- Бренд УСВЕТА — проверенное качество в массовом сегменте.<br /><br /><br />Сертификаты соответствия и декларации о соответствии на продукцию: <a href=""https://usveta.ru/cerificate"" target=""_blank"" rel=""noopener"">https://usveta.ru/cerificate</a>";https://static.tildacdn.com/stor3337-6435-4266-b563-366235343966/262cd824a3e1323ac78306d76ef02b28.jpg;2370.00;0;3999;;;nMOYhXnJ6oxduiJ2DLBa;;3;;"металл, пластик";Белый;"15Вт (напряжение 220В)";;;"3 года (срок эксплуатации 5 лет)";Россия;;;;;;3200;1300;260;185;"Торшер напольный, белый, арт. 1039/3 | УСВЕТА";"Торшер напольный, белый. Мощность до 15 Вт. Подходит в гостиную, спальню и для чтения. Производство и гарантия УСВЕТА.";"торшер напольный, торшер, торшер напольный современный, торшер напольный с абажуром, напольный светильник, торшер в гостиную, торшер белый, купить торшер";"Напольный торшер, белый — УСВЕТА";"Напольный торшер (белый) от производителя. Подходит в гостиную, спальню и зону отдыха для чтения. Гарантия завода, доставка по России."
281020890443;УСВЕТА;"1039/3 Коричневый + Коричневый";;Торшеры;"Торшер напольный белый | УСВЕТА";"Напольный торшер, белый. Подходит в гостиную, спальню и зону отдыха для чтения. Производство УСВЕТА.";"<strong>Напольный торшер, белый</strong> — мобильный источник мягкого света в гостиную, спальню и зону отдыха для чтения.<br /><br /><strong>Характеристики:</strong><br />- Цвет: белый<br />- Материал: металл, пластик<br />- Количество ламп: 3 шт., цоколь E27<br />- Допустимая мощность: 15Вт (напряжение 220В)<br /><br /><strong>Преимущества:</strong><br />- Собственное производство полного цикла на Урале.<br />- Гарантия 3 года, срок службы до 5 лет.<br />- Бренд УСВЕТА — проверенное качество в массовом сегменте.<br /><br /><br />Сертификаты соответствия и декларации о соответствии на продукцию: <a href=""https://usveta.ru/cerificate"" target=""_blank"" rel=""noopener"">https://usveta.ru/cerificate</a>";https://static.tildacdn.com/stor3634-6531-4063-b566-646661373065/52836cc1da9162da482bc139be7f7093.jpg;2370.00;0;3999;;;piV48z9Jz4EUGMDHt8BV;;3;;"металл, пластик";Белый;"15Вт (напряжение 220В)";;;"3 года (срок эксплуатации 5 лет)";Россия;;;;;;3950;1300;185;260;"Торшер напольный, белый, арт. 1039/3 | УСВЕТА";"Торшер напольный, белый. Мощность до 15 Вт. Подходит в гостиную, спальню и для чтения. Производство и гарантия УСВЕТА.";"торшер напольный, торшер, торшер напольный современный, торшер напольный с абажуром, напольный светильник, торшер в гостиную, торшер белый, купить торшер";"Напольный торшер, белый — УСВЕТА";"Напольный торшер (белый) от производителя. Подходит в гостиную, спальню и зону отдыха для чтения. Гарантия завода, доставка по России."
212007147223;УСВЕТА;"1039/3 Черный";;Торшеры;"Торшер напольный чёрный | УСВЕТА";"Напольный торшер, чёрный. Подходит в гостиную, спальню и зону отдыха для чтения. Производство УСВЕТА.";"<strong>Напольный торшер, чёрный</strong> — мобильный источник мягкого света в гостиную, спальню и зону отдыха для чтения.<br /><br /><strong>Характеристики:</strong><br />- Цвет: чёрный<br />- Материал: металл, пластик<br />- Количество ламп: 3 шт., цоколь E27<br />- Допустимая мощность: 15Вт (напряжение 220В)<br /><br /><strong>Преимущества:</strong><br />- Собственное производство полного цикла на Урале.<br />- Гарантия 3 года, срок службы до 5 лет.<br />- Бренд УСВЕТА — проверенное качество в массовом сегменте.<br /><br /><br />Сертификаты соответствия и декларации о соответствии на продукцию: <a href=""https://usveta.ru/cerificate"" target=""_blank"" rel=""noopener"">https://usveta.ru/cerificate</a>";https://static.tildacdn.com/stor3930-6136-4135-a634-313536383861/512f40f65ebb998f6d38d05abc39a03d.jpg;2370.00;0;3999;;;PxjDIRKJxTLl31PjeBKd;;3;;"металл, пластик";Черный;"15Вт (напряжение 220В)";;;"3 года (срок эксплуатации 5 лет)";Россия;;;;;;3200;1300;260;185;"Торшер напольный, чёрный, арт. 1039/3 | УСВЕТА";"Торшер напольный, чёрный. Мощность до 15 Вт. Подходит в гостиную, спальню и для чтения. Производство и гарантия УСВЕТА.";"торшер напольный, торшер, торшер напольный современный, торшер напольный с абажуром, напольный светильник, торшер в гостиную, торшер чёрный, купить торшер";"Напольный торшер, чёрный — УСВЕТА";"Напольный торшер (чёрный) от производителя. Подходит в гостиную, спальню и зону отдыха для чтения. Гарантия завода, доставка по России."
877756100473;УСВЕТА;"1044/2 Белый";;Торшеры;"Торшер напольный белый | УСВЕТА";"Напольный торшер, белый. Подходит в гостиную, спальню и зону отдыха для чтения. Производство УСВЕТА.";"<strong>Напольный торшер, белый</strong> — мобильный источник мягкого света в гостиную, спальню и зону отдыха для чтения.<br /><br /><strong>Характеристики:</strong><br />- Цвет: белый<br />- Материал: металл, пластик<br />- Количество ламп: 1 шт., цоколь E27<br />- Допустимая мощность: 15Вт (напряжение 220В)<br /><br /><strong>Преимущества:</strong><br />- Собственное производство полного цикла на Урале.<br />- Гарантия 3 года, срок службы до 5 лет.<br />- Бренд УСВЕТА — проверенное качество в массовом сегменте.<br /><br /><br />Сертификаты соответствия и декларации о соответствии на продукцию: <a href=""https://usveta.ru/cerificate"" target=""_blank"" rel=""noopener"">https://usveta.ru/cerificate</a>";https://static.tildacdn.com/stor3135-3363-4862-a137-376332336164/06ad48b82cd7da1a278be85600b16dc0.jpg;2146.00;50;3499;;;KrNzJMjSVS7CnZF8X4eV;;1;;"металл, пластик";Белый;"15Вт (напряжение 220В)";;;"3 года (срок эксплуатации 5 лет)";Россия;;;;;;2730;1305;305;150;"Торшер напольный, белый, арт. 1044/2 | УСВЕТА";"Торшер напольный, белый. Мощность до 15 Вт. Подходит в гостиную, спальню и для чтения. Производство и гарантия УСВЕТА.";"торшер напольный, торшер, торшер напольный современный, торшер напольный с абажуром, напольный светильник, торшер в гостиную, торшер белый, купить торшер";"Напольный торшер, белый — УСВЕТА";"Напольный торшер (белый) от производителя. Подходит в гостиную, спальню и зону отдыха для чтения. Гарантия завода, доставка по России."
115955854703;УСВЕТА;"1044/2 Коричневый";;Торшеры;"Торшер напольный коричневый | УСВЕТА";"Напольный торшер, коричневый. Подходит в гостиную, спальню и зону отдыха для чтения. Производство УСВЕТА.";"<strong>Напольный торшер, коричневый</strong> — мобильный источник мягкого света в гостиную, спальню и зону отдыха для чтения.<br /><br /><strong>Характеристики:</strong><br />- Цвет: коричневый<br />- Материал: металл, пластик<br />- Количество ламп: 1 шт., цоколь E27<br />- Допустимая мощность: 15Вт (напряжение 220В)<br /><br /><strong>Преимущества:</strong><br />- Собственное производство полного цикла на Урале.<br />- Гарантия 3 года, срок службы до 5 лет.<br />- Бренд УСВЕТА — проверенное качество в массовом сегменте.<br /><br /><br />Сертификаты соответствия и декларации о соответствии на продукцию: <a href=""https://usveta.ru/cerificate"" target=""_blank"" rel=""noopener"">https://usveta.ru/cerificate</a>";https://static.tildacdn.com/stor6437-3162-4130-a464-393766363461/5f8cb39e133ee0d3f2a9a4d3eada03de.jpg;2146.00;0;3499;;;OioNkAhv4VIZ0vhiGA2T;;1;;"металл, пластик";Коричневый;"15Вт (напряжение 220В)";;;"3 года (срок эксплуатации 5 лет)";Россия;;;;;;2730;1305;305;150;"Торшер напольный, коричневый, арт. 1044/2 | УСВЕТА";"Торшер напольный, коричневый. Мощность до 15 Вт. Подходит в гостиную, спальню и для чтения. Производство и гарантия УСВЕТА.";"торшер напольный, торшер, торшер напольный современный, торшер напольный с абажуром, напольный светильник, торшер в гостиную, торшер коричневый, купить торшер";"Напольный торшер, коричневый — УСВЕТА";"Напольный торшер (коричневый) от производителя. Подходит в гостиную, спальню и зону отдыха для чтения. Гарантия завода, доставка по России."
554439384393;УСВЕТА;"1044/2 Черный";;Торшеры;"Торшер напольный чёрный | УСВЕТА";"Напольный торшер, чёрный. Подходит в гостиную, спальню и зону отдыха для чтения. Производство УСВЕТА.";"<strong>Напольный торшер, чёрный</strong> — мобильный источник мягкого света в гостиную, спальню и зону отдыха для чтения.<br /><br /><strong>Характеристики:</strong><br />- Цвет: чёрный<br />- Материал: металл, пластик<br />- Количество ламп: 1 шт., цоколь E27<br />- Допустимая мощность: 15Вт (напряжение 220В)<br /><br /><strong>Преимущества:</strong><br />- Собственное производство полного цикла на Урале.<br />- Гарантия 3 года, срок службы до 5 лет.<br />- Бренд УСВЕТА — проверенное качество в массовом сегменте.<br /><br /><br />Сертификаты соответствия и декларации о соответствии на продукцию: <a href=""https://usveta.ru/cerificate"" target=""_blank"" rel=""noopener"">https://usveta.ru/cerificate</a>";https://static.tildacdn.com/stor3430-6635-4766-a231-643932393065/41fcfb39925790b7080737de32f0dcbe.jpg;2146.00;7;3499;;;E87k1a1zUTLXI0Luxzid;;1;;"металл, пластик";Черный;"15Вт (напряжение 220В)";;;"3 года (срок эксплуатации 5 лет)";Россия;;;;;;2730;1305;305;150;"Торшер напольный, чёрный, арт. 1044/2 | УСВЕТА";"Торшер напольный, чёрный. Мощность до 15 Вт. Подходит в гостиную, спальню и для чтения. Производство и гарантия УСВЕТА.";"торшер напольный, торшер, торшер напольный современный, торшер напольный с абажуром, напольный светильник, торшер в гостиную, торшер чёрный, купить торшер";"Напольный торшер, чёрный — УСВЕТА";"Напольный торшер (чёрный) от производителя. Подходит в гостиную, спальню и зону отдыха для чтения. Гарантия завода, доставка по России."
499585807553;УСВЕТА;"1047/3 Белый";;Торшеры;"Торшер напольный белый | УСВЕТА";"Напольный торшер, белый. Подходит в гостиную, спальню и зону отдыха для чтения. Производство УСВЕТА.";"<strong>Напольный торшер, белый</strong> — мобильный источник мягкого света в гостиную, спальню и зону отдыха для чтения.<br /><br /><strong>Характеристики:</strong><br />- Цвет: белый<br />- Материал: металл, пластик<br />- Количество ламп: 3 шт., цоколь E27<br />- Допустимая мощность: 15Вт (напряжение 220В)<br /><br /><strong>Преимущества:</strong><br />- Собственное производство полного цикла на Урале.<br />- Гарантия 3 года, срок службы до 5 лет.<br />- Бренд УСВЕТА — проверенное качество в массовом сегменте.<br /><br /><br />Сертификаты соответствия и декларации о соответствии на продукцию: <a href=""https://usveta.ru/cerificate"" target=""_blank"" rel=""noopener"">https://usveta.ru/cerificate</a>";https://static.tildacdn.com/stor6333-6462-4135-a636-663966663664/f091fd1ea4d829eab720570b3ec93dff.jpg;2615.00;0;3999;;;58ecIbUKU4jpRv9SXNRv;;3;;"металл, пластик";Белый;"15Вт (напряжение 220В)";;;"3 года (срок эксплуатации 5 лет)";Россия;;;;;;3500;1400;350;140;"Торшер напольный, белый, арт. 1047/3 | УСВЕТА";"Торшер напольный, белый. Мощность до 15 Вт. Подходит в гостиную, спальню и для чтения. Производство и гарантия УСВЕТА.";"торшер напольный, торшер, торшер напольный современный, торшер напольный с абажуром, напольный светильник, торшер в гостиную, торшер белый, купить торшер";"Напольный торшер, белый — УСВЕТА";"Напольный торшер (белый) от производителя. Подходит в гостиную, спальню и зону отдыха для чтения. Гарантия завода, доставка по России."
902961190513;УСВЕТА;"1047/3 Черный";;Торшеры;"Торшер напольный чёрный | УСВЕТА";"Напольный торшер, чёрный. Подходит в гостиную, спальню и зону отдыха для чтения. Производство УСВЕТА.";"<strong>Напольный торшер, чёрный</strong> — мобильный источник мягкого света в гостиную, спальню и зону отдыха для чтения.<br /><br /><strong>Характеристики:</strong><br />- Цвет: чёрный<br />- Материал: металл, пластик<br />- Количество ламп: 3 шт., цоколь E27<br />- Допустимая мощность: 15Вт (напряжение 220В)<br /><br /><strong>Преимущества:</strong><br />- Собственное производство полного цикла на Урале.<br />- Гарантия 3 года, срок службы до 5 лет.<br />- Бренд УСВЕТА — проверенное качество в массовом сегменте.<br /><br /><br />Сертификаты соответствия и декларации о соответствии на продукцию: <a href=""https://usveta.ru/cerificate"" target=""_blank"" rel=""noopener"">https://usveta.ru/cerificate</a>";https://static.tildacdn.com/stor6331-6235-4535-b663-653539623631/a750970983957dbd6f46c47152caf793.jpg;2615.00;0;3999;;;MxrmhXA5POxOOAI9pm5a;;3;;"металл, пластик";Черный;"15Вт (напряжение 220В)";;;"3 года (срок эксплуатации 5 лет)";Россия;;;;;;3500;1400;350;140;"Торшер напольный, чёрный, арт. 1047/3 | УСВЕТА";"Торшер напольный, чёрный. Мощность до 15 Вт. Подходит в гостиную, спальню и для чтения. Производство и гарантия УСВЕТА.";"торшер напольный, торшер, торшер напольный современный, торшер напольный с абажуром, напольный светильник, торшер в гостиную, торшер чёрный, купить торшер";"Напольный торшер, чёрный — УСВЕТА";"Напольный торшер (чёрный) от производителя. Подходит в гостиную, спальню и зону отдыха для чтения. Гарантия завода, доставка по России."
684327462863;УСВЕТА;"1049/3 Черный";;Торшеры;"Торшер напольный чёрный | УСВЕТА";"Напольный торшер, чёрный. Подходит в гостиную, спальню и зону отдыха для чтения. Производство УСВЕТА.";"<strong>Напольный торшер, чёрный</strong> — мобильный источник мягкого света в гостиную, спальню и зону отдыха для чтения.<br /><br /><strong>Характеристики:</strong><br />- Цвет: чёрный<br />- Материал: металл, пластик<br />- Количество ламп: 3 шт., цоколь E27<br />- Допустимая мощность: 15Вт (напряжение 220В)<br /><br /><strong>Преимущества:</strong><br />- Собственное производство полного цикла на Урале.<br />- Гарантия 3 года, срок службы до 5 лет.<br />- Бренд УСВЕТА — проверенное качество в массовом сегменте.<br /><br /><br />Сертификаты соответствия и декларации о соответствии на продукцию: <a href=""https://usveta.ru/cerificate"" target=""_blank"" rel=""noopener"">https://usveta.ru/cerificate</a>";https://static.tildacdn.com/stor3031-6136-4631-a334-316665656131/6a3183a8ab92b954353c0fe99a1a94a2.jpg;2425.00;0;3999;;;AgETnkSic8sOd9GyB9aD;;3;;"металл, пластик";Черный;"15Вт (напряжение 220В)";;;"3 года (срок эксплуатации 5 лет)";Россия;;;;;;3050;1350;285;160;"Торшер напольный, чёрный, арт. 1049/3 | УСВЕТА";"Торшер напольный, чёрный. Мощность до 15 Вт. Подходит в гостиную, спальню и для чтения. Производство и гарантия УСВЕТА.";"торшер напольный, торшер, торшер напольный современный, торшер напольный с абажуром, напольный светильник, торшер в гостиную, торшер чёрный, купить торшер";"Напольный торшер, чёрный — УСВЕТА";"Напольный торшер (чёрный) от производителя. Подходит в гостиную, спальню и зону отдыха для чтения. Гарантия завода, доставка по России."
764449417803;УСВЕТА;"1052/3 Белый";;Торшеры;"Торшер напольный белый | УСВЕТА";"Напольный торшер, белый. Подходит в гостиную, спальню и зону отдыха для чтения. Производство УСВЕТА.";"<strong>Напольный торшер, белый</strong> — мобильный источник мягкого света в гостиную, спальню и зону отдыха для чтения.<br /><br /><strong>Характеристики:</strong><br />- Цвет: белый<br />- Материал: металл, пластик<br />- Количество ламп: 3 шт., цоколь E27<br />- Допустимая мощность: 15Вт (напряжение 220В)<br /><br /><strong>Преимущества:</strong><br />- Собственное производство полного цикла на Урале.<br />- Гарантия 3 года, срок службы до 5 лет.<br />- Бренд УСВЕТА — проверенное качество в массовом сегменте.<br /><br /><br />Сертификаты соответствия и декларации о соответствии на продукцию: <a href=""https://usveta.ru/cerificate"" target=""_blank"" rel=""noopener"">https://usveta.ru/cerificate</a>";https://static.tildacdn.com/stor3261-6661-4330-b330-633236626263/2bc9defc766cdb27387c0e25eebc07b0.jpg;2455.00;1;3999;;;OY0DN6DOY645dNXaOAUL;;3;;"металл, пластик";Белый;"15Вт (напряжение 220В)";;;"3 года (срок эксплуатации 5 лет)";Россия;;;;;;3250;1300;260;185;"Торшер напольный, белый, арт. 1052/3 | УСВЕТА";"Торшер напольный, белый. Мощность до 15 Вт. Подходит в гостиную, спальню и для чтения. Производство и гарантия УСВЕТА.";"торшер напольный, торшер, торшер напольный современный, торшер напольный с абажуром, напольный светильник, торшер в гостиную, торшер белый, купить торшер";"Напольный торшер, белый — УСВЕТА";"Напольный торшер (белый) от производителя. Подходит в гостиную, спальню и зону отдыха для чтения. Гарантия завода, доставка по России."
872075093823;УСВЕТА;"1056/1 Белый";;Торшеры;"Торшер напольный УСВЕТА Классика Белый Е27, 15 Вт";"Напольный торшер, белый. Освещение до 6 м?. Подходит в гостиную, спальню и зону отдыха для чтения. Производство УСВЕТА.";"<strong>Напольный торшер, белый</strong> — мобильный источник мягкого света в гостиную, спальню и зону отдыха для чтения.<br /><br /><strong>Характеристики:</strong><br />- Цвет: белый<br />- Материал: металл, пластик<br />- Количество ламп: 1 шт., цоколь E27<br />- Допустимая мощность: 15Вт (напряжение 220В)<br />- Площадь освещения: до 6 м?<br /><br /><strong>Преимущества:</strong><br />- Собственное производство полного цикла на Урале.<br />- Гарантия 3 года, срок службы до 5 лет.<br />- Бренд УСВЕТА — проверенное качество в массовом сегменте.<br /><br /><br />Сертификаты соответствия и декларации о соответствии на продукцию: <a href=""https://usveta.ru/cerificate"" target=""_blank"" rel=""noopener"">https://usveta.ru/cerificate</a>";https://static.tildacdn.com/stor3036-3936-4764-a462-633063393631/6149d0eea9cf09921e8976f78090541b.jpg;1769.00;50;2999;;;diJKypUiRDZOMJA4Dyf0;;1;E27;"металл, пластик";Белый;"15Вт (напряжение 220В)";;;"3 года (срок эксплуатации 5 лет)";Россия;;;;;;2630;295;295;230;"Торшер напольный, белый, арт. 1056/1 | УСВЕТА";"Торшер напольный, белый. Площадь освещения до 6 м?, мощность до 15 Вт. Подходит в гостиную, спальню и для чтения. Производство и гарантия УСВЕТА.";"торшер напольный, торшер, торшер напольный современный, торшер напольный с абажуром, напольный светильник, торшер в гостиную, торшер белый, купить торшер";"Напольный торшер, белый — УСВЕТА";"Напольный торшер (белый) от производителя. Подходит в гостиную, спальню и зону отдыха для чтения. Гарантия завода, доставка по России."
990582153003;УСВЕТА;"1056/1 Черный";;"Торшеры;Акции>>>Хиты продаж";"Торшер напольный УСВЕТА Классика Черный Е27, 15 Вт";"Напольный торшер, чёрный. Освещение до 6 м?. Подходит в гостиную, спальню и зону отдыха для чтения. Производство УСВЕТА.";"<strong>Напольный торшер, чёрный</strong> — мобильный источник мягкого света в гостиную, спальню и зону отдыха для чтения.<br /><br /><strong>Характеристики:</strong><br />- Цвет: чёрный<br />- Материал: металл, пластик<br />- Количество ламп: 1 шт., цоколь E27<br />- Допустимая мощность: 15Вт (напряжение 220В)<br />- Площадь освещения: до 6 м?<br /><br /><strong>Преимущества:</strong><br />- Собственное производство полного цикла на Урале.<br />- Гарантия 3 года, срок службы до 5 лет.<br />- Бренд УСВЕТА — проверенное качество в массовом сегменте.<br /><br /><br />Сертификаты соответствия и декларации о соответствии на продукцию: <a href=""https://usveta.ru/cerificate"" target=""_blank"" rel=""noopener"">https://usveta.ru/cerificate</a>";https://static.tildacdn.com/stor6333-6432-4366-b533-623339623136/8698021a6e482fa7780e7e6f89b35b58.jpg;1762.00;50;2999;;;ZJOdsYzX9VNKPxLBDAPv;;1;E27;"металл, пластик";Черный;"15Вт (напряжение 220В)";;;"3 года (срок эксплуатации 5 лет)";Россия;;;;;;2630;295;295;230;"Торшер напольный, чёрный, арт. 1056/1 | УСВЕТА";"Торшер напольный, чёрный. Площадь освещения до 6 м?, мощность до 15 Вт. Подходит в гостиную, спальню и для чтения. Производство и гарантия УСВЕТА.";"торшер напольный, торшер, торшер напольный современный, торшер напольный с абажуром, напольный светильник, торшер в гостиную, торшер чёрный, купить торшер";"Напольный торшер, чёрный — УСВЕТА";"Напольный торшер (чёрный) от производителя. Подходит в гостиную, спальню и зону отдыха для чтения. Гарантия завода, доставка по России."
927949724543;УСВЕТА;"1064/1 Коричневый матовый+Шампань";Хит;Торшеры;"Торшер напольный коричневый шампань | УСВЕТА";"Напольный торшер в скандинавском стиле, коричневый. Освещение до 6 м?. Подходит в гостиную, спальню и зону отдыха для чтения. Производство УСВЕТА.";"<strong>Напольный торшер в скандинавском стиле, коричневый</strong> — мобильный источник мягкого света в гостиную, спальню и зону отдыха для чтения.<br /><br /><strong>Характеристики:</strong><br />- Цвет: коричневый<br />- Материал: металл, пластик<br />- Количество ламп: 1 шт., цоколь E27<br />- Допустимая мощность: 15Вт (напряжение 220В)<br />- Площадь освещения: до 6 м?<br /><br /><strong>Преимущества:</strong><br />- Собственное производство полного цикла на Урале.<br />- Гарантия 3 года, срок службы до 5 лет.<br />- Бренд УСВЕТА — проверенное качество в массовом сегменте.<br /><br /><br />Сертификаты соответствия и декларации о соответствии на продукцию: <a href=""https://usveta.ru/cerificate"" target=""_blank"" rel=""noopener"">https://usveta.ru/cerificate</a>";https://static.tildacdn.com/stor3830-6632-4564-b432-616263646361/3856a257351f99b699fadb52a52cfb62.jpg;2825.00;50;4499;;;ujOkLss23uXcxuPJDcmC;;1;;"металл, пластик";Коричневый;"15Вт (напряжение 220В)";;;"3 года (срок эксплуатации 5 лет)";Россия;;;;;;3600;370;410;410;"Торшер напольный сканди, коричневый, арт. 1064/1 | УСВЕТА";"Торшер напольный сканди, коричневый. Площадь освещения до 6 м?, мощность до 15 Вт. Подходит в гостиную, спальню и для чтения. Производство и гарантия УСВЕТА.";"торшер напольный, торшер, торшер напольный современный, торшер напольный с абажуром, напольный светильник, торшер в гостиную, торшер коричневый, купить торшер";"Напольный торшер в скандинавском стиле, коричневый — УСВЕТА";"Напольный торшер в скандинавском стиле (коричневый) от производителя. Подходит в гостиную, спальню и зону отдыха для чтения. Гарантия завода, доставка по России."
253403451003;УСВЕТА;"1064/1 Муар Белый+Натураль";Хит;"Торшеры;Акции>>>Хиты продаж";"Торшер напольный, высокий, белый с бежевым абажуром, Е27";"Напольный торшер в скандинавском стиле, натуральное дерево. Освещение до 6 м?. Подходит в гостиную, спальню и зону отдыха для чтения. Производство УСВЕТА.";"<strong>Напольный торшер в скандинавском стиле, натуральное дерево</strong> — мобильный источник мягкого света в гостиную, спальню и зону отдыха для чтения.<br /><br /><strong>Характеристики:</strong><br />- Цвет: натуральное дерево<br />- Материал: металл, пластик<br />- Количество ламп: 1 шт., цоколь E27<br />- Допустимая мощность: 15Вт (напряжение 220В)<br />- Площадь освещения: до 6 м?<br /><br /><strong>Преимущества:</strong><br />- Собственное производство полного цикла на Урале.<br />- Гарантия 3 года, срок службы до 5 лет.<br />- Бренд УСВЕТА — проверенное качество в массовом сегменте.<br /><br /><br />Сертификаты соответствия и декларации о соответствии на продукцию: <a href=""https://usveta.ru/cerificate"" target=""_blank"" rel=""noopener"">https://usveta.ru/cerificate</a>";https://static.tildacdn.com/stor3731-3939-4132-b637-663330643732/0d8184319c0482311140ee24c28218a7.jpg;2825.00;50;4499;;;14J9xjA1eZKzJjP77rCA;;1;E27;"металл, пластик";Натураль;"15Вт (напряжение 220В)";;;"3 года (срок эксплуатации 5 лет)";Россия;;;;;;3135;440;430;75;"Торшер напольный сканди, натуральное дерево, арт. 1064/1 | УСВЕТА";"Торшер напольный сканди, натуральное дерево. Площадь освещения до 6 м?, мощность до 15 Вт. Подходит в гостиную, спальню и для чтения. Производство и гарантия УСВЕТА.";"торшер напольный, торшер, торшер напольный современный, торшер напольный с абажуром, напольный светильник, торшер в гостиную, торшер натуральное дерево, купить торшер";"Напольный торшер в скандинавском стиле, натуральное дерево — УСВЕТА";"Напольный торшер в скандинавском стиле (натуральное дерево) от производителя. Подходит в гостиную, спальню и зону отдыха для чтения. Гарантия завода, доставка по России."
338806562103;УСВЕТА;"1064/1 Муар Черный+Натураль";Хит;"Торшеры;Акции>>>Хиты продаж";"Торшер напольный, высокий, черный с бежевым абажуром, Е27";"Напольный торшер в скандинавском стиле, чёрный. Освещение до 6 м?. Подходит в гостиную, спальню и зону отдыха для чтения. Производство УСВЕТА.";"<strong>Напольный торшер в скандинавском стиле, чёрный</strong> — мобильный источник мягкого света в гостиную, спальню и зону отдыха для чтения.<br /><br /><strong>Характеристики:</strong><br />- Цвет: чёрный<br />- Материал: металл, пластик<br />- Количество ламп: 1 шт., цоколь E27<br />- Допустимая мощность: 15Вт (напряжение 220В)<br />- Площадь освещения: до 6 м?<br /><br /><strong>Преимущества:</strong><br />- Собственное производство полного цикла на Урале.<br />- Гарантия 3 года, срок службы до 5 лет.<br />- Бренд УСВЕТА — проверенное качество в массовом сегменте.<br /><br /><br />Сертификаты соответствия и декларации о соответствии на продукцию: <a href=""https://usveta.ru/cerificate"" target=""_blank"" rel=""noopener"">https://usveta.ru/cerificate</a>";https://static.tildacdn.com/stor3833-6539-4634-a366-316436313333/1e1d4dcaec80d8ff972fe3cff7540044.jpg;2825.00;42;4499;;;UI1Kb77eHhkt3lf7jbjc;;1;E27;"металл, пластик";Черный;"15Вт (напряжение 220В)";;;"3 года (срок эксплуатации 5 лет)";Россия;;;;;;3135;440;430;75;"Торшер напольный сканди, чёрный, арт. 1064/1 | УСВЕТА";"Торшер напольный сканди, чёрный. Площадь освещения до 6 м?, мощность до 15 Вт. Подходит в гостиную, спальню и для чтения. Производство и гарантия УСВЕТА.";"торшер напольный, торшер, торшер напольный современный, торшер напольный с абажуром, напольный светильник, торшер в гостиную, торшер чёрный, купить торшер";"Напольный торшер в скандинавском стиле, чёрный — УСВЕТА";"Напольный торшер в скандинавском стиле (чёрный) от производителя. Подходит в гостиную, спальню и зону отдыха для чтения. Гарантия завода, доставка по России."
987850290623;УСВЕТА;"1064/1 Черный+Серый";Хит;Торшеры;"Торшер напольный черный серый | УСВЕТА";"Напольный торшер, чёрный. Подходит в гостиную, спальню и зону отдыха для чтения. Производство УСВЕТА.";"<strong>Напольный торшер, чёрный</strong> — мобильный источник мягкого света в гостиную, спальню и зону отдыха для чтения.<br /><br /><strong>Характеристики:</strong><br />- Цвет: чёрный<br />- Материал: металл, пластик<br />- Количество ламп: 1 шт., цоколь E27<br />- Допустимая мощность: 15Вт (напряжение 220В)<br /><br /><strong>Преимущества:</strong><br />- Собственное производство полного цикла на Урале.<br />- Гарантия 3 года, срок службы до 5 лет.<br />- Бренд УСВЕТА — проверенное качество в массовом сегменте.<br /><br /><br />Сертификаты соответствия и декларации о соответствии на продукцию: <a href=""https://usveta.ru/cerificate"" target=""_blank"" rel=""noopener"">https://usveta.ru/cerificate</a>";https://static.tildacdn.com/stor3236-6535-4365-b566-613963373136/15c856b8e5733f29f42a7c8505148d0f.jpg;2395.00;0;3999;;;EPDU4nGfizzTJbpx8gIJ;;1;;"металл, пластик";Черный;"15Вт (напряжение 220В)";;;"3 года (срок эксплуатации 5 лет)";Россия;;;;;;3100;370;310;120;"Торшер напольный, чёрный, арт. 1064/1 | УСВЕТА";"Торшер напольный, чёрный. Мощность до 15 Вт. Подходит в гостиную, спальню и для чтения. Производство и гарантия УСВЕТА.";"торшер напольный, торшер, торшер напольный современный, торшер напольный с абажуром, напольный светильник, торшер в гостиную, торшер чёрный, купить торшер";"Напольный торшер, чёрный — УСВЕТА";"Напольный торшер (чёрный) от производителя. Подходит в гостиную, спальню и зону отдыха для чтения. Гарантия завода, доставка по России."
127496047603;УСВЕТА;"1064/1 Черный+Шампань";Хит;Торшеры;"Торшер напольный черный шампань | УСВЕТА";"Напольный торшер, чёрный. Подходит в гостиную, спальню и зону отдыха для чтения. Производство УСВЕТА.";"<strong>Напольный торшер, чёрный</strong> — мобильный источник мягкого света в гостиную, спальню и зону отдыха для чтения.<br /><br /><strong>Характеристики:</strong><br />- Цвет: чёрный<br />- Материал: металл, пластик<br />- Количество ламп: 1 шт., цоколь E27<br />- Допустимая мощность: 15Вт (напряжение 220В)<br /><br /><strong>Преимущества:</strong><br />- Собственное производство полного цикла на Урале.<br />- Гарантия 3 года, срок службы до 5 лет.<br />- Бренд УСВЕТА — проверенное качество в массовом сегменте.<br /><br /><br />Сертификаты соответствия и декларации о соответствии на продукцию: <a href=""https://usveta.ru/cerificate"" target=""_blank"" rel=""noopener"">https://usveta.ru/cerificate</a>";https://static.tildacdn.com/stor3335-3865-4435-b136-333237333062/117f7df656d5777992ae676d46166a2f.jpg;2395.00;0;3999;;;CK6rZ0zodZApurnEntG1;;1;;"металл, пластик";Черный;"15Вт (напряжение 220В)";;;"3 года (срок эксплуатации 5 лет)";Россия;;;;;;3100;370;310;120;"Торшер напольный, чёрный, арт. 1064/1 | УСВЕТА";"Торшер напольный, чёрный. Мощность до 15 Вт. Подходит в гостиную, спальню и для чтения. Производство и гарантия УСВЕТА.";"торшер напольный, торшер, торшер напольный современный, торшер напольный с абажуром, напольный светильник, торшер в гостиную, торшер чёрный, купить торшер";"Напольный торшер, чёрный — УСВЕТА";"Напольный торшер (чёрный) от производителя. Подходит в гостиную, спальню и зону отдыха для чтения. Гарантия завода, доставка по России."
953439624303;УСВЕТА;"1066/1 Черный+Бирюзовый";;Торшеры;"Торшер напольный черный бирюзовый | УСВЕТА";"Напольный торшер, чёрный. Подходит в гостиную, спальню и зону отдыха для чтения. Производство УСВЕТА.";"<strong>Напольный торшер, чёрный</strong> — мобильный источник мягкого света в гостиную, спальню и зону отдыха для чтения.<br /><br /><strong>Характеристики:</strong><br />- Цвет: чёрный<br />- Материал: металл, пластик<br />- Количество ламп: 1 шт., цоколь E27<br />- Допустимая мощность: 15Вт (напряжение 220В)<br /><br /><strong>Преимущества:</strong><br />- Собственное производство полного цикла на Урале.<br />- Гарантия 3 года, срок службы до 5 лет.<br />- Бренд УСВЕТА — проверенное качество в массовом сегменте.<br /><br /><br />Сертификаты соответствия и декларации о соответствии на продукцию: <a href=""https://usveta.ru/cerificate"" target=""_blank"" rel=""noopener"">https://usveta.ru/cerificate</a>";https://static.tildacdn.com/stor3164-6661-4463-b836-336566366634/f5922a8f77f97f5d0cee0c9733497df7.jpg;2235.00;0;3499;;;2LlMHf80ArXZUKseVIpg;;1;;"металл, пластик";Черный;"15Вт (напряжение 220В)";;;"3 года (срок эксплуатации 5 лет)";Россия;;;;;;3000;370;310;120;"Торшер напольный, чёрный, арт. 1066/1 | УСВЕТА";"Торшер напольный, чёрный. Мощность до 15 Вт. Подходит в гостиную, спальню и для чтения. Производство и гарантия УСВЕТА.";"торшер напольный, торшер, торшер напольный современный, торшер напольный с абажуром, напольный светильник, торшер в гостиную, торшер чёрный, купить торшер";"Напольный торшер, чёрный — УСВЕТА";"Напольный торшер (чёрный) от производителя. Подходит в гостиную, спальню и зону отдыха для чтения. Гарантия завода, доставка по России."
577498260623;УСВЕТА;"1067/1 Белый";;Торшеры;"Торшер напольный белый | УСВЕТА";"Напольный торшер, белый. Подходит в гостиную, спальню и зону отдыха для чтения. Производство УСВЕТА.";"<strong>Напольный торшер, белый</strong> — мобильный источник мягкого света в гостиную, спальню и зону отдыха для чтения.<br /><br /><strong>Характеристики:</strong><br />- Цвет: белый<br />- Материал: металл, пластик<br />- Количество ламп: 1 шт., цоколь E27<br />- Допустимая мощность: 15Вт (напряжение 220В)<br /><br /><strong>Преимущества:</strong><br />- Собственное производство полного цикла на Урале.<br />- Гарантия 3 года, срок службы до 5 лет.<br />- Бренд УСВЕТА — проверенное качество в массовом сегменте.<br /><br /><br />Сертификаты соответствия и декларации о соответствии на продукцию: <a href=""https://usveta.ru/cerificate"" target=""_blank"" rel=""noopener"">https://usveta.ru/cerificate</a>";https://static.tildacdn.com/stor3361-3836-4762-a630-386666353238/c48f06d32d4b492e0bd99b0f980a0554.jpg;2149.00;0;3499;;;u1xmhFeOCagYzi6ztEj6;;1;;"металл, пластик";Белый;"15Вт (напряжение 220В)";;;"3 года (срок эксплуатации 5 лет)";Россия;;;;;;3200;1005;290;70;"Торшер напольный, белый, арт. 1067/1 | УСВЕТА";"Торшер напольный, белый. Мощность до 15 Вт. Подходит в гостиную, спальню и для чтения. Производство и гарантия УСВЕТА.";"торшер напольный, торшер, торшер напольный современный, торшер напольный с абажуром, напольный светильник, торшер в гостиную, торшер белый, купить торшер";"Напольный торшер, белый — УСВЕТА";"Напольный торшер (белый) от производителя. Подходит в гостиную, спальню и зону отдыха для чтения. Гарантия завода, доставка по России."
411175635703;УСВЕТА;"1068/1 Белый+Натураль";;Торшеры;"Торшер напольный белый | УСВЕТА";"Напольный торшер, белый. Подходит в гостиную, спальню и зону отдыха для чтения. Производство УСВЕТА.";"<strong>Напольный торшер, белый</strong> — мобильный источник мягкого света в гостиную, спальню и зону отдыха для чтения.<br /><br /><strong>Характеристики:</strong><br />- Цвет: белый<br />- Материал: металл, пластик<br />- Количество ламп: 1 шт., цоколь E27<br />- Допустимая мощность: 15Вт (напряжение 220В)<br /><br /><strong>Преимущества:</strong><br />- Собственное производство полного цикла на Урале.<br />- Гарантия 3 года, срок службы до 5 лет.<br />- Бренд УСВЕТА — проверенное качество в массовом сегменте.<br /><br /><br />Сертификаты соответствия и декларации о соответствии на продукцию: <a href=""https://usveta.ru/cerificate"" target=""_blank"" rel=""noopener"">https://usveta.ru/cerificate</a>";https://static.tildacdn.com/stor3664-6136-4961-b139-636161666563/9fdad5d29c42dedf2131bdef6ae8c000.jpg;2470.00;0;3999;;;iX1lHMbA0MCJR1SOPG3h;;1;;"металл, пластик";Белый;"15Вт (напряжение 220В)";;;"3 года (срок эксплуатации 5 лет)";Россия;;;;;;3900;1005;700;290;"Торшер напольный, белый, арт. 1068/1 | УСВЕТА";"Торшер напольный, белый. Мощность до 15 Вт. Подходит в гостиную, спальню и для чтения. Производство и гарантия УСВЕТА.";"торшер напольный, торшер, торшер напольный современный, торшер напольный с абажуром, напольный светильник, торшер в гостиную, торшер белый, купить торшер";"Напольный торшер, белый — УСВЕТА";"Напольный торшер (белый) от производителя. Подходит в гостиную, спальню и зону отдыха для чтения. Гарантия завода, доставка по России."
867319406543;УСВЕТА;"1068/1 Черный";;Торшеры;"Торшер напольный чёрный | УСВЕТА";"Напольный торшер, чёрный. Подходит в гостиную, спальню и зону отдыха для чтения. Производство УСВЕТА.";"<strong>Напольный торшер, чёрный</strong> — мобильный источник мягкого света в гостиную, спальню и зону отдыха для чтения.<br /><br /><strong>Характеристики:</strong><br />- Цвет: чёрный<br />- Материал: металл, пластик<br />- Количество ламп: 1 шт., цоколь E27<br />- Допустимая мощность: 15Вт (напряжение 220В)<br /><br /><strong>Преимущества:</strong><br />- Собственное производство полного цикла на Урале.<br />- Гарантия 3 года, срок службы до 5 лет.<br />- Бренд УСВЕТА — проверенное качество в массовом сегменте.<br /><br /><br />Сертификаты соответствия и декларации о соответствии на продукцию: <a href=""https://usveta.ru/cerificate"" target=""_blank"" rel=""noopener"">https://usveta.ru/cerificate</a>";https://static.tildacdn.com/stor3235-3437-4130-a130-313937656333/75300b8a993a31bf2c6096766920a1e6.jpg;2130.00;0;3499;;;rmj1xfjgJ9IOE6lDKGUz;;1;;"металл, пластик";Черный;"15Вт (напряжение 220В)";;;"3 года (срок эксплуатации 5 лет)";Россия;;;;;;3500;1005;290;70;"Торшер напольный, чёрный, арт. 1068/1 | УСВЕТА";"Торшер напольный, чёрный. Мощность до 15 Вт. Подходит в гостиную, спальню и для чтения. Производство и гарантия УСВЕТА.";"торшер напольный, торшер, торшер напольный современный, торшер напольный с абажуром, напольный светильник, торшер в гостиную, торшер чёрный, купить торшер";"Напольный торшер, чёрный — УСВЕТА";"Напольный торшер (чёрный) от производителя. Подходит в гостиную, спальню и зону отдыха для чтения. Гарантия завода, доставка по России."
285709607893;УСВЕТА;"1068/1 Черный+Красный";;Торшеры;"Торшер напольный черный красный | УСВЕТА";"Напольный торшер, чёрный. Подходит в гостиную, спальню и зону отдыха для чтения. Производство УСВЕТА.";"<strong>Напольный торшер, чёрный</strong> — мобильный источник мягкого света в гостиную, спальню и зону отдыха для чтения.<br /><br /><strong>Характеристики:</strong><br />- Цвет: чёрный<br />- Материал: металл, пластик<br />- Количество ламп: 1 шт., цоколь E27<br />- Допустимая мощность: 15Вт (напряжение 220В)<br /><br /><strong>Преимущества:</strong><br />- Собственное производство полного цикла на Урале.<br />- Гарантия 3 года, срок службы до 5 лет.<br />- Бренд УСВЕТА — проверенное качество в массовом сегменте.<br /><br /><br />Сертификаты соответствия и декларации о соответствии на продукцию: <a href=""https://usveta.ru/cerificate"" target=""_blank"" rel=""noopener"">https://usveta.ru/cerificate</a>";https://static.tildacdn.com/stor3561-3039-4335-b132-663337353030/2e2460f3f985059d911d08751ddd739c.jpg;2470.00;0;3999;;;4h6yZ6zdVdX9KLJifon5;;1;;"металл, пластик";Черный;"15Вт (напряжение 220В)";;;"3 года (срок эксплуатации 5 лет)";Россия;;;;;;3600;1005;290;70;"Торшер напольный, чёрный, арт. 1068/1 | УСВЕТА";"Торшер напольный, чёрный. Мощность до 15 Вт. Подходит в гостиную, спальню и для чтения. Производство и гарантия УСВЕТА.";"торшер напольный, торшер, торшер напольный современный, торшер напольный с абажуром, напольный светильник, торшер в гостиную, торшер чёрный, купить торшер";"Напольный торшер, чёрный — УСВЕТА";"Напольный торшер (чёрный) от производителя. Подходит в гостиную, спальню и зону отдыха для чтения. Гарантия завода, доставка по России."
452866409213;УСВЕТА;"1069/1 Белый";;Торшеры;"Торшер напольный белый | УСВЕТА";"Напольный торшер, белый. Подходит в гостиную, спальню и зону отдыха для чтения. Производство УСВЕТА.";"<strong>Напольный торшер, белый</strong> — мобильный источник мягкого света в гостиную, спальню и зону отдыха для чтения.<br /><br /><strong>Характеристики:</strong><br />- Цвет: белый<br />- Материал: металл, пластик<br />- Количество ламп: 1 шт., цоколь E27<br />- Допустимая мощность: 15Вт (напряжение 220В)<br /><br /><strong>Преимущества:</strong><br />- Собственное производство полного цикла на Урале.<br />- Гарантия 3 года, срок службы до 5 лет.<br />- Бренд УСВЕТА — проверенное качество в массовом сегменте.<br /><br /><br />Сертификаты соответствия и декларации о соответствии на продукцию: <a href=""https://usveta.ru/cerificate"" target=""_blank"" rel=""noopener"">https://usveta.ru/cerificate</a>";https://static.tildacdn.com/stor3664-3933-4538-a534-333735383033/8bbca0e8bf59873c16a52d1549800ff4.jpg;3065.00;0;4999;;;utgpTPnf6N6dcoKm1Evl;;1;;"металл, пластик";Белый;"15Вт (напряжение 220В)";;;"3 года (срок эксплуатации 5 лет)";Россия;;;;;;4500;980;330;70;"Торшер напольный, белый, арт. 1069/1 | УСВЕТА";"Торшер напольный, белый. Мощность до 15 Вт. Подходит в гостиную, спальню и для чтения. Производство и гарантия УСВЕТА.";"торшер напольный, торшер, торшер напольный современный, торшер напольный с абажуром, напольный светильник, торшер в гостиную, торшер белый, купить торшер";"Напольный торшер, белый — УСВЕТА";"Напольный торшер (белый) от производителя. Подходит в гостиную, спальню и зону отдыха для чтения. Гарантия завода, доставка по России."
519868980513;УСВЕТА;"1069/1 Черный";;Торшеры;"Торшер напольный чёрный | УСВЕТА";"Напольный торшер, чёрный. Подходит в гостиную, спальню и зону отдыха для чтения. Производство УСВЕТА.";"<strong>Напольный торшер, чёрный</strong> — мобильный источник мягкого света в гостиную, спальню и зону отдыха для чтения.<br /><br /><strong>Характеристики:</strong><br />- Цвет: чёрный<br />- Материал: металл, пластик<br />- Количество ламп: 1 шт., цоколь E27<br />- Допустимая мощность: 15Вт (напряжение 220В)<br /><br /><strong>Преимущества:</strong><br />- Собственное производство полного цикла на Урале.<br />- Гарантия 3 года, срок службы до 5 лет.<br />- Бренд УСВЕТА — проверенное качество в массовом сегменте.<br /><br /><br />Сертификаты соответствия и декларации о соответствии на продукцию: <a href=""https://usveta.ru/cerificate"" target=""_blank"" rel=""noopener"">https://usveta.ru/cerificate</a>";https://static.tildacdn.com/stor3436-6135-4234-b031-366165333335/bdfcc190d09d2d5e69548ab0503b21b8.jpg;3065.00;0;4999;;;SB9ED8U9US387Dr7BHk5;;1;;"металл, пластик";Черный;"15Вт (напряжение 220В)";;;"3 года (срок эксплуатации 5 лет)";Россия;;;;;;4500;980;330;70;"Торшер напольный, чёрный, арт. 1069/1 | УСВЕТА";"Торшер напольный, чёрный. Мощность до 15 Вт. Подходит в гостиную, спальню и для чтения. Производство и гарантия УСВЕТА.";"торшер напольный, торшер, торшер напольный современный, торшер напольный с абажуром, напольный светильник, торшер в гостиную, торшер чёрный, купить торшер";"Напольный торшер, чёрный — УСВЕТА";"Напольный торшер (чёрный) от производителя. Подходит в гостиную, спальню и зону отдыха для чтения. Гарантия завода, доставка по России."
253753031873;УСВЕТА;"1069/1 Черный+Бирюзовый";;Торшеры;"Торшер напольный черный бирюзовый | УСВЕТА";"Напольный торшер, чёрный. Подходит в гостиную, спальню и зону отдыха для чтения. Производство УСВЕТА.";"<strong>Напольный торшер, чёрный</strong> — мобильный источник мягкого света в гостиную, спальню и зону отдыха для чтения.<br /><br /><strong>Характеристики:</strong><br />- Цвет: чёрный<br />- Материал: металл, пластик<br />- Количество ламп: 1 шт., цоколь E27<br />- Допустимая мощность: 15Вт (напряжение 220В)<br /><br /><strong>Преимущества:</strong><br />- Собственное производство полного цикла на Урале.<br />- Гарантия 3 года, срок службы до 5 лет.<br />- Бренд УСВЕТА — проверенное качество в массовом сегменте.<br /><br /><br />Сертификаты соответствия и декларации о соответствии на продукцию: <a href=""https://usveta.ru/cerificate"" target=""_blank"" rel=""noopener"">https://usveta.ru/cerificate</a>";https://static.tildacdn.com/stor3737-3932-4033-a533-346237666238/e1c21c784f0cc4737259c2e37607854d.jpg;3415.00;0;5499;;;tyPMjnKaosMi55coVmGL;;1;;"металл, пластик";Черный;"15Вт (напряжение 220В)";;;"3 года (срок эксплуатации 5 лет)";Россия;;;;;;4400;980;330;70;"Торшер напольный, чёрный, арт. 1069/1 | УСВЕТА";"Торшер напольный, чёрный. Мощность до 15 Вт. Подходит в гостиную, спальню и для чтения. Производство и гарантия УСВЕТА.";"торшер напольный, торшер, торшер напольный современный, торшер напольный с абажуром, напольный светильник, торшер в гостиную, торшер чёрный, купить торшер";"Напольный торшер, чёрный — УСВЕТА";"Напольный торшер (чёрный) от производителя. Подходит в гостиную, спальню и зону отдыха для чтения. Гарантия завода, доставка по России."
808984751743;УСВЕТА;"1069/1 Черный+Красный";;Торшеры;"Торшер напольный черный красный | УСВЕТА";"Напольный торшер, чёрный. Подходит в гостиную, спальню и зону отдыха для чтения. Производство УСВЕТА.";"<strong>Напольный торшер, чёрный</strong> — мобильный источник мягкого света в гостиную, спальню и зону отдыха для чтения.<br /><br /><strong>Характеристики:</strong><br />- Цвет: чёрный<br />- Материал: металл, пластик<br />- Количество ламп: 1 шт., цоколь E27<br />- Допустимая мощность: 15Вт (напряжение 220В)<br /><br /><strong>Преимущества:</strong><br />- Собственное производство полного цикла на Урале.<br />- Гарантия 3 года, срок службы до 5 лет.<br />- Бренд УСВЕТА — проверенное качество в массовом сегменте.<br /><br /><br />Сертификаты соответствия и декларации о соответствии на продукцию: <a href=""https://usveta.ru/cerificate"" target=""_blank"" rel=""noopener"">https://usveta.ru/cerificate</a>";https://static.tildacdn.com/stor6631-3866-4131-a137-646265623164/cd7332ec6826d9dea66535e12be1708d.jpg;3415.00;0;5499;;;1h1NMoy0UOod8eGUkV6V;;1;;"металл, пластик";Черный;"15Вт (напряжение 220В)";;;"3 года (срок эксплуатации 5 лет)";Россия;;;;;;4400;980;330;70;"Торшер напольный, чёрный, арт. 1069/1 | УСВЕТА";"Торшер напольный, чёрный. Мощность до 15 Вт. Подходит в гостиную, спальню и для чтения. Производство и гарантия УСВЕТА.";"торшер напольный, торшер, торшер напольный современный, торшер напольный с абажуром, напольный светильник, торшер в гостиную, торшер чёрный, купить торшер";"Напольный торшер, чёрный — УСВЕТА";"Напольный торшер (чёрный) от производителя. Подходит в гостиную, спальню и зону отдыха для чтения. Гарантия завода, доставка по России."
161985008023;УСВЕТА;"1070/1 Белый";;"Торшеры;Акции>>>Хиты продаж";"Торшер напольный белый | УСВЕТА";"Напольный торшер, белый. Подходит в гостиную, спальню и зону отдыха для чтения. Производство УСВЕТА.";"<strong>Напольный торшер, белый</strong> — мобильный источник мягкого света в гостиную, спальню и зону отдыха для чтения.<br /><br /><strong>Характеристики:</strong><br />- Цвет: белый<br />- Материал: металл, пластик<br />- Количество ламп: 1 шт., цоколь E27<br />- Допустимая мощность: 15Вт (напряжение 220В)<br /><br /><strong>Преимущества:</strong><br />- Собственное производство полного цикла на Урале.<br />- Гарантия 3 года, срок службы до 5 лет.<br />- Бренд УСВЕТА — проверенное качество в массовом сегменте.<br /><br /><br />Сертификаты соответствия и декларации о соответствии на продукцию: <a href=""https://usveta.ru/cerificate"" target=""_blank"" rel=""noopener"">https://usveta.ru/cerificate</a>";https://static.tildacdn.com/stor3634-3232-4366-b362-646638303634/1018a01bc940dced6b194a17ad59ff6d.jpg;2335.00;0;3999;;;xPDjnfOOb3OYk7LFp25x;;1;;"металл, пластик";Белый;"15Вт (напряжение 220В)";;;"3 года (срок эксплуатации 5 лет)";Россия;;;;;;3500;1212;290;70;"Торшер напольный, белый, арт. 1070/1 | УСВЕТА";"Торшер напольный, белый. Мощность до 15 Вт. Подходит в гостиную, спальню и для чтения. Производство и гарантия УСВЕТА.";"торшер напольный, торшер, торшер напольный современный, торшер напольный с абажуром, напольный светильник, торшер в гостиную, торшер белый, купить торшер";"Напольный торшер, белый — УСВЕТА";"Напольный торшер (белый) от производителя. Подходит в гостиную, спальню и зону отдыха для чтения. Гарантия завода, доставка по России."
574864230273;УСВЕТА;"1070/1 Черный";;"Торшеры;Акции>>>Хиты продаж";"Торшер напольный чёрный | УСВЕТА";"Напольный торшер, чёрный. Подходит в гостиную, спальню и зону отдыха для чтения. Производство УСВЕТА.";"<strong>Напольный торшер, чёрный</strong> — мобильный источник мягкого света в гостиную, спальню и зону отдыха для чтения.<br /><br /><strong>Характеристики:</strong><br />- Цвет: чёрный<br />- Материал: металл, пластик<br />- Количество ламп: 1 шт., цоколь E27<br />- Допустимая мощность: 15Вт (напряжение 220В)<br /><br /><strong>Преимущества:</strong><br />- Собственное производство полного цикла на Урале.<br />- Гарантия 3 года, срок службы до 5 лет.<br />- Бренд УСВЕТА — проверенное качество в массовом сегменте.<br /><br /><br />Сертификаты соответствия и декларации о соответствии на продукцию: <a href=""https://usveta.ru/cerificate"" target=""_blank"" rel=""noopener"">https://usveta.ru/cerificate</a>";https://static.tildacdn.com/stor3932-3031-4930-a530-333962373839/c642ad7d27e1200b21784b7a1b8a567b.webp;2335.00;0;3999;;;bE2pigEFet7MUthPEc2M;;1;;"металл, пластик";Черный;"15Вт (напряжение 220В)";;;"3 года (срок эксплуатации 5 лет)";Россия;;;;;;3500;1212;290;70;"Торшер напольный, чёрный, арт. 1070/1 | УСВЕТА";"Торшер напольный, чёрный. Мощность до 15 Вт. Подходит в гостиную, спальню и для чтения. Производство и гарантия УСВЕТА.";"торшер напольный, торшер, торшер напольный современный, торшер напольный с абажуром, напольный светильник, торшер в гостиную, торшер чёрный, купить торшер";"Напольный торшер, чёрный — УСВЕТА";"Напольный торшер (чёрный) от производителя. Подходит в гостиную, спальню и зону отдыха для чтения. Гарантия завода, доставка по России."
422126649953;УСВЕТА;"1070/1 Черный+Бирюзовый";;Торшеры;"Торшер напольный черный бирюзовый | УСВЕТА";"Напольный торшер, чёрный. Подходит в гостиную, спальню и зону отдыха для чтения. Производство УСВЕТА.";"<strong>Напольный торшер, чёрный</strong> — мобильный источник мягкого света в гостиную, спальню и зону отдыха для чтения.<br /><br /><strong>Характеристики:</strong><br />- Цвет: чёрный<br />- Материал: металл, пластик<br />- Количество ламп: 1 шт., цоколь E27<br />- Допустимая мощность: 15Вт (напряжение 220В)<br /><br /><strong>Преимущества:</strong><br />- Собственное производство полного цикла на Урале.<br />- Гарантия 3 года, срок службы до 5 лет.<br />- Бренд УСВЕТА — проверенное качество в массовом сегменте.<br /><br /><br />Сертификаты соответствия и декларации о соответствии на продукцию: <a href=""https://usveta.ru/cerificate"" target=""_blank"" rel=""noopener"">https://usveta.ru/cerificate</a>";https://static.tildacdn.com/stor3361-6639-4837-b562-383839326136/3b1d3e509961b97a76d49ade17b03184.jpg;2790.00;0;4499;;;5K8bFjXKNeIX3IAX0pyx;;1;;"металл, пластик";Черный;"15Вт (напряжение 220В)";;;"3 года (срок эксплуатации 5 лет)";Россия;;;;;;3500;1212;290;70;"Торшер напольный, чёрный, арт. 1070/1 | УСВЕТА";"Торшер напольный, чёрный. Мощность до 15 Вт. Подходит в гостиную, спальню и для чтения. Производство и гарантия УСВЕТА.";"торшер напольный, торшер, торшер напольный современный, торшер напольный с абажуром, напольный светильник, торшер в гостиную, торшер чёрный, купить торшер";"Напольный торшер, чёрный — УСВЕТА";"Напольный торшер (чёрный) от производителя. Подходит в гостиную, спальню и зону отдыха для чтения. Гарантия завода, доставка по России."
988138488453;УСВЕТА;"1070/1 Черный+Красный";;Торшеры;"Торшер напольный черный красный | УСВЕТА";"Напольный торшер, чёрный. Подходит в гостиную, спальню и зону отдыха для чтения. Производство УСВЕТА.";"<strong>Напольный торшер, чёрный</strong> — мобильный источник мягкого света в гостиную, спальню и зону отдыха для чтения.<br /><br /><strong>Характеристики:</strong><br />- Цвет: чёрный<br />- Материал: металл, пластик<br />- Количество ламп: 1 шт., цоколь E27<br />- Допустимая мощность: 15Вт (напряжение 220В)<br /><br /><strong>Преимущества:</strong><br />- Собственное производство полного цикла на Урале.<br />- Гарантия 3 года, срок службы до 5 лет.<br />- Бренд УСВЕТА — проверенное качество в массовом сегменте.<br /><br /><br />Сертификаты соответствия и декларации о соответствии на продукцию: <a href=""https://usveta.ru/cerificate"" target=""_blank"" rel=""noopener"">https://usveta.ru/cerificate</a>";https://static.tildacdn.com/stor6537-6666-4935-a163-613638313138/caa0ad65be2f83ee9014fd7f55c25b70.jpg;2790.00;0;4499;;;idleYmcj7cX5EYDDRM4D;;1;;"металл, пластик";Черный;"15Вт (напряжение 220В)";;;"3 года (срок эксплуатации 5 лет)";Россия;;;;;;3500;1212;290;70;"Торшер напольный, чёрный, арт. 1070/1 | УСВЕТА";"Торшер напольный, чёрный. Мощность до 15 Вт. Подходит в гостиную, спальню и для чтения. Производство и гарантия УСВЕТА.";"торшер напольный, торшер, торшер напольный современный, торшер напольный с абажуром, напольный светильник, торшер в гостиную, торшер чёрный, купить торшер";"Напольный торшер, чёрный — УСВЕТА";"Напольный торшер (чёрный) от производителя. Подходит в гостиную, спальню и зону отдыха для чтения. Гарантия завода, доставка по России."
436991727363;УСВЕТА;"1072/1 Белый+Натураль";;Торшеры;"Торшер напольный белый натуральныйный | УСВЕТА";"Напольный торшер, натуральное дерево. Подходит в гостиную, спальню и зону отдыха для чтения. Производство УСВЕТА.";"<strong>Напольный торшер, натуральное дерево</strong> — мобильный источник мягкого света в гостиную, спальню и зону отдыха для чтения.<br /><br /><strong>Характеристики:</strong><br />- Цвет: натуральное дерево<br />- Материал: металл, пластик<br />- Количество ламп: 1 шт., цоколь E27<br />- Допустимая мощность: 15Вт (напряжение 220В)<br /><br /><strong>Преимущества:</strong><br />- Собственное производство полного цикла на Урале.<br />- Гарантия 3 года, срок службы до 5 лет.<br />- Бренд УСВЕТА — проверенное качество в массовом сегменте.<br /><br /><br />Сертификаты соответствия и декларации о соответствии на продукцию: <a href=""https://usveta.ru/cerificate"" target=""_blank"" rel=""noopener"">https://usveta.ru/cerificate</a>";https://static.tildacdn.com/stor3039-3762-4861-b665-313930623766/b929faca267319fcb278c73fb7bb6a69.jpg;3540.00;0;5499;;;AtoLv1YlGFG7kRzfreIi;;1;;"металл, пластик";Натураль;"15Вт (напряжение 220В)";;;"3 года (срок эксплуатации 5 лет)";Россия;;;;;;3000;410;410;610;"Торшер напольный, натуральное дерево, арт. 1072/1 | УСВЕТА";"Торшер напольный, натуральное дерево. Мощность до 15 Вт. Подходит в гостиную, спальню и для чтения. Производство и гарантия УСВЕТА.";"торшер напольный, торшер, торшер напольный современный, торшер напольный с абажуром, напольный светильник, торшер в гостиную, торшер натуральное дерево, купить торшер";"Напольный торшер, натуральное дерево — УСВЕТА";"Напольный торшер (натуральное дерево) от производителя. Подходит в гостиную, спальню и зону отдыха для чтения. Гарантия завода, доставка по России."
339878121083;УСВЕТА;"1072/1 Белый+Серый";;Торшеры;"Торшер напольный белый серый | УСВЕТА";"Напольный торшер, серый. Подходит в гостиную, спальню и зону отдыха для чтения. Производство УСВЕТА.";"<strong>Напольный торшер, серый</strong> — мобильный источник мягкого света в гостиную, спальню и зону отдыха для чтения.<br /><br /><strong>Характеристики:</strong><br />- Цвет: серый<br />- Материал: металл, пластик<br />- Количество ламп: 1 шт., цоколь E27<br />- Допустимая мощность: 15Вт (напряжение 220В)<br /><br /><strong>Преимущества:</strong><br />- Собственное производство полного цикла на Урале.<br />- Гарантия 3 года, срок службы до 5 лет.<br />- Бренд УСВЕТА — проверенное качество в массовом сегменте.<br /><br /><br />Сертификаты соответствия и декларации о соответствии на продукцию: <a href=""https://usveta.ru/cerificate"" target=""_blank"" rel=""noopener"">https://usveta.ru/cerificate</a>";https://static.tildacdn.com/stor6433-6438-4433-b234-373765353938/8a574186c8e05c391a7e9959827c4927.jpg;3540.00;0;5499;;;Z9m9SI1ox9du7IBZtkun;;1;;"металл, пластик";Серый;"15Вт (напряжение 220В)";;;"3 года (срок эксплуатации 5 лет)";Россия;;;;;;3000;410;410;610;"Торшер напольный, серый, арт. 1072/1 | УСВЕТА";"Торшер напольный, серый. Мощность до 15 Вт. Подходит в гостиную, спальню и для чтения. Производство и гарантия УСВЕТА.";"торшер напольный, торшер, торшер напольный современный, торшер напольный с абажуром, напольный светильник, торшер в гостиную, торшер серый, купить торшер";"Напольный торшер, серый — УСВЕТА";"Напольный торшер (серый) от производителя. Подходит в гостиную, спальню и зону отдыха для чтения. Гарантия завода, доставка по России."
841390851953;УСВЕТА;"1073/1 Черный";;Торшеры;"Торшер напольный чёрный | УСВЕТА";"Напольный торшер, чёрный. Подходит в гостиную, спальню и зону отдыха для чтения. Производство УСВЕТА.";"<strong>Напольный торшер, чёрный</strong> — мобильный источник мягкого света в гостиную, спальню и зону отдыха для чтения.<br /><br /><strong>Характеристики:</strong><br />- Цвет: чёрный<br />- Материал: металл, пластик<br />- Количество ламп: 1 шт., цоколь E27<br />- Допустимая мощность: 15Вт (напряжение 220В)<br /><br /><strong>Преимущества:</strong><br />- Собственное производство полного цикла на Урале.<br />- Гарантия 3 года, срок службы до 5 лет.<br />- Бренд УСВЕТА — проверенное качество в массовом сегменте.<br /><br /><br />Сертификаты соответствия и декларации о соответствии на продукцию: <a href=""https://usveta.ru/cerificate"" target=""_blank"" rel=""noopener"">https://usveta.ru/cerificate</a>";https://static.tildacdn.com/stor3333-3238-4234-a538-383862646565/68fa91fd74a321096b127fbfae8b9b8c.jpg;2490.00;0;3999;;;lIHEzcPiPOMTNEbflI8y;;1;;"металл, пластик";Черный;"15Вт (напряжение 220В)";;;"3 года (срок эксплуатации 5 лет)";Россия;;;;;;3500;930;300;85;"Торшер напольный, чёрный, арт. 1073/1 | УСВЕТА";"Торшер напольный, чёрный. Мощность до 15 Вт. Подходит в гостиную, спальню и для чтения. Производство и гарантия УСВЕТА.";"торшер напольный, торшер, торшер напольный современный, торшер напольный с абажуром, напольный светильник, торшер в гостиную, торшер чёрный, купить торшер";"Напольный торшер, чёрный — УСВЕТА";"Напольный торшер (чёрный) от производителя. Подходит в гостиную, спальню и зону отдыха для чтения. Гарантия завода, доставка по России."
182562126263;УСВЕТА;"1074/1 Коричневый+Коричневый";;Торшеры;"Торшер напольный коричневый коричневый | УСВЕТА";"Напольный торшер, коричневый. Подходит в гостиную, спальню и зону отдыха для чтения. Производство УСВЕТА.";"<strong>Напольный торшер, коричневый</strong> — мобильный источник мягкого света в гостиную, спальню и зону отдыха для чтения.<br /><br /><strong>Характеристики:</strong><br />- Цвет: коричневый<br />- Материал: металл, пластик<br />- Количество ламп: 1 шт., цоколь E27<br />- Допустимая мощность: 15Вт (напряжение 220В)<br /><br /><strong>Преимущества:</strong><br />- Собственное производство полного цикла на Урале.<br />- Гарантия 3 года, срок службы до 5 лет.<br />- Бренд УСВЕТА — проверенное качество в массовом сегменте.<br /><br /><br />Сертификаты соответствия и декларации о соответствии на продукцию: <a href=""https://usveta.ru/cerificate"" target=""_blank"" rel=""noopener"">https://usveta.ru/cerificate</a>";https://static.tildacdn.com/stor6539-3663-4664-b163-353532363937/3c41b86f053a47380bd43750eb30f105.jpg;2540.00;2;3999;;;mYpbVGn17XpCz4V3xa7M;;1;;"металл, пластик";Коричневый;"15Вт (напряжение 220В)";;;"3 года (срок эксплуатации 5 лет)";Россия;;;;;;3700;340;310;210;"Торшер напольный, коричневый, арт. 1074/1 | УСВЕТА";"Торшер напольный, коричневый. Мощность до 15 Вт. Подходит в гостиную, спальню и для чтения. Производство и гарантия УСВЕТА.";"торшер напольный, торшер, торшер напольный современный, торшер напольный с абажуром, напольный светильник, торшер в гостиную, торшер коричневый, купить торшер";"Напольный торшер, коричневый — УСВЕТА";"Напольный торшер (коричневый) от производителя. Подходит в гостиную, спальню и зону отдыха для чтения. Гарантия завода, доставка по России."
418441274513;УСВЕТА;"1075/1 Черный";;Торшеры;"Торшер напольный чёрный | УСВЕТА";"Напольный торшер, чёрный. Подходит в гостиную, спальню и зону отдыха для чтения. Производство УСВЕТА.";"<strong>Напольный торшер, чёрный</strong> — мобильный источник мягкого света в гостиную, спальню и зону отдыха для чтения.<br /><br /><strong>Характеристики:</strong><br />- Цвет: чёрный<br />- Материал: металл, пластик<br />- Количество ламп: 1 шт., цоколь E27<br />- Допустимая мощность: 15Вт (напряжение 220В)<br /><br /><strong>Преимущества:</strong><br />- Собственное производство полного цикла на Урале.<br />- Гарантия 3 года, срок службы до 5 лет.<br />- Бренд УСВЕТА — проверенное качество в массовом сегменте.<br /><br /><br />Сертификаты соответствия и декларации о соответствии на продукцию: <a href=""https://usveta.ru/cerificate"" target=""_blank"" rel=""noopener"">https://usveta.ru/cerificate</a>";https://static.tildacdn.com/stor6439-3033-4162-b762-643539323762/980787042ceaa0c6187aa542d98ca654.jpg;2835.00;13;4499;;;4A8iHtgomfcuheEGyFFX;;1;;"металл, пластик";Черный;"15Вт (напряжение 220В)";;;"3 года (срок эксплуатации 5 лет)";Россия;;;;;;4100;305;305;175;"Торшер напольный, чёрный, арт. 1075/1 | УСВЕТА";"Торшер напольный, чёрный. Мощность до 15 Вт. Подходит в гостиную, спальню и для чтения. Производство и гарантия УСВЕТА.";"торшер напольный, торшер, торшер напольный современный, торшер напольный с абажуром, напольный светильник, торшер в гостиную, торшер чёрный, купить торшер";"Напольный торшер, чёрный — УСВЕТА";"Напольный торшер (чёрный) от производителя. Подходит в гостиную, спальню и зону отдыха для чтения. Гарантия завода, доставка по России."
863871805813;УСВЕТА;"1100/1 Белый муар";;Торшеры;"Торшер напольный белый муар | УСВЕТА";"Напольный торшер, белый. Подходит в гостиную, спальню и зону отдыха для чтения. Производство УСВЕТА.";"<strong>Напольный торшер, белый</strong> — мобильный источник мягкого света в гостиную, спальню и зону отдыха для чтения.<br /><br /><strong>Характеристики:</strong><br />- Цвет: белый<br />- Материал: металл, пластик<br />- Количество ламп: 1 шт., цоколь E27<br />- Допустимая мощность: 15Вт (напряжение 220В)<br /><br /><strong>Преимущества:</strong><br />- Собственное производство полного цикла на Урале.<br />- Гарантия 3 года, срок службы до 5 лет.<br />- Бренд УСВЕТА — проверенное качество в массовом сегменте.<br /><br /><br />Сертификаты соответствия и декларации о соответствии на продукцию: <a href=""https://usveta.ru/cerificate"" target=""_blank"" rel=""noopener"">https://usveta.ru/cerificate</a>";https://static.tildacdn.com/stor3263-3465-4634-b731-646564306534/5859da88e197767e9e4cb6f8e52c8756.jpg;3495.00;50;5499;;;2S6LXXKfLzmbUUjUbhje;;1;;"металл, пластик";Белый;"15Вт (напряжение 220В)";;;"3 года (срок эксплуатации 5 лет)";Россия;;;;;;2950;365;365;260;"Торшер напольный, белый, арт. 1100/1 | УСВЕТА";"Торшер напольный, белый. Мощность до 15 Вт. Подходит в гостиную, спальню и для чтения. Производство и гарантия УСВЕТА.";"торшер напольный, торшер, торшер напольный современный, торшер напольный с абажуром, напольный светильник, торшер в гостиную, торшер белый, купить торшер";"Напольный торшер, белый — УСВЕТА";"Напольный торшер (белый) от производителя. Подходит в гостиную, спальню и зону отдыха для чтения. Гарантия завода, доставка по России."
860257880463;УСВЕТА;"1100/1 Черный муар";;Торшеры;"Торшер напольный чёрный муар | УСВЕТА";"Напольный торшер, чёрный. Подходит в гостиную, спальню и зону отдыха для чтения. Производство УСВЕТА.";"<strong>Напольный торшер, чёрный</strong> — мобильный источник мягкого света в гостиную, спальню и зону отдыха для чтения.<br /><br /><strong>Характеристики:</strong><br />- Цвет: чёрный<br />- Материал: металл, пластик<br />- Количество ламп: 1 шт., цоколь E27<br />- Допустимая мощность: 15Вт (напряжение 220В)<br /><br /><strong>Преимущества:</strong><br />- Собственное производство полного цикла на Урале.<br />- Гарантия 3 года, срок службы до 5 лет.<br />- Бренд УСВЕТА — проверенное качество в массовом сегменте.<br /><br /><br />Сертификаты соответствия и декларации о соответствии на продукцию: <a href=""https://usveta.ru/cerificate"" target=""_blank"" rel=""noopener"">https://usveta.ru/cerificate</a>";https://static.tildacdn.com/stor6439-6131-4763-a236-646266353865/da673064655ef5a10ed9c8f2364abc8c.jpg;3495.00;50;5499;;;99lhyNhgX5ssph3R0Ghr;;1;;"металл, пластик";Черный;"15Вт (напряжение 220В)";;;"3 года (срок эксплуатации 5 лет)";Россия;;;;;;2950;260;365;365;"Торшер напольный, чёрный, арт. 1100/1 | УСВЕТА";"Торшер напольный, чёрный. Мощность до 15 Вт. Подходит в гостиную, спальню и для чтения. Производство и гарантия УСВЕТА.";"торшер напольный, торшер, торшер напольный современный, торшер напольный с абажуром, напольный светильник, торшер в гостиную, торшер чёрный, купить торшер";"Напольный торшер, чёрный — УСВЕТА";"Напольный торшер (чёрный) от производителя. Подходит в гостиную, спальню и зону отдыха для чтения. Гарантия завода, доставка по России."
419342977463;УСВЕТА;"1131/1 Белый";;Торшеры;"Торшер напольный белый | УСВЕТА";"Напольный торшер, белый. Подходит в гостиную, спальню и зону отдыха для чтения. Производство УСВЕТА.";"<strong>Напольный торшер, белый</strong> — мобильный источник мягкого света в гостиную, спальню и зону отдыха для чтения.<br /><br /><strong>Характеристики:</strong><br />- Цвет: белый<br />- Материал: металл, пластик<br />- Количество ламп: 1 шт., цоколь E27<br />- Допустимая мощность: 15Вт (напряжение 220В)<br /><br /><strong>Преимущества:</strong><br />- Собственное производство полного цикла на Урале.<br />- Гарантия 3 года, срок службы до 5 лет.<br />- Бренд УСВЕТА — проверенное качество в массовом сегменте.<br /><br /><br />Сертификаты соответствия и декларации о соответствии на продукцию: <a href=""https://usveta.ru/cerificate"" target=""_blank"" rel=""noopener"">https://usveta.ru/cerificate</a>";https://static.tildacdn.com/stor3438-6230-4838-b838-653936336366/175139d9dfa1b72a8995eac180cbd489.jpg;2950.00;0;4499;;;0DoElSVFC24vNGyRRpf1;;1;;"металл, пластик";Белый;"15Вт (напряжение 220В)";;;"3 года (срок эксплуатации 5 лет)";Россия;;;;;;3500;1212;290;96;"Торшер напольный, белый, арт. 1131/1 | УСВЕТА";"Торшер напольный, белый. Мощность до 15 Вт. Подходит в гостиную, спальню и для чтения. Производство и гарантия УСВЕТА.";"торшер напольный, торшер, торшер напольный современный, торшер напольный с абажуром, напольный светильник, торшер в гостиную, торшер белый, купить торшер";"Напольный торшер, белый — УСВЕТА";"Напольный торшер (белый) от производителя. Подходит в гостиную, спальню и зону отдыха для чтения. Гарантия завода, доставка по России."
563880799243;УСВЕТА;"1131/1 Черный";;Торшеры;"Торшер напольный чёрный | УСВЕТА";"Напольный торшер, чёрный. Подходит в гостиную, спальню и зону отдыха для чтения. Производство УСВЕТА.";"<strong>Напольный торшер, чёрный</strong> — мобильный источник мягкого света в гостиную, спальню и зону отдыха для чтения.<br /><br /><strong>Характеристики:</strong><br />- Цвет: чёрный<br />- Материал: металл, пластик<br />- Количество ламп: 1 шт., цоколь E27<br />- Допустимая мощность: 15Вт (напряжение 220В)<br /><br /><strong>Преимущества:</strong><br />- Собственное производство полного цикла на Урале.<br />- Гарантия 3 года, срок службы до 5 лет.<br />- Бренд УСВЕТА — проверенное качество в массовом сегменте.<br /><br /><br />Сертификаты соответствия и декларации о соответствии на продукцию: <a href=""https://usveta.ru/cerificate"" target=""_blank"" rel=""noopener"">https://usveta.ru/cerificate</a>";https://static.tildacdn.com/stor6463-6432-4930-b131-663230353736/8253d928bd0bab19b7483cb16a7c9b40.jpg;2950.00;0;4499;;;XftAJX710x4gycizfHDg;;1;;"металл, пластик";Черный;"15Вт (напряжение 220В)";;;"3 года (срок эксплуатации 5 лет)";Россия;;;;;;3500;1212;290;96;"Торшер напольный, чёрный, арт. 1131/1 | УСВЕТА";"Торшер напольный, чёрный. Мощность до 15 Вт. Подходит в гостиную, спальню и для чтения. Производство и гарантия УСВЕТА.";"торшер напольный, торшер, торшер напольный современный, торшер напольный с абажуром, напольный светильник, торшер в гостиную, торшер чёрный, купить торшер";"Напольный торшер, чёрный — УСВЕТА";"Напольный торшер (чёрный) от производителя. Подходит в гостиную, спальню и зону отдыха для чтения. Гарантия завода, доставка по России."
705049891883;УСВЕТА;"1132/1 Белый";;Торшеры;"Торшер напольный белый | УСВЕТА";"Напольный торшер, белый. Подходит в гостиную, спальню и зону отдыха для чтения. Производство УСВЕТА.";"<strong>Напольный торшер, белый</strong> — мобильный источник мягкого света в гостиную, спальню и зону отдыха для чтения.<br /><br /><strong>Характеристики:</strong><br />- Цвет: белый<br />- Материал: металл, пластик<br />- Количество ламп: 1 шт., цоколь E27<br />- Допустимая мощность: 15Вт (напряжение 220В)<br /><br /><strong>Преимущества:</strong><br />- Собственное производство полного цикла на Урале.<br />- Гарантия 3 года, срок службы до 5 лет.<br />- Бренд УСВЕТА — проверенное качество в массовом сегменте.<br /><br /><br />Сертификаты соответствия и декларации о соответствии на продукцию: <a href=""https://usveta.ru/cerificate"" target=""_blank"" rel=""noopener"">https://usveta.ru/cerificate</a>";https://static.tildacdn.com/stor6663-6263-4732-b763-373534376136/6037f283647eb7d0459570c3b94ee084.jpg;2955.00;0;4499;;;kPvaDGHJUJksKiy6ly4F;;1;;"металл, пластик";Белый;"15Вт (напряжение 220В)";;;"3 года (срок эксплуатации 5 лет)";Россия;;;;;;3500;1212;290;110;"Торшер напольный, белый, арт. 1132/1 | УСВЕТА";"Торшер напольный, белый. Мощность до 15 Вт. Подходит в гостиную, спальню и для чтения. Производство и гарантия УСВЕТА.";"торшер напольный, торшер, торшер напольный современный, торшер напольный с абажуром, напольный светильник, торшер в гостиную, торшер белый, купить торшер";"Напольный торшер, белый — УСВЕТА";"Напольный торшер (белый) от производителя. Подходит в гостиную, спальню и зону отдыха для чтения. Гарантия завода, доставка по России."
620137392163;УСВЕТА;"1132/1 Черный";;Торшеры;"Торшер напольный чёрный | УСВЕТА";"Напольный торшер, чёрный. Подходит в гостиную, спальню и зону отдыха для чтения. Производство УСВЕТА.";"<strong>Напольный торшер, чёрный</strong> — мобильный источник мягкого света в гостиную, спальню и зону отдыха для чтения.<br /><br /><strong>Характеристики:</strong><br />- Цвет: чёрный<br />- Материал: металл, пластик<br />- Количество ламп: 1 шт., цоколь E27<br />- Допустимая мощность: 15Вт (напряжение 220В)<br /><br /><strong>Преимущества:</strong><br />- Собственное производство полного цикла на Урале.<br />- Гарантия 3 года, срок службы до 5 лет.<br />- Бренд УСВЕТА — проверенное качество в массовом сегменте.<br /><br /><br />Сертификаты соответствия и декларации о соответствии на продукцию: <a href=""https://usveta.ru/cerificate"" target=""_blank"" rel=""noopener"">https://usveta.ru/cerificate</a>";https://static.tildacdn.com/stor3132-6163-4561-a231-653933316232/8ef21faeec231a776d3b19a84d439c14.jpg;2955.00;0;4499;;;9TEsL75IlegejV83T28p;;1;;"металл, пластик";Черный;"15Вт (напряжение 220В)";;;"3 года (срок эксплуатации 5 лет)";Россия;;;;;;3500;1212;290;110;"Торшер напольный, чёрный, арт. 1132/1 | УСВЕТА";"Торшер напольный, чёрный. Мощность до 15 Вт. Подходит в гостиную, спальню и для чтения. Производство и гарантия УСВЕТА.";"торшер напольный, торшер, торшер напольный современный, торшер напольный с абажуром, напольный светильник, торшер в гостиную, торшер чёрный, купить торшер";"Напольный торшер, чёрный — УСВЕТА";"Напольный торшер (чёрный) от производителя. Подходит в гостиную, спальню и зону отдыха для чтения. Гарантия завода, доставка по России."
478211503093;УСВЕТА;"1305/1 Белый";;Торшеры;"Торшер напольный белый | УСВЕТА";"Напольный торшер, белый. Подходит в гостиную, спальню и зону отдыха для чтения. Производство УСВЕТА.";"<strong>Напольный торшер, белый</strong> — мобильный источник мягкого света в гостиную, спальню и зону отдыха для чтения.<br /><br /><strong>Характеристики:</strong><br />- Цвет: белый<br />- Материал: металл, пластик<br />- Количество ламп: 1 шт., цоколь E27<br />- Допустимая мощность: 15Вт (напряжение 220В)<br /><br /><strong>Преимущества:</strong><br />- Собственное производство полного цикла на Урале.<br />- Гарантия 3 года, срок службы до 5 лет.<br />- Бренд УСВЕТА — проверенное качество в массовом сегменте.<br /><br /><br />Сертификаты соответствия и декларации о соответствии на продукцию: <a href=""https://usveta.ru/cerificate"" target=""_blank"" rel=""noopener"">https://usveta.ru/cerificate</a>";https://static.tildacdn.com/stor3031-6539-4233-b937-376239323231/967b24330de1a9006cfb9d5f93e363b7.jpg;2260.00;0;3499;;;Cmol4UrjT0log7dk9BYx;;1;;"металл, пластик";Белый;"15Вт (напряжение 220В)";;;"3 года (срок эксплуатации 5 лет)";Россия;;;;;;2900;370;310;125;"Торшер напольный, белый, арт. 1305/1 | УСВЕТА";"Торшер напольный, белый. Мощность до 15 Вт. Подходит в гостиную, спальню и для чтения. Производство и гарантия УСВЕТА.";"торшер напольный, торшер, торшер напольный современный, торшер напольный с абажуром, напольный светильник, торшер в гостиную, торшер белый, купить торшер";"Напольный торшер, белый — УСВЕТА";"Напольный торшер (белый) от производителя. Подходит в гостиную, спальню и зону отдыха для чтения. Гарантия завода, доставка по России."
286679139623;УСВЕТА;"1305/1 Золото";;Торшеры;"Торшер напольный для дома, светильник в гостиную, лампа для чтения Золотой Лофт, E27, 40 Вт";"Напольный торшер в стиле лофт, золото. Освещение до 10 м?. Подходит в гостиную, спальню и зону отдыха для чтения. Производство УСВЕТА.";"<strong>Напольный торшер в стиле лофт, золото</strong> — мобильный источник мягкого света в гостиную, спальню и зону отдыха для чтения.<br /><br /><strong>Характеристики:</strong><br />- Цвет: золото<br />- Материал: металл, пластик<br />- Количество ламп: 1 шт., цоколь E27<br />- Допустимая мощность: 15Вт (напряжение 220В)<br />- Площадь освещения: до 10 м?<br /><br /><strong>Преимущества:</strong><br />- Собственное производство полного цикла на Урале.<br />- Гарантия 3 года, срок службы до 5 лет.<br />- Бренд УСВЕТА — проверенное качество в массовом сегменте.<br /><br /><br />Сертификаты соответствия и декларации о соответствии на продукцию: <a href=""https://usveta.ru/cerificate"" target=""_blank"" rel=""noopener"">https://usveta.ru/cerificate</a>";https://static.tildacdn.com/stor3832-6538-4164-a363-616133396533/d25e843d3344f6c864c0118cfde23312.jpg;2033.00;50;3499;;;2zkdGsGGFDs2gSVzOdGM;;1;E27;"металл, пластик";Золото;"15Вт (напряжение 220В)";;;"3 года (срок эксплуатации 5 лет)";Россия;;;;;;2900;370;310;125;"Торшер напольный лофт, золото, арт. 1305/1 | УСВЕТА";"Торшер напольный лофт, золото. Площадь освещения до 10 м?, мощность до 15 Вт. Подходит в гостиную, спальню и для чтения. Производство и гарантия УСВЕТА.";"торшер напольный, торшер, торшер напольный современный, торшер напольный с абажуром, напольный светильник, торшер в гостиную, торшер золото, купить торшер";"Напольный торшер в стиле лофт, золото — УСВЕТА";"Напольный торшер в стиле лофт (золото) от производителя. Подходит в гостиную, спальню и зону отдыха для чтения. Гарантия завода, доставка по России."
916744469883;УСВЕТА;"1305/1 Черный";;Торшеры;"Торшер напольный чёрный | УСВЕТА";"Напольный торшер, чёрный. Подходит в гостиную, спальню и зону отдыха для чтения. Производство УСВЕТА.";"<strong>Напольный торшер, чёрный</strong> — мобильный источник мягкого света в гостиную, спальню и зону отдыха для чтения.<br /><br /><strong>Характеристики:</strong><br />- Цвет: чёрный<br />- Материал: металл, пластик<br />- Количество ламп: 1 шт., цоколь E27<br />- Допустимая мощность: 15Вт (напряжение 220В)<br /><br /><strong>Преимущества:</strong><br />- Собственное производство полного цикла на Урале.<br />- Гарантия 3 года, срок службы до 5 лет.<br />- Бренд УСВЕТА — проверенное качество в массовом сегменте.<br /><br /><br />Сертификаты соответствия и декларации о соответствии на продукцию: <a href=""https://usveta.ru/cerificate"" target=""_blank"" rel=""noopener"">https://usveta.ru/cerificate</a>";https://static.tildacdn.com/stor6462-3766-4363-b765-306232616237/2f795df63c74252c7a319d872ab172d9.jpg;2260.00;0;3499;;;2AoS1LkLTUDsDmslATpK;;1;;"металл, пластик";Черный;"15Вт (напряжение 220В)";;;"3 года (срок эксплуатации 5 лет)";Россия;;;;;;2900;370;310;125;"Торшер напольный, чёрный, арт. 1305/1 | УСВЕТА";"Торшер напольный, чёрный. Мощность до 15 Вт. Подходит в гостиную, спальню и для чтения. Производство и гарантия УСВЕТА.";"торшер напольный, торшер, торшер напольный современный, торшер напольный с абажуром, напольный светильник, торшер в гостиную, торшер чёрный, купить торшер";"Напольный торшер, чёрный — УСВЕТА";"Напольный торшер (чёрный) от производителя. Подходит в гостиную, спальню и зону отдыха для чтения. Гарантия завода, доставка по России."
812147928953;УСВЕТА;"1306/1 Черный+Коричневый";;Торшеры;"Торшер напольный черный коричневый | УСВЕТА";"Напольный торшер, чёрный. Подходит в гостиную, спальню и зону отдыха для чтения. Производство УСВЕТА.";"<strong>Напольный торшер, чёрный</strong> — мобильный источник мягкого света в гостиную, спальню и зону отдыха для чтения.<br /><br /><strong>Характеристики:</strong><br />- Цвет: чёрный<br />- Материал: металл, пластик<br />- Количество ламп: 1 шт., цоколь E27<br />- Допустимая мощность: 15Вт (напряжение 220В)<br /><br /><strong>Преимущества:</strong><br />- Собственное производство полного цикла на Урале.<br />- Гарантия 3 года, срок службы до 5 лет.<br />- Бренд УСВЕТА — проверенное качество в массовом сегменте.<br /><br /><br />Сертификаты соответствия и декларации о соответствии на продукцию: <a href=""https://usveta.ru/cerificate"" target=""_blank"" rel=""noopener"">https://usveta.ru/cerificate</a>";https://static.tildacdn.com/stor3234-3235-4834-b961-643336393231/587ae59692417122fe2157d2de8be8f8.jpg;3115.00;0;4999;;;9o96eAC2icmAa6cjCFYY;;1;;"металл, пластик";Черный;"15Вт (напряжение 220В)";;;"3 года (срок эксплуатации 5 лет)";Россия;;;;;;2800;1515;650;50;"Торшер напольный, чёрный, арт. 1306/1 | УСВЕТА";"Торшер напольный, чёрный. Мощность до 15 Вт. Подходит в гостиную, спальню и для чтения. Производство и гарантия УСВЕТА.";"торшер напольный, торшер, торшер напольный современный, торшер напольный с абажуром, напольный светильник, торшер в гостиную, торшер чёрный, купить торшер";"Напольный торшер, чёрный — УСВЕТА";"Напольный торшер (чёрный) от производителя. Подходит в гостиную, спальню и зону отдыха для чтения. Гарантия завода, доставка по России."
875976715563;УСВЕТА;"1306/1 Черный+Натураль";;Торшеры;"Торшер напольный белый | УСВЕТА";"Напольный торшер, белый. Подходит в гостиную, спальню и зону отдыха для чтения. Производство УСВЕТА.";"<strong>Напольный торшер, белый</strong> — мобильный источник мягкого света в гостиную, спальню и зону отдыха для чтения.<br /><br /><strong>Характеристики:</strong><br />- Цвет: белый<br />- Материал: металл, пластик<br />- Количество ламп: 1 шт., цоколь E27<br />- Допустимая мощность: 15Вт (напряжение 220В)<br /><br /><strong>Преимущества:</strong><br />- Собственное производство полного цикла на Урале.<br />- Гарантия 3 года, срок службы до 5 лет.<br />- Бренд УСВЕТА — проверенное качество в массовом сегменте.<br /><br /><br />Сертификаты соответствия и декларации о соответствии на продукцию: <a href=""https://usveta.ru/cerificate"" target=""_blank"" rel=""noopener"">https://usveta.ru/cerificate</a>";https://static.tildacdn.com/stor6434-3132-4961-a162-383263643866/6c91334b82cfb5286b8f818d19a2c1fe.jpg;3115.00;0;4999;;;AhoX3llxPZJsFRNT63Ia;;1;;"металл, пластик";Белый;"15Вт (напряжение 220В)";;;"3 года (срок эксплуатации 5 лет)";Россия;;;;;;3400;1515;500;650;"Торшер напольный, белый, арт. 1306/1 | УСВЕТА";"Торшер напольный, белый. Мощность до 15 Вт. Подходит в гостиную, спальню и для чтения. Производство и гарантия УСВЕТА.";"торшер напольный, торшер, торшер напольный современный, торшер напольный с абажуром, напольный светильник, торшер в гостиную, торшер белый, купить торшер";"Напольный торшер, белый — УСВЕТА";"Напольный торшер (белый) от производителя. Подходит в гостиную, спальню и зону отдыха для чтения. Гарантия завода, доставка по России."
738452414353;УСВЕТА;"1307/1 Белый+Белый";;Торшеры;"Торшер напольный белый белый | УСВЕТА";"Напольный торшер, белый. Подходит в гостиную, спальню и зону отдыха для чтения. Производство УСВЕТА.";"<strong>Напольный торшер, белый</strong> — мобильный источник мягкого света в гостиную, спальню и зону отдыха для чтения.<br /><br /><strong>Характеристики:</strong><br />- Цвет: белый<br />- Материал: металл, пластик<br />- Количество ламп: 1 шт., цоколь E27<br />- Допустимая мощность: 15Вт (напряжение 220В)<br /><br /><strong>Преимущества:</strong><br />- Собственное производство полного цикла на Урале.<br />- Гарантия 3 года, срок службы до 5 лет.<br />- Бренд УСВЕТА — проверенное качество в массовом сегменте.<br /><br /><br />Сертификаты соответствия и декларации о соответствии на продукцию: <a href=""https://usveta.ru/cerificate"" target=""_blank"" rel=""noopener"">https://usveta.ru/cerificate</a>";https://static.tildacdn.com/stor3365-3434-4932-a666-343430616239/f359e5ed31199bf1c7d7781043deccd1.jpg;2970.00;0;4499;;;Ij8aHzLTuJZtVRHYVFLk;;1;;"металл, пластик";Белый;"15Вт (напряжение 220В)";;;"3 года (срок эксплуатации 5 лет)";Россия;;;;;;3400;1035;290;70;"Торшер напольный, белый, арт. 1307/1 | УСВЕТА";"Торшер напольный, белый. Мощность до 15 Вт. Подходит в гостиную, спальню и для чтения. Производство и гарантия УСВЕТА.";"торшер напольный, торшер, торшер напольный современный, торшер напольный с абажуром, напольный светильник, торшер в гостиную, торшер белый, купить торшер";"Напольный торшер, белый — УСВЕТА";"Напольный торшер (белый) от производителя. Подходит в гостиную, спальню и зону отдыха для чтения. Гарантия завода, доставка по России."
390867423613;УСВЕТА;"1307/1 Белый+Коричневый";;Торшеры;"Торшер напольный белый коричневый | УСВЕТА";"Напольный торшер, коричневый. Подходит в гостиную, спальню и зону отдыха для чтения. Производство УСВЕТА.";"<strong>Напольный торшер, коричневый</strong> — мобильный источник мягкого света в гостиную, спальню и зону отдыха для чтения.<br /><br /><strong>Характеристики:</strong><br />- Цвет: коричневый<br />- Материал: металл, пластик<br />- Количество ламп: 1 шт., цоколь E27<br />- Допустимая мощность: 15Вт (напряжение 220В)<br /><br /><strong>Преимущества:</strong><br />- Собственное производство полного цикла на Урале.<br />- Гарантия 3 года, срок службы до 5 лет.<br />- Бренд УСВЕТА — проверенное качество в массовом сегменте.<br /><br /><br />Сертификаты соответствия и декларации о соответствии на продукцию: <a href=""https://usveta.ru/cerificate"" target=""_blank"" rel=""noopener"">https://usveta.ru/cerificate</a>";https://static.tildacdn.com/stor3237-6235-4564-b138-633162636236/90ae47cc46d109c4f164c84f7d1dd6a8.jpg;2970.00;0;4499;;;l7DeTKx5HGx1f3Yx11Xr;;1;;"металл, пластик";Коричневый;"15Вт (напряжение 220В)";;;"3 года (срок эксплуатации 5 лет)";Россия;;;;;;3400;1035;290;70;"Торшер напольный, коричневый, арт. 1307/1 | УСВЕТА";"Торшер напольный, коричневый. Мощность до 15 Вт. Подходит в гостиную, спальню и для чтения. Производство и гарантия УСВЕТА.";"торшер напольный, торшер, торшер напольный современный, торшер напольный с абажуром, напольный светильник, торшер в гостиную, торшер коричневый, купить торшер";"Напольный торшер, коричневый — УСВЕТА";"Напольный торшер (коричневый) от производителя. Подходит в гостиную, спальню и зону отдыха для чтения. Гарантия завода, доставка по России."
367855866463;УСВЕТА;"1307/1 Черный+Коричневый";;Торшеры;"Торшер напольный черный коричневый | УСВЕТА";"Напольный торшер, чёрный. Подходит в гостиную, спальню и зону отдыха для чтения. Производство УСВЕТА.";"<strong>Напольный торшер, чёрный</strong> — мобильный источник мягкого света в гостиную, спальню и зону отдыха для чтения.<br /><br /><strong>Характеристики:</strong><br />- Цвет: чёрный<br />- Материал: металл, пластик<br />- Количество ламп: 1 шт., цоколь E27<br />- Допустимая мощность: 15Вт (напряжение 220В)<br /><br /><strong>Преимущества:</strong><br />- Собственное производство полного цикла на Урале.<br />- Гарантия 3 года, срок службы до 5 лет.<br />- Бренд УСВЕТА — проверенное качество в массовом сегменте.<br /><br /><br />Сертификаты соответствия и декларации о соответствии на продукцию: <a href=""https://usveta.ru/cerificate"" target=""_blank"" rel=""noopener"">https://usveta.ru/cerificate</a>";https://static.tildacdn.com/stor6536-3461-4537-b763-313739396230/b16b24de60585cef3849fce1ec76dacc.jpg;2970.00;0;4499;;;gxBuVmyOC6x1UCgdckg5;;1;;"металл, пластик";Черный;"15Вт (напряжение 220В)";;;"3 года (срок эксплуатации 5 лет)";Россия;;;;;;3400;1035;290;70;"Торшер напольный, чёрный, арт. 1307/1 | УСВЕТА";"Торшер напольный, чёрный. Мощность до 15 Вт. Подходит в гостиную, спальню и для чтения. Производство и гарантия УСВЕТА.";"торшер напольный, торшер, торшер напольный современный, торшер напольный с абажуром, напольный светильник, торшер в гостиную, торшер чёрный, купить торшер";"Напольный торшер, чёрный — УСВЕТА";"Напольный торшер (чёрный) от производителя. Подходит в гостиную, спальню и зону отдыха для чтения. Гарантия завода, доставка по России."
381448677063;УСВЕТА;"1307/1 Черный+Натураль";;Торшеры;"Торшер напольный черный натураль | УСВЕТА";"Напольный торшер, чёрный. Подходит в гостиную, спальню и зону отдыха для чтения. Производство УСВЕТА.";"<strong>Напольный торшер, чёрный</strong> — мобильный источник мягкого света в гостиную, спальню и зону отдыха для чтения.<br /><br /><strong>Характеристики:</strong><br />- Цвет: чёрный<br />- Материал: металл, пластик<br />- Количество ламп: 1 шт., цоколь E27<br />- Допустимая мощность: 15Вт (напряжение 220В)<br /><br /><strong>Преимущества:</strong><br />- Собственное производство полного цикла на Урале.<br />- Гарантия 3 года, срок службы до 5 лет.<br />- Бренд УСВЕТА — проверенное качество в массовом сегменте.<br /><br /><br />Сертификаты соответствия и декларации о соответствии на продукцию: <a href=""https://usveta.ru/cerificate"" target=""_blank"" rel=""noopener"">https://usveta.ru/cerificate</a>";https://static.tildacdn.com/stor3464-3364-4162-b865-663130323065/f53ce2ee5879dff821ea812a7b8a5b72.webp;2970.00;0;4499;;;hRrkc02E4EX0mheef56O;;1;;"металл, пластик";Черный;"15Вт (напряжение 220В)";;;"3 года (срок эксплуатации 5 лет)";Россия;;;;;;3400;1035;290;70;"Торшер напольный, чёрный, арт. 1307/1 | УСВЕТА";"Торшер напольный, чёрный. Мощность до 15 Вт. Подходит в гостиную, спальню и для чтения. Производство и гарантия УСВЕТА.";"торшер напольный, торшер, торшер напольный современный, торшер напольный с абажуром, напольный светильник, торшер в гостиную, торшер чёрный, купить торшер";"Напольный торшер, чёрный — УСВЕТА";"Напольный торшер (чёрный) от производителя. Подходит в гостиную, спальню и зону отдыха для чтения. Гарантия завода, доставка по России."
951581211503;УСВЕТА;"1307/1 Черный+Хром+Белый";;Торшеры;"Торшер напольный черный белый | УСВЕТА";"Напольный торшер, чёрный. Подходит в гостиную, спальню и зону отдыха для чтения. Производство УСВЕТА.";"<strong>Напольный торшер, чёрный</strong> — мобильный источник мягкого света в гостиную, спальню и зону отдыха для чтения.<br /><br /><strong>Характеристики:</strong><br />- Цвет: чёрный<br />- Материал: металл, пластик<br />- Количество ламп: 1 шт., цоколь E27<br />- Допустимая мощность: 15Вт (напряжение 220В)<br /><br /><strong>Преимущества:</strong><br />- Собственное производство полного цикла на Урале.<br />- Гарантия 3 года, срок службы до 5 лет.<br />- Бренд УСВЕТА — проверенное качество в массовом сегменте.<br /><br /><br />Сертификаты соответствия и декларации о соответствии на продукцию: <a href=""https://usveta.ru/cerificate"" target=""_blank"" rel=""noopener"">https://usveta.ru/cerificate</a>";https://static.tildacdn.com/stor6566-3266-4439-a431-373033363362/887102ee28cebec920398062abc8e8ef.jpg;2970.00;0;4499;;;EsUZDiFHi24xh4a89aXs;;1;;"металл, пластик";Черный;"15Вт (напряжение 220В)";;;"3 года (срок эксплуатации 5 лет)";Россия;;;;;;3400;1035;290;70;"Торшер напольный, чёрный, арт. 1307/1 | УСВЕТА";"Торшер напольный, чёрный. Мощность до 15 Вт. Подходит в гостиную, спальню и для чтения. Производство и гарантия УСВЕТА.";"торшер напольный, торшер, торшер напольный современный, торшер напольный с абажуром, напольный светильник, торшер в гостиную, торшер чёрный, купить торшер";"Напольный торшер, чёрный — УСВЕТА";"Напольный торшер (чёрный) от производителя. Подходит в гостиную, спальню и зону отдыха для чтения. Гарантия завода, доставка по России."
745160081423;УСВЕТА;"1308/1 Белый+Шампань";;Торшеры;"Торшер напольный белый шампань | УСВЕТА";"Напольный торшер, шампань. Подходит в гостиную, спальню и зону отдыха для чтения. Производство УСВЕТА.";"<strong>Напольный торшер, шампань</strong> — мобильный источник мягкого света в гостиную, спальню и зону отдыха для чтения.<br /><br /><strong>Характеристики:</strong><br />- Цвет: шампань<br />- Материал: металл, пластик<br />- Количество ламп: 1 шт., цоколь E27<br />- Допустимая мощность: 15Вт (напряжение 220В)<br /><br /><strong>Преимущества:</strong><br />- Собственное производство полного цикла на Урале.<br />- Гарантия 3 года, срок службы до 5 лет.<br />- Бренд УСВЕТА — проверенное качество в массовом сегменте.<br /><br /><br />Сертификаты соответствия и декларации о соответствии на продукцию: <a href=""https://usveta.ru/cerificate"" target=""_blank"" rel=""noopener"">https://usveta.ru/cerificate</a>";https://static.tildacdn.com/stor3636-3765-4839-b663-333739383433/6d47782e773e347bac8f15be92ff9309.jpg;3105.00;4;4999;;;94vkd1Ua8bPtgTbmpKrL;;1;;"металл, пластик";Шампань;"15Вт (напряжение 220В)";;;"3 года (срок эксплуатации 5 лет)";Россия;;;;;;1630;420;420;370;"Торшер напольный, шампань, арт. 1308/1 | УСВЕТА";"Торшер напольный, шампань. Мощность до 15 Вт. Подходит в гостиную, спальню и для чтения. Производство и гарантия УСВЕТА.";"торшер напольный, торшер, торшер напольный современный, торшер напольный с абажуром, напольный светильник, торшер в гостиную, торшер шампань, купить торшер";"Напольный торшер, шампань — УСВЕТА";"Напольный торшер (шампань) от производителя. Подходит в гостиную, спальню и зону отдыха для чтения. Гарантия завода, доставка по России."
387244440813;УСВЕТА;"1308/1 Коричневый+Шампань";;Торшеры;"Торшер напольный коричневый шампань | УСВЕТА";"Напольный торшер, коричневый. Подходит в гостиную, спальню и зону отдыха для чтения. Производство УСВЕТА.";"<strong>Напольный торшер, коричневый</strong> — мобильный источник мягкого света в гостиную, спальню и зону отдыха для чтения.<br /><br /><strong>Характеристики:</strong><br />- Цвет: коричневый<br />- Материал: металл, пластик<br />- Количество ламп: 1 шт., цоколь E27<br />- Допустимая мощность: 15Вт (напряжение 220В)<br /><br /><strong>Преимущества:</strong><br />- Собственное производство полного цикла на Урале.<br />- Гарантия 3 года, срок службы до 5 лет.<br />- Бренд УСВЕТА — проверенное качество в массовом сегменте.<br /><br /><br />Сертификаты соответствия и декларации о соответствии на продукцию: <a href=""https://usveta.ru/cerificate"" target=""_blank"" rel=""noopener"">https://usveta.ru/cerificate</a>";https://static.tildacdn.com/stor3066-3434-4435-a261-343731646462/e0423c9129a2c6ca3422a8677141a9ef.jpg;3105.00;50;4999;;;M8PCIUm4Gl3JrVKtYFLu;;1;;"металл, пластик";Коричневый;"15Вт (напряжение 220В)";;;"3 года (срок эксплуатации 5 лет)";Россия;;;;;;1630;420;420;370;"Торшер напольный, коричневый, арт. 1308/1 | УСВЕТА";"Торшер напольный, коричневый. Мощность до 15 Вт. Подходит в гостиную, спальню и для чтения. Производство и гарантия УСВЕТА.";"торшер напольный, торшер, торшер напольный современный, торшер напольный с абажуром, напольный светильник, торшер в гостиную, торшер коричневый, купить торшер";"Напольный торшер, коричневый — УСВЕТА";"Напольный торшер (коричневый) от производителя. Подходит в гостиную, спальню и зону отдыха для чтения. Гарантия завода, доставка по России."
218953201353;УСВЕТА;"1308/1 Муар Белый+Натурал";;Торшеры;"Торшер напольный муар натурал | УСВЕТА";"Напольный торшер, натуральное дерево. Подходит в гостиную, спальню и зону отдыха для чтения. Производство УСВЕТА.";"<strong>Напольный торшер, натуральное дерево</strong> — мобильный источник мягкого света в гостиную, спальню и зону отдыха для чтения.<br /><br /><strong>Характеристики:</strong><br />- Цвет: натуральное дерево<br />- Материал: металл, пластик<br />- Количество ламп: 1 шт., цоколь E27<br />- Допустимая мощность: 15Вт (напряжение 220В)<br /><br /><strong>Преимущества:</strong><br />- Собственное производство полного цикла на Урале.<br />- Гарантия 3 года, срок службы до 5 лет.<br />- Бренд УСВЕТА — проверенное качество в массовом сегменте.<br /><br /><br />Сертификаты соответствия и декларации о соответствии на продукцию: <a href=""https://usveta.ru/cerificate"" target=""_blank"" rel=""noopener"">https://usveta.ru/cerificate</a>";https://static.tildacdn.com/stor3362-3339-4633-a662-396266353762/9d80f65d66b5c7a169b07ecf712e3b03.jpg;3360.00;50;5499;;;932CgnF3GdIDCA5GzoH8;;1;;"металл, пластик";Натураль;"15Вт (напряжение 220В)";;;"3 года (срок эксплуатации 5 лет)";Россия;;;;;;2600;420;420;370;"Торшер напольный, натуральное дерево, арт. 1308/1 | УСВЕТА";"Торшер напольный, натуральное дерево. Мощность до 15 Вт. Подходит в гостиную, спальню и для чтения. Производство и гарантия УСВЕТА.";"торшер напольный, торшер, торшер напольный современный, торшер напольный с абажуром, напольный светильник, торшер в гостиную, торшер натуральное дерево, купить торшер";"Напольный торшер, натуральное дерево — УСВЕТА";"Напольный торшер (натуральное дерево) от производителя. Подходит в гостиную, спальню и зону отдыха для чтения. Гарантия завода, доставка по России."
301473448563;УСВЕТА;"1308/1 Муар Черный+Серый";;Торшеры;"Торшер напольный муар серый | УСВЕТА";"Напольный торшер, графит. Подходит в гостиную, спальню и зону отдыха для чтения. Производство УСВЕТА.";"<strong>Напольный торшер, графит</strong> — мобильный источник мягкого света в гостиную, спальню и зону отдыха для чтения.<br /><br /><strong>Характеристики:</strong><br />- Цвет: графит<br />- Материал: металл, пластик<br />- Количество ламп: 1 шт., цоколь E27<br />- Допустимая мощность: 15Вт (напряжение 220В)<br /><br /><strong>Преимущества:</strong><br />- Собственное производство полного цикла на Урале.<br />- Гарантия 3 года, срок службы до 5 лет.<br />- Бренд УСВЕТА — проверенное качество в массовом сегменте.<br /><br /><br />Сертификаты соответствия и декларации о соответствии на продукцию: <a href=""https://usveta.ru/cerificate"" target=""_blank"" rel=""noopener"">https://usveta.ru/cerificate</a>";https://static.tildacdn.com/stor3239-3763-4465-a336-623637383835/80c614a30a21cdd4de9659abda5c4e6c.jpg;3360.00;50;5499;;;RBfn3kidh2ba7zzeX2v4;;1;;"металл, пластик";Графит;"15Вт (напряжение 220В)";;;"3 года (срок эксплуатации 5 лет)";Россия;;;;;;2600;420;420;370;"Торшер напольный, графит, арт. 1308/1 | УСВЕТА";"Торшер напольный, графит. Мощность до 15 Вт. Подходит в гостиную, спальню и для чтения. Производство и гарантия УСВЕТА.";"торшер напольный, торшер, торшер напольный современный, торшер напольный с абажуром, напольный светильник, торшер в гостиную, торшер графит, купить торшер";"Напольный торшер, графит — УСВЕТА";"Напольный торшер (графит) от производителя. Подходит в гостиную, спальню и зону отдыха для чтения. Гарантия завода, доставка по России."
391055737463;УСВЕТА;"1308/1 Черный+Красный";;Торшеры;"Торшер напольный черный красный | УСВЕТА";"Напольный торшер, чёрный. Подходит в гостиную, спальню и зону отдыха для чтения. Производство УСВЕТА.";"<strong>Напольный торшер, чёрный</strong> — мобильный источник мягкого света в гостиную, спальню и зону отдыха для чтения.<br /><br /><strong>Характеристики:</strong><br />- Цвет: чёрный<br />- Материал: металл, пластик<br />- Количество ламп: 1 шт., цоколь E27<br />- Допустимая мощность: 15Вт (напряжение 220В)<br /><br /><strong>Преимущества:</strong><br />- Собственное производство полного цикла на Урале.<br />- Гарантия 3 года, срок службы до 5 лет.<br />- Бренд УСВЕТА — проверенное качество в массовом сегменте.<br /><br /><br />Сертификаты соответствия и декларации о соответствии на продукцию: <a href=""https://usveta.ru/cerificate"" target=""_blank"" rel=""noopener"">https://usveta.ru/cerificate</a>";https://static.tildacdn.com/stor3435-6232-4438-a562-363565346164/78c6a46bc0eaecece568c412caf2a00f.jpg;3105.00;11;4999;;;0IPO6nMX7cU2oEEebRDX;;1;;"металл, пластик";Черный;"15Вт (напряжение 220В)";;;"3 года (срок эксплуатации 5 лет)";Россия;;;;;;1630;420;420;370;"Торшер напольный, чёрный, арт. 1308/1 | УСВЕТА";"Торшер напольный, чёрный. Мощность до 15 Вт. Подходит в гостиную, спальню и для чтения. Производство и гарантия УСВЕТА.";"торшер напольный, торшер, торшер напольный современный, торшер напольный с абажуром, напольный светильник, торшер в гостиную, торшер чёрный, купить торшер";"Напольный торшер, чёрный — УСВЕТА";"Напольный торшер (чёрный) от производителя. Подходит в гостиную, спальню и зону отдыха для чтения. Гарантия завода, доставка по России."
503093616553;УСВЕТА;"1308/1 Черный+Натураль";;Торшеры;"Торшер напольный черный натуральныйный | УСВЕТА";"Напольный торшер, чёрный. Подходит в гостиную, спальню и зону отдыха для чтения. Производство УСВЕТА.";"<strong>Напольный торшер, чёрный</strong> — мобильный источник мягкого света в гостиную, спальню и зону отдыха для чтения.<br /><br /><strong>Характеристики:</strong><br />- Цвет: чёрный<br />- Материал: металл, пластик<br />- Количество ламп: 1 шт., цоколь E27<br />- Допустимая мощность: 15Вт (напряжение 220В)<br /><br /><strong>Преимущества:</strong><br />- Собственное производство полного цикла на Урале.<br />- Гарантия 3 года, срок службы до 5 лет.<br />- Бренд УСВЕТА — проверенное качество в массовом сегменте.<br /><br /><br />Сертификаты соответствия и декларации о соответствии на продукцию: <a href=""https://usveta.ru/cerificate"" target=""_blank"" rel=""noopener"">https://usveta.ru/cerificate</a>";https://static.tildacdn.com/stor6237-3933-4431-b034-663863646131/c4005643561d92993d5b87e7091d6877.jpg;3105.00;0;4999;;;xByiH2lyD3ByzK4DDdMa;;1;;"металл, пластик";Черный;"15Вт (напряжение 220В)";;;"3 года (срок эксплуатации 5 лет)";Россия;;;;;;1630;420;420;370;"Торшер напольный, чёрный, арт. 1308/1 | УСВЕТА";"Торшер напольный, чёрный. Мощность до 15 Вт. Подходит в гостиную, спальню и для чтения. Производство и гарантия УСВЕТА.";"торшер напольный, торшер, торшер напольный современный, торшер напольный с абажуром, напольный светильник, торшер в гостиную, торшер чёрный, купить торшер";"Напольный торшер, чёрный — УСВЕТА";"Напольный торшер (чёрный) от производителя. Подходит в гостиную, спальню и зону отдыха для чтения. Гарантия завода, доставка по России."
119379997373;УСВЕТА;"1311/1 Коричневый+Шоколад";;Торшеры;"Торшер напольный УСВЕТА Сканди Коричневый, Е27, 15 Вт";"Напольный торшер в скандинавском стиле, коричневый. Освещение до 6 м?. Подходит в гостиную, спальню и зону отдыха для чтения. Производство УСВЕТА.";"<strong>Напольный торшер в скандинавском стиле, коричневый</strong> — мобильный источник мягкого света в гостиную, спальню и зону отдыха для чтения.<br /><br /><strong>Характеристики:</strong><br />- Цвет: коричневый<br />- Материал: металл, пластик<br />- Количество ламп: 1 шт., цоколь E27<br />- Допустимая мощность: 15Вт (напряжение 220В)<br />- Площадь освещения: до 6 м?<br /><br /><strong>Преимущества:</strong><br />- Собственное производство полного цикла на Урале.<br />- Гарантия 3 года, срок службы до 5 лет.<br />- Бренд УСВЕТА — проверенное качество в массовом сегменте.<br /><br /><br />Сертификаты соответствия и декларации о соответствии на продукцию: <a href=""https://usveta.ru/cerificate"" target=""_blank"" rel=""noopener"">https://usveta.ru/cerificate</a>";https://static.tildacdn.com/stor3539-3538-4332-b462-313534343838/3310261bb539cc7acdae722600ecee61.jpg;3555.00;31;5499;;;x7KZnUGn2sHexegNzEC8;;1;E27;"металл, пластик";Коричневый;"15Вт (напряжение 220В)";;;"3 года (срок эксплуатации 5 лет)";Россия;;;;;;1630;420;420;370;"Торшер напольный сканди, коричневый, арт. 1311/1 | УСВЕТА";"Торшер напольный сканди, коричневый. Площадь освещения до 6 м?, мощность до 15 Вт. Подходит в гостиную, спальню и для чтения. Производство и гарантия УСВЕТА.";"торшер напольный, торшер, торшер напольный современный, торшер напольный с абажуром, напольный светильник, торшер в гостиную, торшер коричневый, купить торшер";"Напольный торшер в скандинавском стиле, коричневый — УСВЕТА";"Напольный торшер в скандинавском стиле (коричневый) от производителя. Подходит в гостиную, спальню и зону отдыха для чтения. Гарантия завода, доставка по России."
306869398413;УСВЕТА;"1311/1 Муар Белый+Белый";;Торшеры;"Торшер напольный УСВЕТА Сканди Белый, Е27, 15 Вт";"Напольный торшер в скандинавском стиле, белый. Освещение до 6 м?. Подходит в гостиную, спальню и зону отдыха для чтения. Производство УСВЕТА.";"<strong>Напольный торшер в скандинавском стиле, белый</strong> — мобильный источник мягкого света в гостиную, спальню и зону отдыха для чтения.<br /><br /><strong>Характеристики:</strong><br />- Цвет: белый<br />- Материал: металл, пластик<br />- Количество ламп: 1 шт., цоколь E27<br />- Допустимая мощность: 15Вт (напряжение 220В)<br />- Площадь освещения: до 6 м?<br /><br /><strong>Преимущества:</strong><br />- Собственное производство полного цикла на Урале.<br />- Гарантия 3 года, срок службы до 5 лет.<br />- Бренд УСВЕТА — проверенное качество в массовом сегменте.<br /><br /><br />Сертификаты соответствия и декларации о соответствии на продукцию: <a href=""https://usveta.ru/cerificate"" target=""_blank"" rel=""noopener"">https://usveta.ru/cerificate</a>";https://static.tildacdn.com/stor3463-3564-4835-b865-666131386332/262675e794ce7a050ae07776cc2576e6.jpg;3555.00;48;5499;;;HAIhVTN9DBmY2N1EiBG7;;1;E27;"металл, пластик";Белый;"15Вт (напряжение 220В)";;;"3 года (срок эксплуатации 5 лет)";Россия;;;;;;1630;420;420;370;"Торшер напольный сканди, белый, арт. 1311/1 | УСВЕТА";"Торшер напольный сканди, белый. Площадь освещения до 6 м?, мощность до 15 Вт. Подходит в гостиную, спальню и для чтения. Производство и гарантия УСВЕТА.";"торшер напольный, торшер, торшер напольный современный, торшер напольный с абажуром, напольный светильник, торшер в гостиную, торшер белый, купить торшер";"Напольный торшер в скандинавском стиле, белый — УСВЕТА";"Напольный торшер в скандинавском стиле (белый) от производителя. Подходит в гостиную, спальню и зону отдыха для чтения. Гарантия завода, доставка по России."
161760979303;УСВЕТА;"1311/1 Муар Черный+Натураль";;Торшеры;"Торшер напольный белый | УСВЕТА";"Напольный торшер в скандинавском стиле, белый. Освещение до 6 м?. Подходит в гостиную, спальню и зону отдыха для чтения. Производство УСВЕТА.";"<strong>Напольный торшер в скандинавском стиле, белый</strong> — мобильный источник мягкого света в гостиную, спальню и зону отдыха для чтения.<br /><br /><strong>Характеристики:</strong><br />- Цвет: белый<br />- Материал: металл, пластик<br />- Количество ламп: 1 шт., цоколь E27<br />- Допустимая мощность: 15Вт (напряжение 220В)<br />- Площадь освещения: до 6 м?<br /><br /><strong>Преимущества:</strong><br />- Собственное производство полного цикла на Урале.<br />- Гарантия 3 года, срок службы до 5 лет.<br />- Бренд УСВЕТА — проверенное качество в массовом сегменте.<br /><br /><br />Сертификаты соответствия и декларации о соответствии на продукцию: <a href=""https://usveta.ru/cerificate"" target=""_blank"" rel=""noopener"">https://usveta.ru/cerificate</a>";https://static.tildacdn.com/stor3836-3335-4166-b864-373262616161/d061399682ec0d82b381e9219120a60d.jpg;3555.00;43;5499;;;7lAXBTUBuTJBaerIoHx0;;1;;"металл, пластик";Белый;"15Вт (напряжение 220В)";;;"3 года (срок эксплуатации 5 лет)";Россия;;;;;;2600;420;370;420;"Торшер напольный сканди, белый, арт. 1311/1 | УСВЕТА";"Торшер напольный сканди, белый. Площадь освещения до 6 м?, мощность до 15 Вт. Подходит в гостиную, спальню и для чтения. Производство и гарантия УСВЕТА.";"торшер напольный, торшер, торшер напольный современный, торшер напольный с абажуром, напольный светильник, торшер в гостиную, торшер белый, купить торшер";"Напольный торшер в скандинавском стиле, белый — УСВЕТА";"Напольный торшер в скандинавском стиле (белый) от производителя. Подходит в гостиную, спальню и зону отдыха для чтения. Гарантия завода, доставка по России."
260477533653;УСВЕТА;"1312/1 Белый Муар";;Торшеры;"Торшер напольный белый муар | УСВЕТА";"Напольный торшер в стиле лофт, белый. Освещение до 8 м?. Подходит в гостиную, спальню и зону отдыха для чтения. Производство УСВЕТА.";"<strong>Напольный торшер в стиле лофт, белый</strong> — мобильный источник мягкого света в гостиную, спальню и зону отдыха для чтения.<br /><br /><strong>Характеристики:</strong><br />- Цвет: белый<br />- Материал: металл, пластик<br />- Количество ламп: 1 шт., цоколь E27<br />- Допустимая мощность: 15Вт (напряжение 220В)<br />- Площадь освещения: до 8 м?<br /><br /><strong>Преимущества:</strong><br />- Собственное производство полного цикла на Урале.<br />- Гарантия 3 года, срок службы до 5 лет.<br />- Бренд УСВЕТА — проверенное качество в массовом сегменте.<br /><br /><br />Сертификаты соответствия и декларации о соответствии на продукцию: <a href=""https://usveta.ru/cerificate"" target=""_blank"" rel=""noopener"">https://usveta.ru/cerificate</a>";https://static.tildacdn.com/stor3638-6631-4835-b964-313532393131/6bb09d4637779fb07e9731f95877210d.jpg;2246.00;14;3499;;;DhsDAhdTUfLdXiVgizLM;;1;;"металл, пластик";Белый;"15Вт (напряжение 220В)";;;"3 года (срок эксплуатации 5 лет)";Россия;;;;;;1430;310;290;90;"Торшер напольный лофт, белый, арт. 1312/1 | УСВЕТА";"Торшер напольный лофт, белый. Площадь освещения до 8 м?, мощность до 15 Вт. Подходит в гостиную, спальню и для чтения. Производство и гарантия УСВЕТА.";"торшер напольный, торшер, торшер напольный современный, торшер напольный с абажуром, напольный светильник, торшер в гостиную, торшер белый, купить торшер";"Напольный торшер в стиле лофт, белый — УСВЕТА";"Напольный торшер в стиле лофт (белый) от производителя. Подходит в гостиную, спальню и зону отдыха для чтения. Гарантия завода, доставка по России."
241947092243;УСВЕТА;"1312/1 Золото Муар";;Торшеры;"Торшер напольный золото муар | УСВЕТА";"Напольный торшер в стиле лофт, золото. Освещение до 8 м?. Подходит в гостиную, спальню и зону отдыха для чтения. Производство УСВЕТА.";"<strong>Напольный торшер в стиле лофт, золото</strong> — мобильный источник мягкого света в гостиную, спальню и зону отдыха для чтения.<br /><br /><strong>Характеристики:</strong><br />- Цвет: золото<br />- Материал: металл, пластик<br />- Количество ламп: 1 шт., цоколь E27<br />- Допустимая мощность: 15Вт (напряжение 220В)<br />- Площадь освещения: до 8 м?<br /><br /><strong>Преимущества:</strong><br />- Собственное производство полного цикла на Урале.<br />- Гарантия 3 года, срок службы до 5 лет.<br />- Бренд УСВЕТА — проверенное качество в массовом сегменте.<br /><br /><br />Сертификаты соответствия и декларации о соответствии на продукцию: <a href=""https://usveta.ru/cerificate"" target=""_blank"" rel=""noopener"">https://usveta.ru/cerificate</a>";https://static.tildacdn.com/stor3835-6565-4632-b162-356434383961/3dc393006d66d53ffcd9fa1ff3d1f599.jpg;2306.00;14;3499;;;VPMXcpFvgySphcF065U9;;1;;"металл, пластик";Золото;"15Вт (напряжение 220В)";;;"3 года (срок эксплуатации 5 лет)";Россия;;;;;;1430;310;290;90;"Торшер напольный лофт, золото, арт. 1312/1 | УСВЕТА";"Торшер напольный лофт, золото. Площадь освещения до 8 м?, мощность до 15 Вт. Подходит в гостиную, спальню и для чтения. Производство и гарантия УСВЕТА.";"торшер напольный, торшер, торшер напольный современный, торшер напольный с абажуром, напольный светильник, торшер в гостиную, торшер золото, купить торшер";"Напольный торшер в стиле лофт, золото — УСВЕТА";"Напольный торшер в стиле лофт (золото) от производителя. Подходит в гостиную, спальню и зону отдыха для чтения. Гарантия завода, доставка по России."
890234644633;УСВЕТА;"1312/1 Черный Муар";;Торшеры;"Торшер напольный чёрный муар | УСВЕТА";"Напольный торшер в стиле лофт, чёрный. Освещение до 8 м?. Подходит в гостиную, спальню и зону отдыха для чтения. Производство УСВЕТА.";"<strong>Напольный торшер в стиле лофт, чёрный</strong> — мобильный источник мягкого света в гостиную, спальню и зону отдыха для чтения.<br /><br /><strong>Характеристики:</strong><br />- Цвет: чёрный<br />- Материал: металл, пластик<br />- Количество ламп: 1 шт., цоколь E27<br />- Допустимая мощность: 15Вт (напряжение 220В)<br />- Площадь освещения: до 8 м?<br /><br /><strong>Преимущества:</strong><br />- Собственное производство полного цикла на Урале.<br />- Гарантия 3 года, срок службы до 5 лет.<br />- Бренд УСВЕТА — проверенное качество в массовом сегменте.<br /><br /><br />Сертификаты соответствия и декларации о соответствии на продукцию: <a href=""https://usveta.ru/cerificate"" target=""_blank"" rel=""noopener"">https://usveta.ru/cerificate</a>";https://static.tildacdn.com/stor3064-3739-4236-b230-376336386664/b2f534356aa75d22937daf3b75c163dd.jpg;2181.00;11;3499;;;xtv4uReFf5MF6reb5MpJ;;1;;"металл, пластик";Черный;"15Вт (напряжение 220В)";;;"3 года (срок эксплуатации 5 лет)";Россия;;;;;;1430;310;290;90;"Торшер напольный лофт, чёрный, арт. 1312/1 | УСВЕТА";"Торшер напольный лофт, чёрный. Площадь освещения до 8 м?, мощность до 15 Вт. Подходит в гостиную, спальню и для чтения. Производство и гарантия УСВЕТА.";"торшер напольный, торшер, торшер напольный современный, торшер напольный с абажуром, напольный светильник, торшер в гостиную, торшер чёрный, купить торшер";"Напольный торшер в стиле лофт, чёрный — УСВЕТА";"Напольный торшер в стиле лофт (чёрный) от производителя. Подходит в гостиную, спальню и зону отдыха для чтения. Гарантия завода, доставка по России."
735279252723;УСВЕТА;"1350/1 Муар Белый";;Торшеры;"Торшер высокий, белый лофт, Е27";"Напольный торшер в стиле лофт, белый. Освещение до 10 м?. Подходит в гостиную, спальню и зону отдыха для чтения. Производство УСВЕТА.";"<strong>Напольный торшер в стиле лофт, белый</strong> — мобильный источник мягкого света в гостиную, спальню и зону отдыха для чтения.<br /><br /><strong>Характеристики:</strong><br />- Цвет: белый<br />- Материал: металл, пластик<br />- Количество ламп: 1 шт., цоколь E27<br />- Допустимая мощность: 15Вт (напряжение 220В)<br />- Площадь освещения: до 10 м?<br /><br /><strong>Преимущества:</strong><br />- Собственное производство полного цикла на Урале.<br />- Гарантия 3 года, срок службы до 5 лет.<br />- Бренд УСВЕТА — проверенное качество в массовом сегменте.<br /><br /><br />Сертификаты соответствия и декларации о соответствии на продукцию: <a href=""https://usveta.ru/cerificate"" target=""_blank"" rel=""noopener"">https://usveta.ru/cerificate</a>";https://static.tildacdn.com/stor3262-6263-4631-a430-666662363437/f52f4222177d7986a9f569c3113a6117.jpg;2340.00;50;3999;;;CAadF8ACj63LvuBY2Ioj;;1;E27;"металл, пластик";Белый;"15Вт (напряжение 220В)";;;"3 года (срок эксплуатации 5 лет)";Россия;;;;;;3400;350;350;280;"Торшер напольный лофт, белый, арт. 1350/1 | УСВЕТА";"Торшер напольный лофт, белый. Площадь освещения до 10 м?, мощность до 15 Вт. Подходит в гостиную, спальню и для чтения. Производство и гарантия УСВЕТА.";"торшер напольный, торшер, торшер напольный современный, торшер напольный с абажуром, напольный светильник, торшер в гостиную, торшер белый, купить торшер";"Напольный торшер в стиле лофт, белый — УСВЕТА";"Напольный торшер в стиле лофт (белый) от производителя. Подходит в гостиную, спальню и зону отдыха для чтения. Гарантия завода, доставка по России."
569194374533;УСВЕТА;"1350/1 Муар Черный";;Торшеры;"Торшер высокий, черный лофт, Е27";"Напольный торшер в стиле лофт, чёрный. Освещение до 10 м?. Подходит в гостиную, спальню и зону отдыха для чтения. Производство УСВЕТА.";"<strong>Напольный торшер в стиле лофт, чёрный</strong> — мобильный источник мягкого света в гостиную, спальню и зону отдыха для чтения.<br /><br /><strong>Характеристики:</strong><br />- Цвет: чёрный<br />- Материал: металл, пластик<br />- Количество ламп: 1 шт., цоколь E27<br />- Допустимая мощность: 15Вт (напряжение 220В)<br />- Площадь освещения: до 10 м?<br /><br /><strong>Преимущества:</strong><br />- Собственное производство полного цикла на Урале.<br />- Гарантия 3 года, срок службы до 5 лет.<br />- Бренд УСВЕТА — проверенное качество в массовом сегменте.<br /><br /><br />Сертификаты соответствия и декларации о соответствии на продукцию: <a href=""https://usveta.ru/cerificate"" target=""_blank"" rel=""noopener"">https://usveta.ru/cerificate</a>";https://static.tildacdn.com/stor6230-6539-4365-b731-643732373765/5b22a5e8d24d09e069fce36f46998efa.jpg;2340.00;50;3999;;;xMPkZNnle6r5PxoOtUzh;;1;E27;"металл, пластик";Черный;"15Вт (напряжение 220В)";;;"3 года (срок эксплуатации 5 лет)";Россия;;;;;;3400;350;350;280;"Торшер напольный лофт, чёрный, арт. 1350/1 | УСВЕТА";"Торшер напольный лофт, чёрный. Площадь освещения до 10 м?, мощность до 15 Вт. Подходит в гостиную, спальню и для чтения. Производство и гарантия УСВЕТА.";"торшер напольный, торшер, торшер напольный современный, торшер напольный с абажуром, напольный светильник, торшер в гостиную, торшер чёрный, купить торшер";"Напольный торшер в стиле лофт, чёрный — УСВЕТА";"Напольный торшер в стиле лофт (чёрный) от производителя. Подходит в гостиную, спальню и зону отдыха для чтения. Гарантия завода, доставка по России."
445020882803;УСВЕТА;"1353/1 Муар Белый";;"Торшеры;Акции>>>Со скидкой;Акции";"Торшер напольный белый муар | УСВЕТА";"Напольный торшер, белый. Освещение до 6 м?. Подходит в гостиную, спальню и зону отдыха для чтения. Производство УСВЕТА.";"<strong>Напольный торшер, белый</strong> — мобильный источник мягкого света в гостиную, спальню и зону отдыха для чтения.<br /><br /><strong>Характеристики:</strong><br />- Цвет: белый<br />- Материал: металл, пластик<br />- Количество ламп: 1 шт., цоколь E27<br />- Допустимая мощность: 15Вт (напряжение 220В)<br />- Площадь освещения: до 6 м?<br /><br /><strong>Преимущества:</strong><br />- Собственное производство полного цикла на Урале.<br />- Гарантия 3 года, срок службы до 5 лет.<br />- Бренд УСВЕТА — проверенное качество в массовом сегменте.<br /><br /><br />Сертификаты соответствия и декларации о соответствии на продукцию: <a href=""https://usveta.ru/cerificate"" target=""_blank"" rel=""noopener"">https://usveta.ru/cerificate</a>";https://static.tildacdn.com/stor3165-3266-4364-b733-393735346330/22181c0c5668fb8c5e1b01337668237d.jpg;2035.00;50;3499;;;k8tBECIVvysFTuuUciAC;;1;;"металл, пластик";Белый;"15Вт (напряжение 220В)";;;"3 года (срок эксплуатации 5 лет)";Россия;;;;;;1700;290;290;180;"Торшер напольный, белый, арт. 1353/1 | УСВЕТА";"Торшер напольный, белый. Площадь освещения до 6 м?, мощность до 15 Вт. Подходит в гостиную, спальню и для чтения. Производство и гарантия УСВЕТА.";"торшер напольный, торшер, торшер напольный современный, торшер напольный с абажуром, напольный светильник, торшер в гостиную, торшер белый, купить торшер";"Напольный торшер, белый — УСВЕТА";"Напольный торшер (белый) от производителя. Подходит в гостиную, спальню и зону отдыха для чтения. Гарантия завода, доставка по России."
263548506383;УСВЕТА;"1353/1 Муар Черный";;"Торшеры;Акции>>>Со скидкой;Акции";"Торшер напольный чёрный муар | УСВЕТА";"Напольный торшер, чёрный. Подходит в гостиную, спальню и зону отдыха для чтения. Производство УСВЕТА.";"<strong>Напольный торшер, чёрный</strong> — мобильный источник мягкого света в гостиную, спальню и зону отдыха для чтения.<br /><br /><strong>Характеристики:</strong><br />- Цвет: чёрный<br />- Материал: металл, пластик<br />- Количество ламп: 1 шт., цоколь E27<br />- Допустимая мощность: 15Вт (напряжение 220В)<br /><br /><strong>Преимущества:</strong><br />- Собственное производство полного цикла на Урале.<br />- Гарантия 3 года, срок службы до 5 лет.<br />- Бренд УСВЕТА — проверенное качество в массовом сегменте.<br /><br /><br />Сертификаты соответствия и декларации о соответствии на продукцию: <a href=""https://usveta.ru/cerificate"" target=""_blank"" rel=""noopener"">https://usveta.ru/cerificate</a>";https://static.tildacdn.com/stor3161-3835-4066-b534-643463326338/539c7cef882f37eed9d4fb3caf8a18cf.jpg;2049.00;41;3499;;;ftLDIm49ptd5GxEv8Ez1;;1;;"металл, пластик";Черный;"15Вт (напряжение 220В)";;;"3 года (срок эксплуатации 5 лет)";Россия;;;;;;1700;290;290;180;"Торшер напольный, чёрный, арт. 1353/1 | УСВЕТА";"Торшер напольный, чёрный. Мощность до 15 Вт. Подходит в гостиную, спальню и для чтения. Производство и гарантия УСВЕТА.";"торшер напольный, торшер, торшер напольный современный, торшер напольный с абажуром, напольный светильник, торшер в гостиную, торшер чёрный, купить торшер";"Напольный торшер, чёрный — УСВЕТА";"Напольный торшер (чёрный) от производителя. Подходит в гостиную, спальню и зону отдыха для чтения. Гарантия завода, доставка по России."
275121462833;УСВЕТА;"1353/1 Муар Черный+Под дерево";;"Торшеры;Акции>>>Со скидкой;Акции";"Торшер напольный муар дерево | УСВЕТА";"Напольный торшер, белый. Подходит в гостиную, спальню и зону отдыха для чтения. Производство УСВЕТА.";"<strong>Напольный торшер, белый</strong> — мобильный источник мягкого света в гостиную, спальню и зону отдыха для чтения.<br /><br /><strong>Характеристики:</strong><br />- Цвет: белый<br />- Материал: металл, пластик<br />- Количество ламп: 1 шт., цоколь E27<br />- Допустимая мощность: 15Вт (напряжение 220В)<br /><br /><strong>Преимущества:</strong><br />- Собственное производство полного цикла на Урале.<br />- Гарантия 3 года, срок службы до 5 лет.<br />- Бренд УСВЕТА — проверенное качество в массовом сегменте.<br /><br /><br />Сертификаты соответствия и декларации о соответствии на продукцию: <a href=""https://usveta.ru/cerificate"" target=""_blank"" rel=""noopener"">https://usveta.ru/cerificate</a>";https://static.tildacdn.com/stor3934-3136-4062-a662-303539353030/c3a9fb40bae69648bd0d3301b98d34df.jpg;2133.00;47;3499;;;LocnGNCUBHdayEeGYhdB;;1;;"металл, пластик";Белый;"15Вт (напряжение 220В)";;;"3 года (срок эксплуатации 5 лет)";Россия;;;;;;1700;290;290;180;"Торшер напольный, белый, арт. 1353/1 | УСВЕТА";"Торшер напольный, белый. Мощность до 15 Вт. Подходит в гостиную, спальню и для чтения. Производство и гарантия УСВЕТА.";"торшер напольный, торшер, торшер напольный современный, торшер напольный с абажуром, напольный светильник, торшер в гостиную, торшер белый, купить торшер";"Напольный торшер, белый — УСВЕТА";"Напольный торшер (белый) от производителя. Подходит в гостиную, спальню и зону отдыха для чтения. Гарантия завода, доставка по России."
699518102303;УСВЕТА;"0001 Светильник";Хит;"Настольная лампа;Акции>>>Хиты продаж";"Настольная лампа с молочным абажуром и белым основанием Е14 15Вт | УСВЕТА";"Настольная лампа, белый. Освещение до 6 м?. Подходит в спальню, детскую и на рабочий стол. Производство УСВЕТА.";"<strong>Настольная лампа, белый</strong> — локальный свет для чтения и работы, в спальню, детскую и на рабочий стол.<br /><br /><strong>Характеристики:</strong><br />- Цвет: белый<br />- Материал: металл, пластик<br />- Количество ламп: 1 шт., цоколь E27<br />- Допустимая мощность: 15Вт (напряжение 220В)<br />- Площадь освещения: до 6 м?<br /><br /><strong>Преимущества:</strong><br />- Собственное производство полного цикла на Урале.<br />- Гарантия 3 года, срок службы до 5 лет.<br />- Бренд УСВЕТА — проверенное качество в массовом сегменте.<br /><br /><br />Сертификаты соответствия и декларации о соответствии на продукцию: <a href=""https://usveta.ru/cerificate"" target=""_blank"" rel=""noopener"">https://usveta.ru/cerificate</a>";https://static.tildacdn.com/stor3466-3363-4631-a632-663061633836/7db26222b156f478ccf002118d780412.jpg;648.00;50;999;;;M0o0N0OC5O7g9SLkxvad;;1;;"металл, пластик";Белый;"15Вт (напряжение 220В)";;;"3 года (срок эксплуатации 5 лет)";Россия;;;;;;365;210;170;210;"Настольная лампа, белый, арт. 0001 | УСВЕТА";"Настольная лампа, белый. Площадь освещения до 6 м?, мощность до 15 Вт. Подходит на тумбу, письменный стол и в спальню. Производство и гарантия УСВЕТА.";"лампа настольная, настольная лампа, светильник настольный, настольная лампа с абажуром, прикроватная лампа, лампа на стол, настольная лампа белый, купить настольную лампу";"Настольная лампа, белый — УСВЕТА";"Настольная лампа (белый) от производителя. Подходит в спальню, детскую и на рабочий стол. Гарантия завода, доставка по России."
361675851383;УСВЕТА;"0002 Светильник";Хит;"Настольная лампа";"Настольная лампа с молочным абажуром и белым основанием Е14 15Вт | УСВЕТА";"Настольная лампа, желтый. Подходит в спальню, детскую и на рабочий стол. Производство УСВЕТА.";"<strong>Настольная лампа, желтый</strong> — локальный свет для чтения и работы, в спальню, детскую и на рабочий стол.<br /><br /><strong>Характеристики:</strong><br />- Цвет: желтый<br />- Материал: металл, пластик<br />- Количество ламп: 1 шт., цоколь E27<br />- Допустимая мощность: 15Вт (напряжение 220В)<br /><br /><strong>Преимущества:</strong><br />- Собственное производство полного цикла на Урале.<br />- Гарантия 3 года, срок службы до 5 лет.<br />- Бренд УСВЕТА — проверенное качество в массовом сегменте.<br /><br /><br />Сертификаты соответствия и декларации о соответствии на продукцию: <a href=""https://usveta.ru/cerificate"" target=""_blank"" rel=""noopener"">https://usveta.ru/cerificate</a>";https://static.tildacdn.com/stor3039-6164-4233-b066-336239343338/a8763088d9a8af8c64599421cef6a800.jpg;647.00;50;999;;;ulLeAf7YCjAMG0vOvvRf;;1;;"металл, пластик";Желтый;"15Вт (напряжение 220В)";;;"3 года (срок эксплуатации 5 лет)";Россия;;;;;;300;545;380;170;"Настольная лампа, желтый, арт. 0002 | УСВЕТА";"Настольная лампа, желтый. Мощность до 15 Вт. Подходит на тумбу, письменный стол и в спальню. Производство и гарантия УСВЕТА.";"лампа настольная, настольная лампа, светильник настольный, настольная лампа с абажуром, прикроватная лампа, лампа на стол, настольная лампа желтый, купить настольную лампу";"Настольная лампа, желтый — УСВЕТА";"Настольная лампа (желтый) от производителя. Подходит в спальню, детскую и на рабочий стол. Гарантия завода, доставка по России."
631303404353;УСВЕТА;"0010 Белый";;"Настольная лампа";"Настольная лампа 15Вт белый — купить для дома и офиса | УСВЕТА";"Настольная лампа, белый. Освещение до 6 м?. Подходит в спальню, детскую и на рабочий стол. Производство УСВЕТА.";"<strong>Настольная лампа, белый</strong> — локальный свет для чтения и работы, в спальню, детскую и на рабочий стол.<br /><br /><strong>Характеристики:</strong><br />- Цвет: белый<br />- Материал: металл, пластик<br />- Количество ламп: 1 шт., цоколь E27<br />- Допустимая мощность: 15Вт (напряжение 220В)<br />- Площадь освещения: до 6 м?<br /><br /><strong>Преимущества:</strong><br />- Собственное производство полного цикла на Урале.<br />- Гарантия 3 года, срок службы до 5 лет.<br />- Бренд УСВЕТА — проверенное качество в массовом сегменте.<br /><br /><br />Сертификаты соответствия и декларации о соответствии на продукцию: <a href=""https://usveta.ru/cerificate"" target=""_blank"" rel=""noopener"">https://usveta.ru/cerificate</a>";https://static.tildacdn.com/stor6335-6131-4563-b534-613566343138/25e7198c2642b0586f05eead52892e0a.jpg;659.00;4;999;;;O8EPYPJ3znGnhhCvtKPV;;1;;"металл, пластик";Белый;"15Вт (напряжение 220В)";;;"3 года (срок эксплуатации 5 лет)";Россия;;;;;;270;330;262;297;"Настольная лампа, белый, арт. 0010 | УСВЕТА";"Настольная лампа, белый. Площадь освещения до 6 м?, мощность до 15 Вт. Подходит на тумбу, письменный стол и в спальню. Производство и гарантия УСВЕТА.";"лампа настольная, настольная лампа, светильник настольный, настольная лампа с абажуром, прикроватная лампа, лампа на стол, настольная лампа белый, купить настольную лампу";"Настольная лампа, белый — УСВЕТА";"Настольная лампа (белый) от производителя. Подходит в спальню, детскую и на рабочий стол. Гарантия завода, доставка по России."
962901068143;УСВЕТА;"0010 Графит";;"Настольная лампа";"Настольная лампа Е27 15Вт графит — купить для дома и офиса |УСВЕТА";"Настольная лампа, графит. Освещение до 6 м?. Подходит в спальню, детскую и на рабочий стол. Производство УСВЕТА.";"<strong>Настольная лампа, графит</strong> — локальный свет для чтения и работы, в спальню, детскую и на рабочий стол.<br /><br /><strong>Характеристики:</strong><br />- Цвет: графит<br />- Материал: металл, пластик<br />- Количество ламп: 1 шт., цоколь E27<br />- Допустимая мощность: 15Вт (напряжение 220В)<br />- Площадь освещения: до 6 м?<br /><br /><strong>Преимущества:</strong><br />- Собственное производство полного цикла на Урале.<br />- Гарантия 3 года, срок службы до 5 лет.<br />- Бренд УСВЕТА — проверенное качество в массовом сегменте.<br /><br /><br />Сертификаты соответствия и декларации о соответствии на продукцию: <a href=""https://usveta.ru/cerificate"" target=""_blank"" rel=""noopener"">https://usveta.ru/cerificate</a>";https://static.tildacdn.com/stor3566-6264-4863-a238-393638616461/2f2ca0638e00e78ae76b226e4bfa4842.jpg;663.00;50;999;;;deRNZB96Ejd50HLJJtoD;;1;;"металл, пластик";Графит;"15Вт (напряжение 220В)";;;"3 года (срок эксплуатации 5 лет)";Россия;;;;;;250;330;262;297;"Настольная лампа, графит, арт. 0010 | УСВЕТА";"Настольная лампа, графит. Площадь освещения до 6 м?, мощность до 15 Вт. Подходит на тумбу, письменный стол и в спальню. Производство и гарантия УСВЕТА.";"лампа настольная, настольная лампа, светильник настольный, настольная лампа с абажуром, прикроватная лампа, лампа на стол, настольная лампа графит, купить настольную лампу";"Настольная лампа, графит — УСВЕТА";"Настольная лампа (графит) от производителя. Подходит в спальню, детскую и на рабочий стол. Гарантия завода, доставка по России."
911657037803;УСВЕТА;"0010 Черный";;"Настольная лампа";"Настольная лампа Е27 15Вт черный — купить для дома и офиса |УСВЕТА";"Настольная лампа, чёрный. Освещение до 6 м?. Подходит в спальню, детскую и на рабочий стол. Производство УСВЕТА.";"<strong>Настольная лампа, чёрный</strong> — локальный свет для чтения и работы, в спальню, детскую и на рабочий стол.<br /><br /><strong>Характеристики:</strong><br />- Цвет: чёрный<br />- Материал: металл, пластик<br />- Количество ламп: 1 шт., цоколь E27<br />- Допустимая мощность: 15Вт (напряжение 220В)<br />- Площадь освещения: до 6 м?<br /><br /><strong>Преимущества:</strong><br />- Собственное производство полного цикла на Урале.<br />- Гарантия 3 года, срок службы до 5 лет.<br />- Бренд УСВЕТА — проверенное качество в массовом сегменте.<br /><br /><br />Сертификаты соответствия и декларации о соответствии на продукцию: <a href=""https://usveta.ru/cerificate"" target=""_blank"" rel=""noopener"">https://usveta.ru/cerificate</a>";https://static.tildacdn.com/stor3066-3439-4439-b366-353362383637/835bf5ca6d7e9757805de12a1d32e99b.jpg;659.00;50;999;;;nRlsHgrHRJJacOrmk65i;;1;;"металл, пластик";Черный;"15Вт (напряжение 220В)";;;"3 года (срок эксплуатации 5 лет)";Россия;;;;;;270;330;262;297;"Настольная лампа, чёрный, арт. 0010 | УСВЕТА";"Настольная лампа, чёрный. Площадь освещения до 6 м?, мощность до 15 Вт. Подходит на тумбу, письменный стол и в спальню. Производство и гарантия УСВЕТА.";"лампа настольная, настольная лампа, светильник настольный, настольная лампа с абажуром, прикроватная лампа, лампа на стол, настольная лампа чёрный, купить настольную лампу";"Настольная лампа, чёрный — УСВЕТА";"Настольная лампа (чёрный) от производителя. Подходит в спальню, детскую и на рабочий стол. Гарантия завода, доставка по России."
230286783053;УСВЕТА;"0031 Белый";;"Настольная лампа";"Настольная лампа УСВЕТА Лофт Белая, Е27, 40 Вт";"Настольная лампа в стиле лофт, белый. Освещение до 8 м?. Подходит в спальню, детскую и на рабочий стол. Производство УСВЕТА.";"<strong>Настольная лампа в стиле лофт, белый</strong> — локальный свет для чтения и работы, в спальню, детскую и на рабочий стол.<br /><br /><strong>Характеристики:</strong><br />- Цвет: белый<br />- Материал: металл, пластик<br />- Количество ламп: 1 шт., цоколь E27<br />- Допустимая мощность: 15Вт (напряжение 220В)<br />- Площадь освещения: до 8 м?<br /><br /><strong>Преимущества:</strong><br />- Собственное производство полного цикла на Урале.<br />- Гарантия 3 года, срок службы до 5 лет.<br />- Бренд УСВЕТА — проверенное качество в массовом сегменте.<br /><br /><br />Сертификаты соответствия и декларации о соответствии на продукцию: <a href=""https://usveta.ru/cerificate"" target=""_blank"" rel=""noopener"">https://usveta.ru/cerificate</a>";https://static.tildacdn.com/stor3535-3236-4164-b234-613138613139/82aa81590afe8038232879ac00618c94.jpg;1162.00;0;1999;;;RLpALxbfVZ1mcAsro4fB;;1;E27;"металл, пластик";Белый;"15Вт (напряжение 220В)";;;"3 года (срок эксплуатации 5 лет)";Россия;;;;;;793;215;215;235;"Настольная лампа лофт, белый, арт. 0031 | УСВЕТА";"Настольная лампа лофт, белый. Площадь освещения до 8 м?, мощность до 15 Вт. Подходит на тумбу, письменный стол и в спальню. Производство и гарантия УСВЕТА.";"лампа настольная, настольная лампа, светильник настольный, настольная лампа с абажуром, прикроватная лампа, лампа на стол, настольная лампа белый, купить настольную лампу";"Настольная лампа в стиле лофт, белый — УСВЕТА";"Настольная лампа в стиле лофт (белый) от производителя. Подходит в спальню, детскую и на рабочий стол. Гарантия завода, доставка по России."
119898456963;УСВЕТА;"0031 Хром";;"Настольная лампа";"Настольная лампа УСВЕТА Лофт Хром, Е27, 40 Вт";"Настольная лампа в стиле лофт, хром. Освещение до 8 м?. Подходит в спальню, детскую и на рабочий стол. Производство УСВЕТА.";"<strong>Настольная лампа в стиле лофт, хром</strong> — локальный свет для чтения и работы, в спальню, детскую и на рабочий стол.<br /><br /><strong>Характеристики:</strong><br />- Цвет: хром<br />- Материал: металл, пластик<br />- Количество ламп: 1 шт., цоколь E27<br />- Допустимая мощность: 15Вт (напряжение 220В)<br />- Площадь освещения: до 8 м?<br /><br /><strong>Преимущества:</strong><br />- Собственное производство полного цикла на Урале.<br />- Гарантия 3 года, срок службы до 5 лет.<br />- Бренд УСВЕТА — проверенное качество в массовом сегменте.<br /><br /><br />Сертификаты соответствия и декларации о соответствии на продукцию: <a href=""https://usveta.ru/cerificate"" target=""_blank"" rel=""noopener"">https://usveta.ru/cerificate</a>";https://static.tildacdn.com/stor3039-6335-4635-a463-346136643130/d69f9750402daef38558107920087499.jpg;1275.00;0;1999;;;ex6MOoUtoAUxCtDOsCak;;1;E27;"металл, пластик";Хром;"15Вт (напряжение 220В)";;;"3 года (срок эксплуатации 5 лет)";Россия;;;;;;793;215;215;235;"Настольная лампа лофт, хром, арт. 0031 | УСВЕТА";"Настольная лампа лофт, хром. Площадь освещения до 8 м?, мощность до 15 Вт. Подходит на тумбу, письменный стол и в спальню. Производство и гарантия УСВЕТА.";"лампа настольная, настольная лампа, светильник настольный, настольная лампа с абажуром, прикроватная лампа, лампа на стол, настольная лампа хром, купить настольную лампу";"Настольная лампа в стиле лофт, хром — УСВЕТА";"Настольная лампа в стиле лофт (хром) от производителя. Подходит в спальню, детскую и на рабочий стол. Гарантия завода, доставка по России."
126676265703;УСВЕТА;"0031 Черный";;"Настольная лампа";"Настольная лампа УСВЕТА Лофт Черная, Е27, 40 Вт";"Настольная лампа в стиле лофт, чёрный. Освещение до 8 м?. Подходит в спальню, детскую и на рабочий стол. Производство УСВЕТА.";"<strong>Настольная лампа в стиле лофт, чёрный</strong> — локальный свет для чтения и работы, в спальню, детскую и на рабочий стол.<br /><br /><strong>Характеристики:</strong><br />- Цвет: чёрный<br />- Материал: металл, пластик<br />- Количество ламп: 1 шт., цоколь E27<br />- Допустимая мощность: 15Вт (напряжение 220В)<br />- Площадь освещения: до 8 м?<br /><br /><strong>Преимущества:</strong><br />- Собственное производство полного цикла на Урале.<br />- Гарантия 3 года, срок службы до 5 лет.<br />- Бренд УСВЕТА — проверенное качество в массовом сегменте.<br /><br /><br />Сертификаты соответствия и декларации о соответствии на продукцию: <a href=""https://usveta.ru/cerificate"" target=""_blank"" rel=""noopener"">https://usveta.ru/cerificate</a>";https://static.tildacdn.com/stor3761-3933-4362-b536-663363383730/5e16ed6de97e5081fecab99b5a565652.jpg;1152.00;0;1999;;;Z6Auk1ZU006Bbu5oHztm;;1;E27;"металл, пластик";Черный;"15Вт (напряжение 220В)";;;"3 года (срок эксплуатации 5 лет)";Россия;;;;;;793;215;215;235;"Настольная лампа лофт, чёрный, арт. 0031 | УСВЕТА";"Настольная лампа лофт, чёрный. Площадь освещения до 8 м?, мощность до 15 Вт. Подходит на тумбу, письменный стол и в спальню. Производство и гарантия УСВЕТА.";"лампа настольная, настольная лампа, светильник настольный, настольная лампа с абажуром, прикроватная лампа, лампа на стол, настольная лампа чёрный, купить настольную лампу";"Настольная лампа в стиле лофт, чёрный — УСВЕТА";"Настольная лампа в стиле лофт (чёрный) от производителя. Подходит в спальню, детскую и на рабочий стол. Гарантия завода, доставка по России."
961871555473;УСВЕТА;"0032 Белый";;"Настольная лампа";"Настольная лампа УСВЕТА Лофт Белая, Е27, 40 Вт";"Настольная лампа в стиле лофт, белый. Освещение до 8 м?. Подходит в спальню, детскую и на рабочий стол. Производство УСВЕТА.";"<strong>Настольная лампа в стиле лофт, белый</strong> — локальный свет для чтения и работы, в спальню, детскую и на рабочий стол.<br /><br /><strong>Характеристики:</strong><br />- Цвет: белый<br />- Материал: металл, пластик<br />- Количество ламп: 1 шт., цоколь E27<br />- Допустимая мощность: 15Вт (напряжение 220В)<br />- Площадь освещения: до 8 м?<br /><br /><strong>Преимущества:</strong><br />- Собственное производство полного цикла на Урале.<br />- Гарантия 3 года, срок службы до 5 лет.<br />- Бренд УСВЕТА — проверенное качество в массовом сегменте.<br /><br /><br />Сертификаты соответствия и декларации о соответствии на продукцию: <a href=""https://usveta.ru/cerificate"" target=""_blank"" rel=""noopener"">https://usveta.ru/cerificate</a>";https://static.tildacdn.com/stor3263-3134-4539-b565-663232303165/fae4c1b1d9b15035d167e5eca9d88965.jpg;1168.00;0;1999;;;CXiJ2KP2zhHatdeTVhHN;;1;E27;"металл, пластик";Белый;"15Вт (напряжение 220В)";;;"3 года (срок эксплуатации 5 лет)";Россия;;;;;;840;215;215;235;"Настольная лампа лофт, белый, арт. 0032 | УСВЕТА";"Настольная лампа лофт, белый. Площадь освещения до 8 м?, мощность до 15 Вт. Подходит на тумбу, письменный стол и в спальню. Производство и гарантия УСВЕТА.";"лампа настольная, настольная лампа, светильник настольный, настольная лампа с абажуром, прикроватная лампа, лампа на стол, настольная лампа белый, купить настольную лампу";"Настольная лампа в стиле лофт, белый — УСВЕТА";"Настольная лампа в стиле лофт (белый) от производителя. Подходит в спальню, детскую и на рабочий стол. Гарантия завода, доставка по России."
414499769123;УСВЕТА;"0032 Хром";;"Настольная лампа";"Настольная лампа УСВЕТА Лофт Хром, Е27, 40 Вт";"Настольная лампа в стиле лофт, хром. Освещение до 8 м?. Подходит в спальню, детскую и на рабочий стол. Производство УСВЕТА.";"<strong>Настольная лампа в стиле лофт, хром</strong> — локальный свет для чтения и работы, в спальню, детскую и на рабочий стол.<br /><br /><strong>Характеристики:</strong><br />- Цвет: хром<br />- Материал: металл, пластик<br />- Количество ламп: 1 шт., цоколь E27<br />- Допустимая мощность: 15Вт (напряжение 220В)<br />- Площадь освещения: до 8 м?<br /><br /><strong>Преимущества:</strong><br />- Собственное производство полного цикла на Урале.<br />- Гарантия 3 года, срок службы до 5 лет.<br />- Бренд УСВЕТА — проверенное качество в массовом сегменте.<br /><br /><br />Сертификаты соответствия и декларации о соответствии на продукцию: <a href=""https://usveta.ru/cerificate"" target=""_blank"" rel=""noopener"">https://usveta.ru/cerificate</a>";https://static.tildacdn.com/stor3034-3731-4431-b063-373035346265/6619fd159ad85191554494d9421505fe.jpg;1281.00;0;1999;;;AxGvsme4Pi86z5jZEEbj;;1;E27;"металл, пластик";Хром;"15Вт (напряжение 220В)";;;"3 года (срок эксплуатации 5 лет)";Россия;;;;;;840;215;215;235;"Настольная лампа лофт, хром, арт. 0032 | УСВЕТА";"Настольная лампа лофт, хром. Площадь освещения до 8 м?, мощность до 15 Вт. Подходит на тумбу, письменный стол и в спальню. Производство и гарантия УСВЕТА.";"лампа настольная, настольная лампа, светильник настольный, настольная лампа с абажуром, прикроватная лампа, лампа на стол, настольная лампа хром, купить настольную лампу";"Настольная лампа в стиле лофт, хром — УСВЕТА";"Настольная лампа в стиле лофт (хром) от производителя. Подходит в спальню, детскую и на рабочий стол. Гарантия завода, доставка по России."
474454706613;УСВЕТА;"0032 Черный";;"Настольная лампа";"Настольная лампа УСВЕТА Лофт Черная, Е27, 40 Вт";"Настольная лампа в стиле лофт, чёрный. Освещение до 8 м?. Подходит в спальню, детскую и на рабочий стол. Производство УСВЕТА.";"<strong>Настольная лампа в стиле лофт, чёрный</strong> — локальный свет для чтения и работы, в спальню, детскую и на рабочий стол.<br /><br /><strong>Характеристики:</strong><br />- Цвет: чёрный<br />- Материал: металл, пластик<br />- Количество ламп: 1 шт., цоколь E27<br />- Допустимая мощность: 15Вт (напряжение 220В)<br />- Площадь освещения: до 8 м?<br /><br /><strong>Преимущества:</strong><br />- Собственное производство полного цикла на Урале.<br />- Гарантия 3 года, срок службы до 5 лет.<br />- Бренд УСВЕТА — проверенное качество в массовом сегменте.<br /><br /><br />Сертификаты соответствия и декларации о соответствии на продукцию: <a href=""https://usveta.ru/cerificate"" target=""_blank"" rel=""noopener"">https://usveta.ru/cerificate</a>";https://static.tildacdn.com/stor6138-3237-4430-b233-373565326132/530eafad438ccd02bef19a728b6c0748.jpg;1158.00;0;1999;;;OKKU5OOsxgX1uMTPkOuu;;1;E27;"металл, пластик";Черный;"15Вт (напряжение 220В)";;;"3 года (срок эксплуатации 5 лет)";Россия;;;;;;840;215;215;235;"Настольная лампа лофт, чёрный, арт. 0032 | УСВЕТА";"Настольная лампа лофт, чёрный. Площадь освещения до 8 м?, мощность до 15 Вт. Подходит на тумбу, письменный стол и в спальню. Производство и гарантия УСВЕТА.";"лампа настольная, настольная лампа, светильник настольный, настольная лампа с абажуром, прикроватная лампа, лампа на стол, настольная лампа чёрный, купить настольную лампу";"Настольная лампа в стиле лофт, чёрный — УСВЕТА";"Настольная лампа в стиле лофт (чёрный) от производителя. Подходит в спальню, детскую и на рабочий стол. Гарантия завода, доставка по России."
667655771603;УСВЕТА;"0033 Белый";;"Настольная лампа";"Настольная лампа УСВЕТА Лофт Белая, Е27, 40 Вт";"Настольная лампа в стиле лофт, белый. Освещение до 6 м?. Подходит в спальню, детскую и на рабочий стол. Производство УСВЕТА.";"<strong>Настольная лампа в стиле лофт, белый</strong> — локальный свет для чтения и работы, в спальню, детскую и на рабочий стол.<br /><br /><strong>Характеристики:</strong><br />- Цвет: белый<br />- Материал: металл, пластик<br />- Количество ламп: 1 шт., цоколь E27<br />- Допустимая мощность: 15Вт (напряжение 220В)<br />- Площадь освещения: до 6 м?<br /><br /><strong>Преимущества:</strong><br />- Собственное производство полного цикла на Урале.<br />- Гарантия 3 года, срок службы до 5 лет.<br />- Бренд УСВЕТА — проверенное качество в массовом сегменте.<br /><br /><br />Сертификаты соответствия и декларации о соответствии на продукцию: <a href=""https://usveta.ru/cerificate"" target=""_blank"" rel=""noopener"">https://usveta.ru/cerificate</a>";https://static.tildacdn.com/stor3362-3339-4665-b366-376663366166/6a0dbc9431052a50efa121058ce778a9.jpg;1408.00;5;2499;;;pYuAx6SkCdp5l3UEFHdC;;1;E27;"металл, пластик";Белый;"15Вт (напряжение 220В)";;;"3 года (срок эксплуатации 5 лет)";Россия;;;;;;500;255;255;310;"Настольная лампа лофт, белый, арт. 0033 | УСВЕТА";"Настольная лампа лофт, белый. Площадь освещения до 6 м?, мощность до 15 Вт. Подходит на тумбу, письменный стол и в спальню. Производство и гарантия УСВЕТА.";"лампа настольная, настольная лампа, светильник настольный, настольная лампа с абажуром, прикроватная лампа, лампа на стол, настольная лампа белый, купить настольную лампу";"Настольная лампа в стиле лофт, белый — УСВЕТА";"Настольная лампа в стиле лофт (белый) от производителя. Подходит в спальню, детскую и на рабочий стол. Гарантия завода, доставка по России."
362821631893;УСВЕТА;"0033 Белый+Шампань";;"Настольная лампа";"Настольная лампа УСВЕТА Лофт Белый-шампань, Е27, 40 Вт";"Настольная лампа в стиле лофт, шампань. Освещение до 6 м?. Подходит в спальню, детскую и на рабочий стол. Производство УСВЕТА.";"<strong>Настольная лампа в стиле лофт, шампань</strong> — локальный свет для чтения и работы, в спальню, детскую и на рабочий стол.<br /><br /><strong>Характеристики:</strong><br />- Цвет: шампань<br />- Материал: металл, пластик<br />- Количество ламп: 1 шт., цоколь E27<br />- Допустимая мощность: 15Вт (напряжение 220В)<br />- Площадь освещения: до 6 м?<br /><br /><strong>Преимущества:</strong><br />- Собственное производство полного цикла на Урале.<br />- Гарантия 3 года, срок службы до 5 лет.<br />- Бренд УСВЕТА — проверенное качество в массовом сегменте.<br /><br /><br />Сертификаты соответствия и декларации о соответствии на продукцию: <a href=""https://usveta.ru/cerificate"" target=""_blank"" rel=""noopener"">https://usveta.ru/cerificate</a>";https://static.tildacdn.com/stor3763-3864-4563-b566-376132633638/d2027448f78fafe061f48833cd23f33c.jpg;1345.00;0;2499;;;EtIoefMs4aT3FuldlfhT;;1;E27;"металл, пластик";Шампань;"15Вт (напряжение 220В)";;;"3 года (срок эксплуатации 5 лет)";Россия;;;;;;500;255;255;310;"Настольная лампа лофт, шампань, арт. 0033 | УСВЕТА";"Настольная лампа лофт, шампань. Площадь освещения до 6 м?, мощность до 15 Вт. Подходит на тумбу, письменный стол и в спальню. Производство и гарантия УСВЕТА.";"лампа настольная, настольная лампа, светильник настольный, настольная лампа с абажуром, прикроватная лампа, лампа на стол, настольная лампа шампань, купить настольную лампу";"Настольная лампа в стиле лофт, шампань — УСВЕТА";"Настольная лампа в стиле лофт (шампань) от производителя. Подходит в спальню, детскую и на рабочий стол. Гарантия завода, доставка по России."
805660346913;УСВЕТА;"0033 Черный";;"Настольная лампа";"Настольная лампа 15Вт чёрный — купить для дома и офиса | УСВЕТА";"Настольная лампа, чёрный. Подходит в спальню, детскую и на рабочий стол. Производство УСВЕТА.";"<strong>Настольная лампа, чёрный</strong> — локальный свет для чтения и работы, в спальню, детскую и на рабочий стол.<br /><br /><strong>Характеристики:</strong><br />- Цвет: чёрный<br />- Материал: металл, пластик<br />- Количество ламп: 1 шт., цоколь E27<br />- Допустимая мощность: 15Вт (напряжение 220В)<br /><br /><strong>Преимущества:</strong><br />- Собственное производство полного цикла на Урале.<br />- Гарантия 3 года, срок службы до 5 лет.<br />- Бренд УСВЕТА — проверенное качество в массовом сегменте.<br /><br /><br />Сертификаты соответствия и декларации о соответствии на продукцию: <a href=""https://usveta.ru/cerificate"" target=""_blank"" rel=""noopener"">https://usveta.ru/cerificate</a>";https://static.tildacdn.com/stor6338-3765-4237-b335-303139626665/1ec993ad4bdf148b98f64decc0071c53.jpg;1396.00;2;2499;;;pHtMODemfPZnumuhhR0g;;1;;"металл, пластик";Черный;"15Вт (напряжение 220В)";;;"3 года (срок эксплуатации 5 лет)";Россия;;;;;;500;255;255;310;"Настольная лампа, чёрный, арт. 0033 | УСВЕТА";"Настольная лампа, чёрный. Мощность до 15 Вт. Подходит на тумбу, письменный стол и в спальню. Производство и гарантия УСВЕТА.";"лампа настольная, настольная лампа, светильник настольный, настольная лампа с абажуром, прикроватная лампа, лампа на стол, настольная лампа чёрный, купить настольную лампу";"Настольная лампа, чёрный — УСВЕТА";"Настольная лампа (чёрный) от производителя. Подходит в спальню, детскую и на рабочий стол. Гарантия завода, доставка по России."
826956479803;УСВЕТА;"0033 Черный+Коричневый";;"Настольная лампа";"Настольная лампа 15Вт черный коричневый — купить для дома и офиса | УСВЕТА";"Настольная лампа, чёрный. Подходит в спальню, детскую и на рабочий стол. Производство УСВЕТА.";"<strong>Настольная лампа, чёрный</strong> — локальный свет для чтения и работы, в спальню, детскую и на рабочий стол.<br /><br /><strong>Характеристики:</strong><br />- Цвет: чёрный<br />- Материал: металл, пластик<br />- Количество ламп: 1 шт., цоколь E27<br />- Допустимая мощность: 15Вт (напряжение 220В)<br /><br /><strong>Преимущества:</strong><br />- Собственное производство полного цикла на Урале.<br />- Гарантия 3 года, срок службы до 5 лет.<br />- Бренд УСВЕТА — проверенное качество в массовом сегменте.<br /><br /><br />Сертификаты соответствия и декларации о соответствии на продукцию: <a href=""https://usveta.ru/cerificate"" target=""_blank"" rel=""noopener"">https://usveta.ru/cerificate</a>";https://static.tildacdn.com/stor3032-6261-4634-a339-386432616163/65fa78287ebf5f010771a40f2ec0c55d.jpg;1345.00;4;2499;;;2RK9MXGPFaHLKJAejUJP;;1;;"металл, пластик";Черный;"15Вт (напряжение 220В)";;;"3 года (срок эксплуатации 5 лет)";Россия;;;;;;500;255;255;310;"Настольная лампа, чёрный, арт. 0033 | УСВЕТА";"Настольная лампа, чёрный. Мощность до 15 Вт. Подходит на тумбу, письменный стол и в спальню. Производство и гарантия УСВЕТА.";"лампа настольная, настольная лампа, светильник настольный, настольная лампа с абажуром, прикроватная лампа, лампа на стол, настольная лампа чёрный, купить настольную лампу";"Настольная лампа, чёрный — УСВЕТА";"Настольная лампа (чёрный) от производителя. Подходит в спальню, детскую и на рабочий стол. Гарантия завода, доставка по России."
441072102063;УСВЕТА;"0034 Белый";;"Настольная лампа";"Настольная лампа УСВЕТА Лофт Белая, Е27, 40 Вт";"Настольная лампа в стиле лофт, белый. Освещение до 6 м?. Подходит в спальню, детскую и на рабочий стол. Производство УСВЕТА.";"<strong>Настольная лампа в стиле лофт, белый</strong> — локальный свет для чтения и работы, в спальню, детскую и на рабочий стол.<br /><br /><strong>Характеристики:</strong><br />- Цвет: белый<br />- Материал: металл, пластик<br />- Количество ламп: 1 шт., цоколь E27<br />- Допустимая мощность: 15Вт (напряжение 220В)<br />- Площадь освещения: до 6 м?<br /><br /><strong>Преимущества:</strong><br />- Собственное производство полного цикла на Урале.<br />- Гарантия 3 года, срок службы до 5 лет.<br />- Бренд УСВЕТА — проверенное качество в массовом сегменте.<br /><br /><br />Сертификаты соответствия и декларации о соответствии на продукцию: <a href=""https://usveta.ru/cerificate"" target=""_blank"" rel=""noopener"">https://usveta.ru/cerificate</a>";https://static.tildacdn.com/stor3162-3234-4037-b538-373661393230/8878b5d16d4d501fe1e429f3d148782e.jpg;1338.00;0;2499;;;OFV4dIuchgaFCUAalgcr;;1;E27;"металл, пластик";Белый;"15Вт (напряжение 220В)";;;"3 года (срок эксплуатации 5 лет)";Россия;;;;;;500;245;245;335;"Настольная лампа лофт, белый, арт. 0034 | УСВЕТА";"Настольная лампа лофт, белый. Площадь освещения до 6 м?, мощность до 15 Вт. Подходит на тумбу, письменный стол и в спальню. Производство и гарантия УСВЕТА.";"лампа настольная, настольная лампа, светильник настольный, настольная лампа с абажуром, прикроватная лампа, лампа на стол, настольная лампа белый, купить настольную лампу";"Настольная лампа в стиле лофт, белый — УСВЕТА";"Настольная лампа в стиле лофт (белый) от производителя. Подходит в спальню, детскую и на рабочий стол. Гарантия завода, доставка по России."
460565369463;УСВЕТА;"0034 Черный";;"Настольная лампа";"Настольная лампа УСВЕТА Лофт Черная, Е27, 40 Вт";"Настольная лампа в стиле лофт, чёрный. Освещение до 6 м?. Подходит в спальню, детскую и на рабочий стол. Производство УСВЕТА.";"<strong>Настольная лампа в стиле лофт, чёрный</strong> — локальный свет для чтения и работы, в спальню, детскую и на рабочий стол.<br /><br /><strong>Характеристики:</strong><br />- Цвет: чёрный<br />- Материал: металл, пластик<br />- Количество ламп: 1 шт., цоколь E27<br />- Допустимая мощность: 15Вт (напряжение 220В)<br />- Площадь освещения: до 6 м?<br /><br /><strong>Преимущества:</strong><br />- Собственное производство полного цикла на Урале.<br />- Гарантия 3 года, срок службы до 5 лет.<br />- Бренд УСВЕТА — проверенное качество в массовом сегменте.<br /><br /><br />Сертификаты соответствия и декларации о соответствии на продукцию: <a href=""https://usveta.ru/cerificate"" target=""_blank"" rel=""noopener"">https://usveta.ru/cerificate</a>";https://static.tildacdn.com/stor6237-6634-4262-a432-353365363732/c7dcd0497aa2f02cd052083d7129b5f1.jpg;1329.00;15;1999;;;zty8BM9XHPgVdFlItbEL;;1;E27;"металл, пластик";Черный;"15Вт (напряжение 220В)";;;"3 года (срок эксплуатации 5 лет)";Россия;;;;;;500;245;245;335;"Настольная лампа лофт, чёрный, арт. 0034 | УСВЕТА";"Настольная лампа лофт, чёрный. Площадь освещения до 6 м?, мощность до 15 Вт. Подходит на тумбу, письменный стол и в спальню. Производство и гарантия УСВЕТА.";"лампа настольная, настольная лампа, светильник настольный, настольная лампа с абажуром, прикроватная лампа, лампа на стол, настольная лампа чёрный, купить настольную лампу";"Настольная лампа в стиле лофт, чёрный — УСВЕТА";"Настольная лампа в стиле лофт (чёрный) от производителя. Подходит в спальню, детскую и на рабочий стол. Гарантия завода, доставка по России."
606069465223;УСВЕТА;"00030 Белый";;"Настольная лампа";"Настольный светильник, прикроватная лампа, ночник пластиковый с абажуром УСВЕТА Классика Белый, Е14, 15 Вт";"Настольная лампа, белый. Освещение до 6 м?. Подходит в спальню, детскую и на рабочий стол. Производство УСВЕТА.";"<strong>Настольная лампа, белый</strong> — локальный свет для чтения и работы, в спальню, детскую и на рабочий стол.<br /><br /><strong>Характеристики:</strong><br />- Цвет: белый<br />- Материал: металл, пластик<br />- Количество ламп: 1 шт., цоколь E14<br />- Допустимая мощность: 15Вт (напряжение 220В)<br />- Площадь освещения: до 6 м?<br /><br /><strong>Преимущества:</strong><br />- Собственное производство полного цикла на Урале.<br />- Гарантия 3 года, срок службы до 5 лет.<br />- Бренд УСВЕТА — проверенное качество в массовом сегменте.<br /><br /><br />Сертификаты соответствия и декларации о соответствии на продукцию: <a href=""https://usveta.ru/cerificate"" target=""_blank"" rel=""noopener"">https://usveta.ru/cerificate</a>";https://static.tildacdn.com/stor6534-3765-4935-b035-366566626362/f1991aa391fe35d6aaa3607fe5251b98.jpg;877.00;3;1499;;;v16hHThYOtEsK6AErdXl;;1;E14;"металл, пластик";Белый;"15Вт (напряжение 220В)";;;"3 года (срок эксплуатации 5 лет)";Россия;;;;;;300;215;130;230;"Настольная лампа, белый, арт. 00030 | УСВЕТА";"Настольная лампа, белый. Площадь освещения до 6 м?, мощность до 15 Вт. Подходит на тумбу, письменный стол и в спальню. Производство и гарантия УСВЕТА.";"лампа настольная, настольная лампа, светильник настольный, настольная лампа с абажуром, прикроватная лампа, лампа на стол, настольная лампа белый, купить настольную лампу";"Настольная лампа, белый — УСВЕТА";"Настольная лампа (белый) от производителя. Подходит в спальню, детскую и на рабочий стол. Гарантия завода, доставка по России."
687343598753;УСВЕТА;"00030 Зеленый";;"Настольная лампа";"Настольная лампа 15Вт зелёный — купить для дома и офиса | УСВЕТА";"Настольная лампа, зелёный. Подходит в спальню, детскую и на рабочий стол. Производство УСВЕТА.";"<strong>Настольная лампа, зелёный</strong> — локальный свет для чтения и работы, в спальню, детскую и на рабочий стол.<br /><br /><strong>Характеристики:</strong><br />- Цвет: зелёный<br />- Материал: металл, пластик<br />- Количество ламп: 1 шт., цоколь E27<br />- Допустимая мощность: 15Вт (напряжение 220В)<br /><br /><strong>Преимущества:</strong><br />- Собственное производство полного цикла на Урале.<br />- Гарантия 3 года, срок службы до 5 лет.<br />- Бренд УСВЕТА — проверенное качество в массовом сегменте.<br /><br /><br />Сертификаты соответствия и декларации о соответствии на продукцию: <a href=""https://usveta.ru/cerificate"" target=""_blank"" rel=""noopener"">https://usveta.ru/cerificate</a>";https://static.tildacdn.com/stor3664-3764-4166-b732-656566386163/ce7e4abc745bf87e0d4c6011b1400406.jpg;741.00;2;1499;;;xr3rHy4x74ouPE1ogIdb;;1;;"металл, пластик";Зеленый;"15Вт (напряжение 220В)";;;"3 года (срок эксплуатации 5 лет)";Россия;;;;;;300;215;130;230;"Настольная лампа, зелёный, арт. 00030 | УСВЕТА";"Настольная лампа, зелёный. Мощность до 15 Вт. Подходит на тумбу, письменный стол и в спальню. Производство и гарантия УСВЕТА.";"лампа настольная, настольная лампа, светильник настольный, настольная лампа с абажуром, прикроватная лампа, лампа на стол, настольная лампа зелёный, купить настольную лампу";"Настольная лампа, зелёный — УСВЕТА";"Настольная лампа (зелёный) от производителя. Подходит в спальню, детскую и на рабочий стол. Гарантия завода, доставка по России."
277690989623;УСВЕТА;"00030 Красный";;"Настольная лампа";"Настольная лампа 15Вт красный — купить для дома и офиса | УСВЕТА";"Настольная лампа, красный. Подходит в спальню, детскую и на рабочий стол. Производство УСВЕТА.";"<strong>Настольная лампа, красный</strong> — локальный свет для чтения и работы, в спальню, детскую и на рабочий стол.<br /><br /><strong>Характеристики:</strong><br />- Цвет: красный<br />- Материал: металл, пластик<br />- Количество ламп: 1 шт., цоколь E27<br />- Допустимая мощность: 15Вт (напряжение 220В)<br /><br /><strong>Преимущества:</strong><br />- Собственное производство полного цикла на Урале.<br />- Гарантия 3 года, срок службы до 5 лет.<br />- Бренд УСВЕТА — проверенное качество в массовом сегменте.<br /><br /><br />Сертификаты соответствия и декларации о соответствии на продукцию: <a href=""https://usveta.ru/cerificate"" target=""_blank"" rel=""noopener"">https://usveta.ru/cerificate</a>";https://static.tildacdn.com/stor6638-6536-4863-b364-653362626233/12927bededf029fd477e04baf301ff2e.jpg;747.00;5;1499;;;Kjlu3X03RgeOCU4oEfHJ;;1;;"металл, пластик";Красный;"15Вт (напряжение 220В)";;;"3 года (срок эксплуатации 5 лет)";Россия;;;;;;300;215;130;230;"Настольная лампа, красный, арт. 00030 | УСВЕТА";"Настольная лампа, красный. Мощность до 15 Вт. Подходит на тумбу, письменный стол и в спальню. Производство и гарантия УСВЕТА.";"лампа настольная, настольная лампа, светильник настольный, настольная лампа с абажуром, прикроватная лампа, лампа на стол, настольная лампа красный, купить настольную лампу";"Настольная лампа, красный — УСВЕТА";"Настольная лампа (красный) от производителя. Подходит в спальню, детскую и на рабочий стол. Гарантия завода, доставка по России."
793879533953;УСВЕТА;"0139 золото+коричневый";;"Настольная лампа";"Настольная лампа Е27 с эффектом хрустального света — интерьерный светильник, металлическое основание, УСВЕТА";"Настольная лампа, золото. Освещение до 6 м?. Подходит в спальню, детскую и на рабочий стол. Производство УСВЕТА.";"<strong>Настольная лампа, золото</strong> — локальный свет для чтения и работы, в спальню, детскую и на рабочий стол.<br /><br /><strong>Характеристики:</strong><br />- Цвет: золото<br />- Материал: металл, пластик<br />- Количество ламп: 1 шт., цоколь E27<br />- Допустимая мощность: 15Вт (напряжение 220В)<br />- Площадь освещения: до 6 м?<br /><br /><strong>Преимущества:</strong><br />- Собственное производство полного цикла на Урале.<br />- Гарантия 3 года, срок службы до 5 лет.<br />- Бренд УСВЕТА — проверенное качество в массовом сегменте.<br /><br /><br />Сертификаты соответствия и декларации о соответствии на продукцию: <a href=""https://usveta.ru/cerificate"" target=""_blank"" rel=""noopener"">https://usveta.ru/cerificate</a>";https://static.tildacdn.com/stor6266-3731-4933-b038-663136393830/339975290c2fcb8cb95bbd6a9409c316.jpg;1572.00;50;2499;;;bTYRf6lk4XzyRSiKbFzm;;1;;"металл, пластик";Золото;"15Вт (напряжение 220В)";;;"3 года (срок эксплуатации 5 лет)";Россия;;;;;;730;210;210;170;"Настольная лампа, золото, арт. 0139 | УСВЕТА";"Настольная лампа, золото. Площадь освещения до 6 м?, мощность до 15 Вт. Подходит на тумбу, письменный стол и в спальню. Производство и гарантия УСВЕТА.";"лампа настольная, настольная лампа, светильник настольный, настольная лампа с абажуром, прикроватная лампа, лампа на стол, настольная лампа золото, купить настольную лампу";"Настольная лампа, золото — УСВЕТА";"Настольная лампа (золото) от производителя. Подходит в спальню, детскую и на рабочий стол. Гарантия завода, доставка по России."
218593578793;УСВЕТА;"0139 хром+прозрачный";;"Настольная лампа";"Настольная лампа Е27 с эффектом хрустального света — интерьерный светильник, металлическое основание, УСВЕТА";"Настольная лампа, хром. Освещение до 6 м?. Подходит в спальню, детскую и на рабочий стол. Производство УСВЕТА.";"<strong>Настольная лампа, хром</strong> — локальный свет для чтения и работы, в спальню, детскую и на рабочий стол.<br /><br /><strong>Характеристики:</strong><br />- Цвет: хром<br />- Материал: металл, пластик<br />- Количество ламп: 1 шт., цоколь E27<br />- Допустимая мощность: 15Вт (напряжение 220В)<br />- Площадь освещения: до 6 м?<br /><br /><strong>Преимущества:</strong><br />- Собственное производство полного цикла на Урале.<br />- Гарантия 3 года, срок службы до 5 лет.<br />- Бренд УСВЕТА — проверенное качество в массовом сегменте.<br /><br /><br />Сертификаты соответствия и декларации о соответствии на продукцию: <a href=""https://usveta.ru/cerificate"" target=""_blank"" rel=""noopener"">https://usveta.ru/cerificate</a>";https://static.tildacdn.com/stor6332-3539-4434-b664-336337323533/45667bed2d489413c676b2411ed39498.jpg;1571.00;50;2499;;;V8Kl8JbAKM8vy2lvKfjh;;1;;"металл, пластик";Хром;"15Вт (напряжение 220В)";;;"3 года (срок эксплуатации 5 лет)";Россия;;;;;;730;210;210;170;"Настольная лампа, хром, арт. 0139 | УСВЕТА";"Настольная лампа, хром. Площадь освещения до 6 м?, мощность до 15 Вт. Подходит на тумбу, письменный стол и в спальню. Производство и гарантия УСВЕТА.";"лампа настольная, настольная лампа, светильник настольный, настольная лампа с абажуром, прикроватная лампа, лампа на стол, настольная лампа хром, купить настольную лампу";"Настольная лампа, хром — УСВЕТА";"Настольная лампа (хром) от производителя. Подходит в спальню, детскую и на рабочий стол. Гарантия завода, доставка по России."
819827484323;УСВЕТА;"40226 Желтый";;"Настольная лампа";"Настольная лампа с желтым абажуром и кремовым основанием Е14 15Вт | УСВЕТА";"Настольная лампа, желтый. Освещение до 6 м?. Подходит в спальню, детскую и на рабочий стол. Производство УСВЕТА.";"<strong>Настольная лампа, желтый</strong> — локальный свет для чтения и работы, в спальню, детскую и на рабочий стол.<br /><br /><strong>Характеристики:</strong><br />- Цвет: желтый<br />- Материал: металл, пластик<br />- Количество ламп: 1 шт., цоколь E14<br />- Допустимая мощность: 15Вт (напряжение 220В)<br />- Площадь освещения: до 6 м?<br /><br /><strong>Преимущества:</strong><br />- Собственное производство полного цикла на Урале.<br />- Гарантия 3 года, срок службы до 5 лет.<br />- Бренд УСВЕТА — проверенное качество в массовом сегменте.<br /><br /><br />Сертификаты соответствия и декларации о соответствии на продукцию: <a href=""https://usveta.ru/cerificate"" target=""_blank"" rel=""noopener"">https://usveta.ru/cerificate</a>";https://static.tildacdn.com/stor3238-3762-4839-b535-626135666464/7bdfe6321b6b76022a8909cdbee28864.jpg;661.00;4;999;;;tnf0mMa5lKHm99TymFKL;;1;E14;"металл, пластик";Желтый;"15Вт (напряжение 220В)";;;"3 года (срок эксплуатации 5 лет)";Россия;;;;;;220;185;185;225;"Настольная лампа, желтый, арт. 40226 | УСВЕТА";"Настольная лампа, желтый. Площадь освещения до 6 м?, мощность до 15 Вт. Подходит на тумбу, письменный стол и в спальню. Производство и гарантия УСВЕТА.";"лампа настольная, настольная лампа, светильник настольный, настольная лампа с абажуром, прикроватная лампа, лампа на стол, настольная лампа желтый, купить настольную лампу";"Настольная лампа, желтый — УСВЕТА";"Настольная лампа (желтый) от производителя. Подходит в спальню, детскую и на рабочий стол. Гарантия завода, доставка по России."
434571410213;УСВЕТА;"40226 Коричневый";;"Настольная лампа";"Настольная лампа с коричневым абажуром и коричневым основанием Е14 15Вт | УСВЕТА";"Настольная лампа, коричневый. Освещение до 6 м?. Подходит в спальню, детскую и на рабочий стол. Производство УСВЕТА.";"<strong>Настольная лампа, коричневый</strong> — локальный свет для чтения и работы, в спальню, детскую и на рабочий стол.<br /><br /><strong>Характеристики:</strong><br />- Цвет: коричневый<br />- Материал: металл, пластик<br />- Количество ламп: 1 шт., цоколь E14<br />- Допустимая мощность: 15Вт (напряжение 220В)<br />- Площадь освещения: до 6 м?<br /><br /><strong>Преимущества:</strong><br />- Собственное производство полного цикла на Урале.<br />- Гарантия 3 года, срок службы до 5 лет.<br />- Бренд УСВЕТА — проверенное качество в массовом сегменте.<br /><br /><br />Сертификаты соответствия и декларации о соответствии на продукцию: <a href=""https://usveta.ru/cerificate"" target=""_blank"" rel=""noopener"">https://usveta.ru/cerificate</a>";https://static.tildacdn.com/stor6466-6439-4330-a136-366134643636/22a9d4231226897de6695ba8ba7558de.jpg;659.00;50;999;;;NIoKvscxyUeAV91bER4l;;1;E14;"металл, пластик";Коричневый;"15Вт (напряжение 220В)";;;"3 года (срок эксплуатации 5 лет)";Россия;;;;;;220;185;185;225;"Настольная лампа, коричневый, арт. 40226 | УСВЕТА";"Настольная лампа, коричневый. Площадь освещения до 6 м?, мощность до 15 Вт. Подходит на тумбу, письменный стол и в спальню. Производство и гарантия УСВЕТА.";"лампа настольная, настольная лампа, светильник настольный, настольная лампа с абажуром, прикроватная лампа, лампа на стол, настольная лампа коричневый, купить настольную лампу";"Настольная лампа, коричневый — УСВЕТА";"Настольная лампа (коричневый) от производителя. Подходит в спальню, детскую и на рабочий стол. Гарантия завода, доставка по России."
764386651973;УСВЕТА;"40326 Розовый";;"Настольная лампа";"Настольная лампа Е14 15Вт с розовым абажуром — купить для дома и офиса |УСВЕТА";"Настольная лампа, розовый. Освещение до 6 м?. Подходит в спальню, детскую и на рабочий стол. Производство УСВЕТА.";"<strong>Настольная лампа, розовый</strong> — локальный свет для чтения и работы, в спальню, детскую и на рабочий стол.<br /><br /><strong>Характеристики:</strong><br />- Цвет: розовый<br />- Материал: металл, пластик<br />- Количество ламп: 1 шт., цоколь E27<br />- Допустимая мощность: 15Вт (напряжение 220В)<br />- Площадь освещения: до 6 м?<br /><br /><strong>Преимущества:</strong><br />- Собственное производство полного цикла на Урале.<br />- Гарантия 3 года, срок службы до 5 лет.<br />- Бренд УСВЕТА — проверенное качество в массовом сегменте.<br /><br /><br />Сертификаты соответствия и декларации о соответствии на продукцию: <a href=""https://usveta.ru/cerificate"" target=""_blank"" rel=""noopener"">https://usveta.ru/cerificate</a>";https://static.tildacdn.com/stor3164-3538-4630-b438-613237613931/39a0684b80ce3b2145944ec40622a264.jpg;1058.00;23;1999;;;dfaJAAyHaeigBk9m9Z5s;;1;;"металл, пластик";Розовый;"15Вт (напряжение 220В)";;;"3 года (срок эксплуатации 5 лет)";Россия;;;;;;340;175;175;335;"Настольная лампа, розовый, арт. 40326 | УСВЕТА";"Настольная лампа, розовый. Площадь освещения до 6 м?, мощность до 15 Вт. Подходит на тумбу, письменный стол и в спальню. Производство и гарантия УСВЕТА.";"лампа настольная, настольная лампа, светильник настольный, настольная лампа с абажуром, прикроватная лампа, лампа на стол, настольная лампа розовый, купить настольную лампу";"Настольная лампа, розовый — УСВЕТА";"Настольная лампа (розовый) от производителя. Подходит в спальню, детскую и на рабочий стол. Гарантия завода, доставка по России."
775030432673;УСВЕТА;"40326 Ярко Розовый";;"Настольная лампа";"Настольная лампа Е14 15Вт с фуксия абажуром — купить для дома и офиса |УСВЕТА";"Настольная лампа, розовый. Подходит в спальню, детскую и на рабочий стол. Производство УСВЕТА.";"<strong>Настольная лампа, розовый</strong> — локальный свет для чтения и работы, в спальню, детскую и на рабочий стол.<br /><br /><strong>Характеристики:</strong><br />- Цвет: розовый<br />- Материал: металл, пластик<br />- Количество ламп: 1 шт., цоколь E27<br />- Допустимая мощность: 15Вт (напряжение 220В)<br /><br /><strong>Преимущества:</strong><br />- Собственное производство полного цикла на Урале.<br />- Гарантия 3 года, срок службы до 5 лет.<br />- Бренд УСВЕТА — проверенное качество в массовом сегменте.<br /><br /><br />Сертификаты соответствия и декларации о соответствии на продукцию: <a href=""https://usveta.ru/cerificate"" target=""_blank"" rel=""noopener"">https://usveta.ru/cerificate</a>";https://static.tildacdn.com/stor6338-6136-4263-b433-626634626330/ae5c40d3c368d6e45fc6671f6bc378c2.jpg;972.00;10;1499;;;ar09MfFLvYYsycNgOKBA;;1;;"металл, пластик";Розовый;"15Вт (напряжение 220В)";;;"3 года (срок эксплуатации 5 лет)";Россия;;;;;;340;175;175;335;"Настольная лампа, розовый, арт. 40326 | УСВЕТА";"Настольная лампа, розовый. Мощность до 15 Вт. Подходит на тумбу, письменный стол и в спальню. Производство и гарантия УСВЕТА.";"лампа настольная, настольная лампа, светильник настольный, настольная лампа с абажуром, прикроватная лампа, лампа на стол, настольная лампа розовый, купить настольную лампу";"Настольная лампа, розовый — УСВЕТА";"Настольная лампа (розовый) от производителя. Подходит в спальню, детскую и на рабочий стол. Гарантия завода, доставка по России."
404197320883;УСВЕТА;"40327 Желтый";;"Настольная лампа";"Настольная лампа 15Вт желтый — купить для дома и офиса | УСВЕТА";"Настольная лампа, желтый. Подходит в спальню, детскую и на рабочий стол. Производство УСВЕТА.";"<strong>Настольная лампа, желтый</strong> — локальный свет для чтения и работы, в спальню, детскую и на рабочий стол.<br /><br /><strong>Характеристики:</strong><br />- Цвет: желтый<br />- Материал: металл, пластик<br />- Количество ламп: 1 шт., цоколь E27<br />- Допустимая мощность: 15Вт (напряжение 220В)<br /><br /><strong>Преимущества:</strong><br />- Собственное производство полного цикла на Урале.<br />- Гарантия 3 года, срок службы до 5 лет.<br />- Бренд УСВЕТА — проверенное качество в массовом сегменте.<br /><br /><br />Сертификаты соответствия и декларации о соответствии на продукцию: <a href=""https://usveta.ru/cerificate"" target=""_blank"" rel=""noopener"">https://usveta.ru/cerificate</a>";https://static.tildacdn.com/stor3835-6535-4936-a266-353939343232/1b6bcfcc53b087132c80c3599e68fa7f.jpg;962.00;1;1499;;;5KO6ax93btyLAJuI1JmZ;;1;;"металл, пластик";Желтый;"15Вт (напряжение 220В)";;;"3 года (срок эксплуатации 5 лет)";Россия;;;;;;340;175;175;335;"Настольная лампа, желтый, арт. 40327 | УСВЕТА";"Настольная лампа, желтый. Мощность до 15 Вт. Подходит на тумбу, письменный стол и в спальню. Производство и гарантия УСВЕТА.";"лампа настольная, настольная лампа, светильник настольный, настольная лампа с абажуром, прикроватная лампа, лампа на стол, настольная лампа желтый, купить настольную лампу";"Настольная лампа, желтый — УСВЕТА";"Настольная лампа (желтый) от производителя. Подходит в спальню, детскую и на рабочий стол. Гарантия завода, доставка по России."
451995985913;УСВЕТА;"40327 Зеленый";;"Настольная лампа";"Настольная лампа Е14 15Вт с зеленым абажуром — купить для дома и офиса |УСВЕТА";"Настольная лампа, зелёный. Подходит в спальню, детскую и на рабочий стол. Производство УСВЕТА.";"<strong>Настольная лампа, зелёный</strong> — локальный свет для чтения и работы, в спальню, детскую и на рабочий стол.<br /><br /><strong>Характеристики:</strong><br />- Цвет: зелёный<br />- Материал: металл, пластик<br />- Количество ламп: 1 шт., цоколь E27<br />- Допустимая мощность: 15Вт (напряжение 220В)<br /><br /><strong>Преимущества:</strong><br />- Собственное производство полного цикла на Урале.<br />- Гарантия 3 года, срок службы до 5 лет.<br />- Бренд УСВЕТА — проверенное качество в массовом сегменте.<br /><br /><br />Сертификаты соответствия и декларации о соответствии на продукцию: <a href=""https://usveta.ru/cerificate"" target=""_blank"" rel=""noopener"">https://usveta.ru/cerificate</a>";https://static.tildacdn.com/stor6461-6363-4234-b163-363933353239/ae27d11fb31bcc4cba6d9224e862dafb.jpg;977.00;10;1499;;;BkGFhBs6tuVsjhBdn8DV;;1;;"металл, пластик";Зеленый;"15Вт (напряжение 220В)";;;"3 года (срок эксплуатации 5 лет)";Россия;;;;;;340;175;175;335;"Настольная лампа, зелёный, арт. 40327 | УСВЕТА";"Настольная лампа, зелёный. Мощность до 15 Вт. Подходит на тумбу, письменный стол и в спальню. Производство и гарантия УСВЕТА.";"лампа настольная, настольная лампа, светильник настольный, настольная лампа с абажуром, прикроватная лампа, лампа на стол, настольная лампа зелёный, купить настольную лампу";"Настольная лампа, зелёный — УСВЕТА";"Настольная лампа (зелёный) от производителя. Подходит в спальню, детскую и на рабочий стол. Гарантия завода, доставка по России."
642867136473;УСВЕТА;"40427 Ярко-розовый";;"Настольная лампа";"Настольная лампа 15Вт ярко розовый — купить для дома и офиса | УСВЕТА";"Настольная лампа, розовый. Подходит в спальню, детскую и на рабочий стол. Производство УСВЕТА.";"<strong>Настольная лампа, розовый</strong> — локальный свет для чтения и работы, в спальню, детскую и на рабочий стол.<br /><br /><strong>Характеристики:</strong><br />- Цвет: розовый<br />- Материал: металл, пластик<br />- Количество ламп: 1 шт., цоколь E27<br />- Допустимая мощность: 15Вт (напряжение 220В)<br /><br /><strong>Преимущества:</strong><br />- Собственное производство полного цикла на Урале.<br />- Гарантия 3 года, срок службы до 5 лет.<br />- Бренд УСВЕТА — проверенное качество в массовом сегменте.<br /><br /><br />Сертификаты соответствия и декларации о соответствии на продукцию: <a href=""https://usveta.ru/cerificate"" target=""_blank"" rel=""noopener"">https://usveta.ru/cerificate</a>";https://static.tildacdn.com/stor3831-6336-4131-b932-656636383338/90b778affb5a25addf7415a098116735.jpg;1025.00;50;1999;;;bLc80Cg7c56SSOjgo56t;;1;;"металл, пластик";Розовый;"15Вт (напряжение 220В)";;;"3 года (срок эксплуатации 5 лет)";Россия;;;;;;670;185;185;255;"Настольная лампа, розовый, арт. 40427 | УСВЕТА";"Настольная лампа, розовый. Мощность до 15 Вт. Подходит на тумбу, письменный стол и в спальню. Производство и гарантия УСВЕТА.";"лампа настольная, настольная лампа, светильник настольный, настольная лампа с абажуром, прикроватная лампа, лампа на стол, настольная лампа розовый, купить настольную лампу";"Настольная лампа, розовый — УСВЕТА";"Настольная лампа (розовый) от производителя. Подходит в спальню, детскую и на рабочий стол. Гарантия завода, доставка по России."
915403241403;УСВЕТА;"40431 Золото+красный";;"Настольная лампа";"Настольная лампа 15Вт золото + красный — купить для дома и офиса | УСВЕТА";"Настольная лампа, золото. Подходит в спальню, детскую и на рабочий стол. Производство УСВЕТА.";"<strong>Настольная лампа, золото</strong> — локальный свет для чтения и работы, в спальню, детскую и на рабочий стол.<br /><br /><strong>Характеристики:</strong><br />- Цвет: золото<br />- Материал: металл, пластик<br />- Количество ламп: 1 шт., цоколь E27<br />- Допустимая мощность: 15Вт (напряжение 220В)<br /><br /><strong>Преимущества:</strong><br />- Собственное производство полного цикла на Урале.<br />- Гарантия 3 года, срок службы до 5 лет.<br />- Бренд УСВЕТА — проверенное качество в массовом сегменте.<br /><br /><br />Сертификаты соответствия и декларации о соответствии на продукцию: <a href=""https://usveta.ru/cerificate"" target=""_blank"" rel=""noopener"">https://usveta.ru/cerificate</a>";https://static.tildacdn.com/stor6635-6434-4465-a162-376561356632/9a37bb0e609415c0ebddc5f8cce0391c.jpg;735.00;0;1499;;;rYrn0bTurl8icj9xtzST;;1;;"металл, пластик";Золото;"15Вт (напряжение 220В)";;;"3 года (срок эксплуатации 5 лет)";Россия;;;;;;800;185;185;255;"Настольная лампа, золото, арт. 40431 | УСВЕТА";"Настольная лампа, золото. Мощность до 15 Вт. Подходит на тумбу, письменный стол и в спальню. Производство и гарантия УСВЕТА.";"лампа настольная, настольная лампа, светильник настольный, настольная лампа с абажуром, прикроватная лампа, лампа на стол, настольная лампа золото, купить настольную лампу";"Настольная лампа, золото — УСВЕТА";"Настольная лампа (золото) от производителя. Подходит в спальню, детскую и на рабочий стол. Гарантия завода, доставка по России."
516531276073;УСВЕТА;"9000 Белый";;"Настольная лампа";"Настольная лампа 15Вт белый — купить для дома и офиса | УСВЕТА";"Настольная лампа, белый. Подходит в спальню, детскую и на рабочий стол. Производство УСВЕТА.";"<strong>Настольная лампа, белый</strong> — локальный свет для чтения и работы, в спальню, детскую и на рабочий стол.<br /><br /><strong>Характеристики:</strong><br />- Цвет: белый<br />- Материал: металл, пластик<br />- Количество ламп: 1 шт., цоколь E27<br />- Допустимая мощность: 15Вт (напряжение 220В)<br /><br /><strong>Преимущества:</strong><br />- Собственное производство полного цикла на Урале.<br />- Гарантия 3 года, срок службы до 5 лет.<br />- Бренд УСВЕТА — проверенное качество в массовом сегменте.<br /><br /><br />Сертификаты соответствия и декларации о соответствии на продукцию: <a href=""https://usveta.ru/cerificate"" target=""_blank"" rel=""noopener"">https://usveta.ru/cerificate</a>";https://static.tildacdn.com/stor3338-6230-4838-b334-633730366333/2d07fdf7086975d3fec7602ce13da3c0.jpg;1667.00;9;2999;;;ZzEkbT0Urv2ab48FuD8T;;1;;"металл, пластик";Белый;"15Вт (напряжение 220В)";;;"3 года (срок эксплуатации 5 лет)";Россия;;;;;;615;225;225;300;"Настольная лампа, белый, арт. 9000 | УСВЕТА";"Настольная лампа, белый. Мощность до 15 Вт. Подходит на тумбу, письменный стол и в спальню. Производство и гарантия УСВЕТА.";"лампа настольная, настольная лампа, светильник настольный, настольная лампа с абажуром, прикроватная лампа, лампа на стол, настольная лампа белый, купить настольную лампу";"Настольная лампа, белый — УСВЕТА";"Настольная лампа (белый) от производителя. Подходит в спальню, детскую и на рабочий стол. Гарантия завода, доставка по России."
133901040563;УСВЕТА;"9000 Черный";;"Настольная лампа";"Настольная лампа 15Вт чёрный — купить для дома и офиса | УСВЕТА";"Настольная лампа, чёрный. Подходит в спальню, детскую и на рабочий стол. Производство УСВЕТА.";"<strong>Настольная лампа, чёрный</strong> — локальный свет для чтения и работы, в спальню, детскую и на рабочий стол.<br /><br /><strong>Характеристики:</strong><br />- Цвет: чёрный<br />- Материал: металл, пластик<br />- Количество ламп: 1 шт., цоколь E27<br />- Допустимая мощность: 15Вт (напряжение 220В)<br /><br /><strong>Преимущества:</strong><br />- Собственное производство полного цикла на Урале.<br />- Гарантия 3 года, срок службы до 5 лет.<br />- Бренд УСВЕТА — проверенное качество в массовом сегменте.<br /><br /><br />Сертификаты соответствия и декларации о соответствии на продукцию: <a href=""https://usveta.ru/cerificate"" target=""_blank"" rel=""noopener"">https://usveta.ru/cerificate</a>";https://static.tildacdn.com/stor6332-6639-4234-a134-386532316462/3293163bc652d6f57b68b3ea29477af1.jpg;1694.00;15;2999;;;pZ6NEMYz8I9VkFz7cbvr;;1;;"металл, пластик";Черный;"15Вт (напряжение 220В)";;;"3 года (срок эксплуатации 5 лет)";Россия;;;;;;615;225;225;300;"Настольная лампа, чёрный, арт. 9000 | УСВЕТА";"Настольная лампа, чёрный. Мощность до 15 Вт. Подходит на тумбу, письменный стол и в спальню. Производство и гарантия УСВЕТА.";"лампа настольная, настольная лампа, светильник настольный, настольная лампа с абажуром, прикроватная лампа, лампа на стол, настольная лампа чёрный, купить настольную лампу";"Настольная лампа, чёрный — УСВЕТА";"Настольная лампа (чёрный) от производителя. Подходит в спальню, детскую и на рабочий стол. Гарантия завода, доставка по России."
868176777463;УСВЕТА;"50100 Белый+Белый";;"Настольная лампа";"Лампа настольная с абажуром прикроватная, ночник на тумбочку УСВЕТА Сканди Белая, Е27, 15 В";"Настольная лампа в скандинавском стиле, белый. Освещение до 6 м?. Подходит в спальню, детскую и на рабочий стол. Производство УСВЕТА.";"<strong>Настольная лампа в скандинавском стиле, белый</strong> — локальный свет для чтения и работы, в спальню, детскую и на рабочий стол.<br /><br /><strong>Характеристики:</strong><br />- Цвет: белый<br />- Материал: металл, пластик<br />- Количество ламп: 1 шт., цоколь E27<br />- Допустимая мощность: 15Вт (напряжение 220В)<br />- Площадь освещения: до 6 м?<br /><br /><strong>Преимущества:</strong><br />- Собственное производство полного цикла на Урале.<br />- Гарантия 3 года, срок службы до 5 лет.<br />- Бренд УСВЕТА — проверенное качество в массовом сегменте.<br /><br /><br />Сертификаты соответствия и декларации о соответствии на продукцию: <a href=""https://usveta.ru/cerificate"" target=""_blank"" rel=""noopener"">https://usveta.ru/cerificate</a>";https://static.tildacdn.com/stor6633-3731-4633-b730-373666313636/2d7272fa619934f775504590ecc2fb07.jpg;1225.00;0;1999;;;gg3CUYegYrUI5sFongUe;;1;E27;"металл, пластик";Белый;"15Вт (напряжение 220В)";;;"3 года (срок эксплуатации 5 лет)";Россия;;;;;;800;360;155;155;"Настольная лампа сканди, белый, арт. 50100 | УСВЕТА";"Настольная лампа сканди, белый. Площадь освещения до 6 м?, мощность до 15 Вт. Подходит на тумбу, письменный стол и в спальню. Производство и гарантия УСВЕТА.";"лампа настольная, настольная лампа, светильник настольный, настольная лампа с абажуром, прикроватная лампа, лампа на стол, настольная лампа белый, купить настольную лампу";"Настольная лампа в скандинавском стиле, белый — УСВЕТА";"Настольная лампа в скандинавском стиле (белый) от производителя. Подходит в спальню, детскую и на рабочий стол. Гарантия завода, доставка по России."
867919580923;УСВЕТА;"50100 Белый+Коричневый";;"Настольная лампа";"Лампа прикроватная настольная УСВЕТА Сканди Бело-коричневая, Е27, 15 Вт";"Настольная лампа в скандинавском стиле, коричневый. Освещение до 6 м?. Подходит в спальню, детскую и на рабочий стол. Производство УСВЕТА.";"<strong>Настольная лампа в скандинавском стиле, коричневый</strong> — локальный свет для чтения и работы, в спальню, детскую и на рабочий стол.<br /><br /><strong>Характеристики:</strong><br />- Цвет: коричневый<br />- Материал: металл, пластик<br />- Количество ламп: 1 шт., цоколь E27<br />- Допустимая мощность: 15Вт (напряжение 220В)<br />- Площадь освещения: до 6 м?<br /><br /><strong>Преимущества:</strong><br />- Собственное производство полного цикла на Урале.<br />- Гарантия 3 года, срок службы до 5 лет.<br />- Бренд УСВЕТА — проверенное качество в массовом сегменте.<br /><br /><br />Сертификаты соответствия и декларации о соответствии на продукцию: <a href=""https://usveta.ru/cerificate"" target=""_blank"" rel=""noopener"">https://usveta.ru/cerificate</a>";https://static.tildacdn.com/stor6633-3635-4935-b834-316335313330/ec62975fa8be1b2b3fb23cd58df9de15.jpg;1225.00;0;1999;;;pjSgj2BZ715ctMl7OVm4;;1;E27;"металл, пластик";Коричневый;"15Вт (напряжение 220В)";;;"3 года (срок эксплуатации 5 лет)";Россия;;;;;;800;360;155;155;"Настольная лампа сканди, коричневый, арт. 50100 | УСВЕТА";"Настольная лампа сканди, коричневый. Площадь освещения до 6 м?, мощность до 15 Вт. Подходит на тумбу, письменный стол и в спальню. Производство и гарантия УСВЕТА.";"лампа настольная, настольная лампа, светильник настольный, настольная лампа с абажуром, прикроватная лампа, лампа на стол, настольная лампа коричневый, купить настольную лампу";"Настольная лампа в скандинавском стиле, коричневый — УСВЕТА";"Настольная лампа в скандинавском стиле (коричневый) от производителя. Подходит в спальню, детскую и на рабочий стол. Гарантия завода, доставка по России."
480233675203;УСВЕТА;"50100 Белый+Натураль";;"Настольная лампа";"Настольный светильник с абажуром, лампа прикроватная УСВЕТА Сканди стиль Белый Натураль, Е27, 15 Вт";"Настольная лампа в скандинавском стиле, натуральное дерево. Освещение до 6 м?. Подходит в спальню, детскую и на рабочий стол. Производство УСВЕТА.";"<strong>Настольная лампа в скандинавском стиле, натуральное дерево</strong> — локальный свет для чтения и работы, в спальню, детскую и на рабочий стол.<br /><br /><strong>Характеристики:</strong><br />- Цвет: натуральное дерево<br />- Материал: металл, пластик<br />- Количество ламп: 1 шт., цоколь E27<br />- Допустимая мощность: 15Вт (напряжение 220В)<br />- Площадь освещения: до 6 м?<br /><br /><strong>Преимущества:</strong><br />- Собственное производство полного цикла на Урале.<br />- Гарантия 3 года, срок службы до 5 лет.<br />- Бренд УСВЕТА — проверенное качество в массовом сегменте.<br /><br /><br />Сертификаты соответствия и декларации о соответствии на продукцию: <a href=""https://usveta.ru/cerificate"" target=""_blank"" rel=""noopener"">https://usveta.ru/cerificate</a>";https://static.tildacdn.com/stor6635-6638-4830-b235-653465363634/4f0d30a63c6bbf2d28e925325c11691e.jpg;1225.00;3;1999;;;7NHARUsjhLNuipRDXCx5;;1;E27;"металл, пластик";Натураль;"15Вт (напряжение 220В)";;;"3 года (срок эксплуатации 5 лет)";Россия;;;;;;800;360;155;155;"Настольная лампа сканди, натуральное дерево, арт. 50100 | УСВЕТА";"Настольная лампа сканди, натуральное дерево. Площадь освещения до 6 м?, мощность до 15 Вт. Подходит на тумбу, письменный стол и в спальню. Производство и гарантия УСВЕТА.";"лампа настольная, настольная лампа, светильник настольный, настольная лампа с абажуром, прикроватная лампа, лампа на стол, настольная лампа натуральное дерево, купить настольную лампу";"Настольная лампа в скандинавском стиле, натуральное дерево — УСВЕТА";"Настольная лампа в скандинавском стиле (натуральное дерево) от производителя. Подходит в спальню, детскую и на рабочий стол. Гарантия завода, доставка по России."
912362422743;УСВЕТА;"50100 Черный+Белый";;"Настольная лампа";"Светильник настольный, лампа прикроватная УСВЕТА Скандинавский стиль Черно-белая, Е27, 15 Вт";"Настольная лампа в скандинавском стиле, чёрный. Освещение до 6 м?. Подходит в спальню, детскую и на рабочий стол. Производство УСВЕТА.";"<strong>Настольная лампа в скандинавском стиле, чёрный</strong> — локальный свет для чтения и работы, в спальню, детскую и на рабочий стол.<br /><br /><strong>Характеристики:</strong><br />- Цвет: чёрный<br />- Материал: металл, пластик<br />- Количество ламп: 1 шт., цоколь E27<br />- Допустимая мощность: 15Вт (напряжение 220В)<br />- Площадь освещения: до 6 м?<br /><br /><strong>Преимущества:</strong><br />- Собственное производство полного цикла на Урале.<br />- Гарантия 3 года, срок службы до 5 лет.<br />- Бренд УСВЕТА — проверенное качество в массовом сегменте.<br /><br /><br />Сертификаты соответствия и декларации о соответствии на продукцию: <a href=""https://usveta.ru/cerificate"" target=""_blank"" rel=""noopener"">https://usveta.ru/cerificate</a>";https://static.tildacdn.com/stor3663-3037-4564-a161-393036316537/32dc6cbc03f870bf50586cdea1ea3bca.jpg;1221.00;0;1999;;;j5VLNJJu1UMUeGNAAHfb;;1;E27;"металл, пластик";Черный;"15Вт (напряжение 220В)";;;"3 года (срок эксплуатации 5 лет)";Россия;;;;;;800;360;155;155;"Настольная лампа сканди, чёрный, арт. 50100 | УСВЕТА";"Настольная лампа сканди, чёрный. Площадь освещения до 6 м?, мощность до 15 Вт. Подходит на тумбу, письменный стол и в спальню. Производство и гарантия УСВЕТА.";"лампа настольная, настольная лампа, светильник настольный, настольная лампа с абажуром, прикроватная лампа, лампа на стол, настольная лампа чёрный, купить настольную лампу";"Настольная лампа в скандинавском стиле, чёрный — УСВЕТА";"Настольная лампа в скандинавском стиле (чёрный) от производителя. Подходит в спальню, детскую и на рабочий стол. Гарантия завода, доставка по России."
716166604323;УСВЕТА;"50100 Черный+Коричневый";;"Настольная лампа";"Лампа настольная с абажуром УСВЕТА Сканди Черно-коричневая, Е27, 15 Вт";"Настольная лампа в скандинавском стиле, чёрный. Освещение до 6 м?. Подходит в спальню, детскую и на рабочий стол. Производство УСВЕТА.";"<strong>Настольная лампа в скандинавском стиле, чёрный</strong> — локальный свет для чтения и работы, в спальню, детскую и на рабочий стол.<br /><br /><strong>Характеристики:</strong><br />- Цвет: чёрный<br />- Материал: металл, пластик<br />- Количество ламп: 1 шт., цоколь E27<br />- Допустимая мощность: 15Вт (напряжение 220В)<br />- Площадь освещения: до 6 м?<br /><br /><strong>Преимущества:</strong><br />- Собственное производство полного цикла на Урале.<br />- Гарантия 3 года, срок службы до 5 лет.<br />- Бренд УСВЕТА — проверенное качество в массовом сегменте.<br /><br /><br />Сертификаты соответствия и декларации о соответствии на продукцию: <a href=""https://usveta.ru/cerificate"" target=""_blank"" rel=""noopener"">https://usveta.ru/cerificate</a>";https://static.tildacdn.com/stor3034-3030-4932-b461-306437393131/1e41a0167b30ff18a4c1c2819b685fc9.jpg;1221.00;0;1999;;;9JeXI7tSUR11usg5zdUG;;1;E27;"металл, пластик";Черный;"15Вт (напряжение 220В)";;;"3 года (срок эксплуатации 5 лет)";Россия;;;;;;800;360;155;155;"Настольная лампа сканди, чёрный, арт. 50100 | УСВЕТА";"Настольная лампа сканди, чёрный. Площадь освещения до 6 м?, мощность до 15 Вт. Подходит на тумбу, письменный стол и в спальню. Производство и гарантия УСВЕТА.";"лампа настольная, настольная лампа, светильник настольный, настольная лампа с абажуром, прикроватная лампа, лампа на стол, настольная лампа чёрный, купить настольную лампу";"Настольная лампа в скандинавском стиле, чёрный — УСВЕТА";"Настольная лампа в скандинавском стиле (чёрный) от производителя. Подходит в спальню, детскую и на рабочий стол. Гарантия завода, доставка по России."
881639579993;УСВЕТА;"50100 Черный+Натураль";;"Настольная лампа";"Прикроватная настольная лампа, светильник на рабочий стол УСВЕТА Сканди Бежево-черный , Е27, 15 Вт";"Настольная лампа в скандинавском стиле, чёрный. Освещение до 6 м?. Подходит в спальню, детскую и на рабочий стол. Производство УСВЕТА.";"<strong>Настольная лампа в скандинавском стиле, чёрный</strong> — локальный свет для чтения и работы, в спальню, детскую и на рабочий стол.<br /><br /><strong>Характеристики:</strong><br />- Цвет: чёрный<br />- Материал: металл, пластик<br />- Количество ламп: 1 шт., цоколь E27<br />- Допустимая мощность: 15Вт (напряжение 220В)<br />- Площадь освещения: до 6 м?<br /><br /><strong>Преимущества:</strong><br />- Собственное производство полного цикла на Урале.<br />- Гарантия 3 года, срок службы до 5 лет.<br />- Бренд УСВЕТА — проверенное качество в массовом сегменте.<br /><br /><br />Сертификаты соответствия и декларации о соответствии на продукцию: <a href=""https://usveta.ru/cerificate"" target=""_blank"" rel=""noopener"">https://usveta.ru/cerificate</a>";https://static.tildacdn.com/stor3861-3462-4733-b834-303834383835/9734f76930f9af815be1b55927370701.jpg;1221.00;0;1999;;;CXBsXHVK4Y3e4mcCUNV0;;1;E27;"металл, пластик";Черный;"15Вт (напряжение 220В)";;;"3 года (срок эксплуатации 5 лет)";Россия;;;;;;800;360;155;155;"Настольная лампа сканди, чёрный, арт. 50100 | УСВЕТА";"Настольная лампа сканди, чёрный. Площадь освещения до 6 м?, мощность до 15 Вт. Подходит на тумбу, письменный стол и в спальню. Производство и гарантия УСВЕТА.";"лампа настольная, настольная лампа, светильник настольный, настольная лампа с абажуром, прикроватная лампа, лампа на стол, настольная лампа чёрный, купить настольную лампу";"Настольная лампа в скандинавском стиле, чёрный — УСВЕТА";"Настольная лампа в скандинавском стиле (чёрный) от производителя. Подходит в спальню, детскую и на рабочий стол. Гарантия завода, доставка по России."
518792378723;УСВЕТА;"33002 Белый+Белый";;"Настольная лампа";"Лампа настольная УСВЕТА Лофт Белая, Е14, 40 Вт";"Настольная лампа в стиле лофт, белый. Освещение до 8 м?. Подходит в спальню, детскую и на рабочий стол. Производство УСВЕТА.";"<strong>Настольная лампа в стиле лофт, белый</strong> — локальный свет для чтения и работы, в спальню, детскую и на рабочий стол.<br /><br /><strong>Характеристики:</strong><br />- Цвет: белый<br />- Материал: металл, пластик<br />- Количество ламп: 1 шт., цоколь E14<br />- Допустимая мощность: 15Вт (напряжение 220В)<br />- Площадь освещения: до 8 м?<br /><br /><strong>Преимущества:</strong><br />- Собственное производство полного цикла на Урале.<br />- Гарантия 3 года, срок службы до 5 лет.<br />- Бренд УСВЕТА — проверенное качество в массовом сегменте.<br /><br /><br />Сертификаты соответствия и декларации о соответствии на продукцию: <a href=""https://usveta.ru/cerificate"" target=""_blank"" rel=""noopener"">https://usveta.ru/cerificate</a>";https://static.tildacdn.com/stor6665-6233-4332-a663-353030346234/64f6e2466bb54f658d9b4501a1cad4a2.jpg;1619.00;31;2499;;;eSOla53ceA9DxcP5AaFh;;1;E14;"металл, пластик";Белый;"15Вт (напряжение 220В)";;;"3 года (срок эксплуатации 5 лет)";Россия;;;;;;1160;220;220;435;"Настольная лампа лофт, белый, арт. 33002 | УСВЕТА";"Настольная лампа лофт, белый. Площадь освещения до 8 м?, мощность до 15 Вт. Подходит на тумбу, письменный стол и в спальню. Производство и гарантия УСВЕТА.";"лампа настольная, настольная лампа, светильник настольный, настольная лампа с абажуром, прикроватная лампа, лампа на стол, настольная лампа белый, купить настольную лампу";"Настольная лампа в стиле лофт, белый — УСВЕТА";"Настольная лампа в стиле лофт (белый) от производителя. Подходит в спальню, детскую и на рабочий стол. Гарантия завода, доставка по России."
673711047163;УСВЕТА;"33002 Черный+Золото";;"Настольная лампа";"Лампа настольная УСВЕТА Лофт Черно-золотая, Е14, 40 Вт";"Настольная лампа в стиле лофт, чёрный. Освещение до 8 м?. Подходит в спальню, детскую и на рабочий стол. Производство УСВЕТА.";"<strong>Настольная лампа в стиле лофт, чёрный</strong> — локальный свет для чтения и работы, в спальню, детскую и на рабочий стол.<br /><br /><strong>Характеристики:</strong><br />- Цвет: чёрный<br />- Материал: металл, пластик<br />- Количество ламп: 1 шт., цоколь E14<br />- Допустимая мощность: 15Вт (напряжение 220В)<br />- Площадь освещения: до 8 м?<br /><br /><strong>Преимущества:</strong><br />- Собственное производство полного цикла на Урале.<br />- Гарантия 3 года, срок службы до 5 лет.<br />- Бренд УСВЕТА — проверенное качество в массовом сегменте.<br /><br /><br />Сертификаты соответствия и декларации о соответствии на продукцию: <a href=""https://usveta.ru/cerificate"" target=""_blank"" rel=""noopener"">https://usveta.ru/cerificate</a>";https://static.tildacdn.com/stor3965-3832-4565-b934-643065393834/f79069ab6192cf003c6e2e7215128224.jpg;1700.00;16;2999;;;4Z0k1PkZAY9ZAFv8tgkv;;1;E14;"металл, пластик";Черный;"15Вт (напряжение 220В)";;;"3 года (срок эксплуатации 5 лет)";Россия;;;;;;1160;220;220;435;"Настольная лампа лофт, чёрный, арт. 33002 | УСВЕТА";"Настольная лампа лофт, чёрный. Площадь освещения до 8 м?, мощность до 15 Вт. Подходит на тумбу, письменный стол и в спальню. Производство и гарантия УСВЕТА.";"лампа настольная, настольная лампа, светильник настольный, настольная лампа с абажуром, прикроватная лампа, лампа на стол, настольная лампа чёрный, купить настольную лампу";"Настольная лампа в стиле лофт, чёрный — УСВЕТА";"Настольная лампа в стиле лофт (чёрный) от производителя. Подходит в спальню, детскую и на рабочий стол. Гарантия завода, доставка по России."
188462337653;УСВЕТА;"33002 Черный+Черный";;"Настольная лампа";"Настольная лампа 15Вт чёрный — купить для дома и офиса | УСВЕТА";"Настольная лампа, чёрный. Подходит в спальню, детскую и на рабочий стол. Производство УСВЕТА.";"<strong>Настольная лампа, чёрный</strong> — локальный свет для чтения и работы, в спальню, детскую и на рабочий стол.<br /><br /><strong>Характеристики:</strong><br />- Цвет: чёрный<br />- Материал: металл, пластик<br />- Количество ламп: 1 шт., цоколь E27<br />- Допустимая мощность: 15Вт (напряжение 220В)<br /><br /><strong>Преимущества:</strong><br />- Собственное производство полного цикла на Урале.<br />- Гарантия 3 года, срок службы до 5 лет.<br />- Бренд УСВЕТА — проверенное качество в массовом сегменте.<br /><br /><br />Сертификаты соответствия и декларации о соответствии на продукцию: <a href=""https://usveta.ru/cerificate"" target=""_blank"" rel=""noopener"">https://usveta.ru/cerificate</a>";https://static.tildacdn.com/stor3663-6665-4064-b237-663765313838/9d346dd51622b7058aac19a2a54f29e4.jpg;1655.00;2;2499;;;XmYm4Ca0GOXpZgTFHJ7x;;1;;"металл, пластик";Черный;"15Вт (напряжение 220В)";;;"3 года (срок эксплуатации 5 лет)";Россия;;;;;;1160;220;220;435;"Настольная лампа, чёрный, арт. 33002 | УСВЕТА";"Настольная лампа, чёрный. Мощность до 15 Вт. Подходит на тумбу, письменный стол и в спальню. Производство и гарантия УСВЕТА.";"лампа настольная, настольная лампа, светильник настольный, настольная лампа с абажуром, прикроватная лампа, лампа на стол, настольная лампа чёрный, купить настольную лампу";"Настольная лампа, чёрный — УСВЕТА";"Настольная лампа (чёрный) от производителя. Подходит в спальню, детскую и на рабочий стол. Гарантия завода, доставка по России."
345097321993;УСВЕТА;"8501 Черный";;"Настольная лампа";"Настольная лампа Е27 15Вт черный + золото — купить для дома и офиса |УСВЕТА";"Настольная лампа, чёрный. Подходит в спальню, детскую и на рабочий стол. Производство УСВЕТА.";"<strong>Настольная лампа, чёрный</strong> — локальный свет для чтения и работы, в спальню, детскую и на рабочий стол.<br /><br /><strong>Характеристики:</strong><br />- Цвет: чёрный<br />- Материал: металл, пластик<br />- Количество ламп: 1 шт., цоколь E27<br />- Допустимая мощность: 15Вт (напряжение 220В)<br /><br /><strong>Преимущества:</strong><br />- Собственное производство полного цикла на Урале.<br />- Гарантия 3 года, срок службы до 5 лет.<br />- Бренд УСВЕТА — проверенное качество в массовом сегменте.<br /><br /><br />Сертификаты соответствия и декларации о соответствии на продукцию: <a href=""https://usveta.ru/cerificate"" target=""_blank"" rel=""noopener"">https://usveta.ru/cerificate</a>";https://static.tildacdn.com/stor3561-3532-4032-b537-656464363336/e4c235ef98c03f1d81948725973389d2.jpg;2107.00;50;3499;;;aMNtxLLr5XnxAG0iyCoM;;1;;"металл, пластик";Черный;"15Вт (напряжение 220В)";;;"3 года (срок эксплуатации 5 лет)";Россия;;;;;;380;105;105;246;"Настольная лампа, чёрный, арт. 8501 | УСВЕТА";"Настольная лампа, чёрный. Мощность до 15 Вт. Подходит на тумбу, письменный стол и в спальню. Производство и гарантия УСВЕТА.";"лампа настольная, настольная лампа, светильник настольный, настольная лампа с абажуром, прикроватная лампа, лампа на стол, настольная лампа чёрный, купить настольную лампу";"Настольная лампа, чёрный — УСВЕТА";"Настольная лампа (чёрный) от производителя. Подходит в спальню, детскую и на рабочий стол. Гарантия завода, доставка по России."
366212874903;УСВЕТА;"115 Белый";;"Настольная лампа";"Лампа настольная УСВЕТА Лофт Белая, Е27, 40 Вт";"Настольная лампа в стиле лофт, белый. Освещение до 8 м?. Подходит в спальню, детскую и на рабочий стол. Производство УСВЕТА.";"<strong>Настольная лампа в стиле лофт, белый</strong> — локальный свет для чтения и работы, в спальню, детскую и на рабочий стол.<br /><br /><strong>Характеристики:</strong><br />- Цвет: белый<br />- Материал: металл, пластик<br />- Количество ламп: 1 шт., цоколь E27<br />- Допустимая мощность: 15Вт (напряжение 220В)<br />- Площадь освещения: до 8 м?<br /><br /><strong>Преимущества:</strong><br />- Собственное производство полного цикла на Урале.<br />- Гарантия 3 года, срок службы до 5 лет.<br />- Бренд УСВЕТА — проверенное качество в массовом сегменте.<br /><br /><br />Сертификаты соответствия и декларации о соответствии на продукцию: <a href=""https://usveta.ru/cerificate"" target=""_blank"" rel=""noopener"">https://usveta.ru/cerificate</a>";https://static.tildacdn.com/stor3762-3136-4437-b036-393131333730/54b956b883aabf3c02e8612e7b59ec43.jpg;1308.00;4;1999;;;HuiJGhPcOSuGETnLOdlY;;1;E27;"металл, пластик";Белый;"15Вт (напряжение 220В)";;;"3 года (срок эксплуатации 5 лет)";Россия;;;;;;880;166;166;500;"Настольная лампа лофт, белый, арт. 115 | УСВЕТА";"Настольная лампа лофт, белый. Площадь освещения до 8 м?, мощность до 15 Вт. Подходит на тумбу, письменный стол и в спальню. Производство и гарантия УСВЕТА.";"лампа настольная, настольная лампа, светильник настольный, настольная лампа с абажуром, прикроватная лампа, лампа на стол, настольная лампа белый, купить настольную лампу";"Настольная лампа в стиле лофт, белый — УСВЕТА";"Настольная лампа в стиле лофт (белый) от производителя. Подходит в спальню, детскую и на рабочий стол. Гарантия завода, доставка по России."
922873634933;УСВЕТА;"115 Черный";;"Настольная лампа";"Лампа настольная УСВЕТА Лофт Черный, Е27, 40 Вт";"Настольная лампа в стиле лофт, чёрный. Освещение до 8 м?. Подходит в спальню, детскую и на рабочий стол. Производство УСВЕТА.";"<strong>Настольная лампа в стиле лофт, чёрный</strong> — локальный свет для чтения и работы, в спальню, детскую и на рабочий стол.<br /><br /><strong>Характеристики:</strong><br />- Цвет: чёрный<br />- Материал: металл, пластик<br />- Количество ламп: 1 шт., цоколь E27<br />- Допустимая мощность: 15Вт (напряжение 220В)<br />- Площадь освещения: до 8 м?<br /><br /><strong>Преимущества:</strong><br />- Собственное производство полного цикла на Урале.<br />- Гарантия 3 года, срок службы до 5 лет.<br />- Бренд УСВЕТА — проверенное качество в массовом сегменте.<br /><br /><br />Сертификаты соответствия и декларации о соответствии на продукцию: <a href=""https://usveta.ru/cerificate"" target=""_blank"" rel=""noopener"">https://usveta.ru/cerificate</a>";https://static.tildacdn.com/stor6164-3239-4334-a130-363037616435/edea51a3830a0f3fc7969d2ebb070861.jpg;1335.00;2;2499;;;TEUHLlxxEZVVccaAH1zn;;1;E27;"металл, пластик";Черный;"15Вт (напряжение 220В)";;;"3 года (срок эксплуатации 5 лет)";Россия;;;;;;790;505;165;165;"Настольная лампа лофт, чёрный, арт. 115 | УСВЕТА";"Настольная лампа лофт, чёрный. Площадь освещения до 8 м?, мощность до 15 Вт. Подходит на тумбу, письменный стол и в спальню. Производство и гарантия УСВЕТА.";"лампа настольная, настольная лампа, светильник настольный, настольная лампа с абажуром, прикроватная лампа, лампа на стол, настольная лампа чёрный, купить настольную лампу";"Настольная лампа в стиле лофт, чёрный — УСВЕТА";"Настольная лампа в стиле лофт (чёрный) от производителя. Подходит в спальню, детскую и на рабочий стол. Гарантия завода, доставка по России."
481762091313;УСВЕТА;"116 Черный";;"Настольная лампа";"Лампа настольная УСВЕТА Лофт Черный, Е27, 40 Вт";"Настольная лампа, чёрный. Подходит в спальню, детскую и на рабочий стол. Производство УСВЕТА.";"<strong>Настольная лампа, чёрный</strong> — локальный свет для чтения и работы, в спальню, детскую и на рабочий стол.<br /><br /><strong>Характеристики:</strong><br />- Цвет: чёрный<br />- Материал: металл, пластик<br />- Количество ламп: 1 шт., цоколь E27<br />- Допустимая мощность: 15Вт (напряжение 220В)<br /><br /><strong>Преимущества:</strong><br />- Собственное производство полного цикла на Урале.<br />- Гарантия 3 года, срок службы до 5 лет.<br />- Бренд УСВЕТА — проверенное качество в массовом сегменте.<br /><br /><br />Сертификаты соответствия и декларации о соответствии на продукцию: <a href=""https://usveta.ru/cerificate"" target=""_blank"" rel=""noopener"">https://usveta.ru/cerificate</a>";https://static.tildacdn.com/stor6531-3933-4236-b464-636265666535/4fc7fa92fde22405e3f4cda6c2f3eaa5.jpg;1546.00;0;2499;;;MazDscAbRKkbCUAnuEap;;1;E27;"металл, пластик";Черный;"15Вт (напряжение 220В)";;;"3 года (срок эксплуатации 5 лет)";Россия;;;;;;1240;172;172;437;"Настольная лампа, чёрный, арт. 116 | УСВЕТА";"Настольная лампа, чёрный. Мощность до 15 Вт. Подходит на тумбу, письменный стол и в спальню. Производство и гарантия УСВЕТА.";"лампа настольная, настольная лампа, светильник настольный, настольная лампа с абажуром, прикроватная лампа, лампа на стол, настольная лампа чёрный, купить настольную лампу";"Настольная лампа, чёрный — УСВЕТА";"Настольная лампа (чёрный) от производителя. Подходит в спальню, детскую и на рабочий стол. Гарантия завода, доставка по России."
198042360483;УСВЕТА;"40126 Коричневый";;"Настольная лампа";"Настольная лампа 15Вт коричневый — купить для дома и офиса | УСВЕТА";"Настольная лампа, коричневый. Подходит в спальню, детскую и на рабочий стол. Производство УСВЕТА.";"<strong>Настольная лампа, коричневый</strong> — локальный свет для чтения и работы, в спальню, детскую и на рабочий стол.<br /><br /><strong>Характеристики:</strong><br />- Цвет: коричневый<br />- Материал: металл, пластик<br />- Количество ламп: 1 шт., цоколь E27<br />- Допустимая мощность: 15Вт (напряжение 220В)<br /><br /><strong>Преимущества:</strong><br />- Собственное производство полного цикла на Урале.<br />- Гарантия 3 года, срок службы до 5 лет.<br />- Бренд УСВЕТА — проверенное качество в массовом сегменте.<br /><br /><br />Сертификаты соответствия и декларации о соответствии на продукцию: <a href=""https://usveta.ru/cerificate"" target=""_blank"" rel=""noopener"">https://usveta.ru/cerificate</a>";https://static.tildacdn.com/stor6461-6262-4863-b664-376430363136/cc23a180fb7c67bf250d9bd8306f8dbb.jpg;910.00;50;1499;;;x1BpJLkop3F38gc5P7lJ;;1;;"металл, пластик";Коричневый;"15Вт (напряжение 220В)";;;"3 года (срок эксплуатации 5 лет)";Россия;;;;;;550;730;490;580;"Настольная лампа, коричневый, арт. 40126 | УСВЕТА";"Настольная лампа, коричневый. Мощность до 15 Вт. Подходит на тумбу, письменный стол и в спальню. Производство и гарантия УСВЕТА.";"лампа настольная, настольная лампа, светильник настольный, настольная лампа с абажуром, прикроватная лампа, лампа на стол, настольная лампа коричневый, купить настольную лампу";"Настольная лампа, коричневый — УСВЕТА";"Настольная лампа (коричневый) от производителя. Подходит в спальню, детскую и на рабочий стол. Гарантия завода, доставка по России."
248992972263;УСВЕТА;"40126 Красный";;"Настольная лампа";"Настольная лампа 15Вт красный — купить для дома и офиса | УСВЕТА";"Настольная лампа, красный. Подходит в спальню, детскую и на рабочий стол. Производство УСВЕТА.";"<strong>Настольная лампа, красный</strong> — локальный свет для чтения и работы, в спальню, детскую и на рабочий стол.<br /><br /><strong>Характеристики:</strong><br />- Цвет: красный<br />- Материал: металл, пластик<br />- Количество ламп: 1 шт., цоколь E27<br />- Допустимая мощность: 15Вт (напряжение 220В)<br /><br /><strong>Преимущества:</strong><br />- Собственное производство полного цикла на Урале.<br />- Гарантия 3 года, срок службы до 5 лет.<br />- Бренд УСВЕТА — проверенное качество в массовом сегменте.<br /><br /><br />Сертификаты соответствия и декларации о соответствии на продукцию: <a href=""https://usveta.ru/cerificate"" target=""_blank"" rel=""noopener"">https://usveta.ru/cerificate</a>";https://static.tildacdn.com/stor6539-3730-4032-b266-323639356264/0a01ed5c412e562461b4b14ae2c08e8e.jpg;785.00;4;1499;;;KAd5LmIvDBymOvElOTGz;;1;;"металл, пластик";Красный;"15Вт (напряжение 220В)";;;"3 года (срок эксплуатации 5 лет)";Россия;;;;;;550;580;490;720;"Настольная лампа, красный, арт. 40126 | УСВЕТА";"Настольная лампа, красный. Мощность до 15 Вт. Подходит на тумбу, письменный стол и в спальню. Производство и гарантия УСВЕТА.";"лампа настольная, настольная лампа, светильник настольный, настольная лампа с абажуром, прикроватная лампа, лампа на стол, настольная лампа красный, купить настольную лампу";"Настольная лампа, красный — УСВЕТА";"Настольная лампа (красный) от производителя. Подходит в спальню, детскую и на рабочий стол. Гарантия завода, доставка по России."
272848677653;УСВЕТА;"113 Белый";;"Настольная лампа";"Лампа настольная УСВЕТА Лофт Белая, Е27, 40 Вт";"Настольная лампа в стиле лофт, белый. Освещение до 8 м?. Подходит в спальню, детскую и на рабочий стол. Производство УСВЕТА.";"<strong>Настольная лампа в стиле лофт, белый</strong> — локальный свет для чтения и работы, в спальню, детскую и на рабочий стол.<br /><br /><strong>Характеристики:</strong><br />- Цвет: белый<br />- Материал: металл, пластик<br />- Количество ламп: 1 шт., цоколь E27<br />- Допустимая мощность: 15Вт (напряжение 220В)<br />- Площадь освещения: до 8 м?<br /><br /><strong>Преимущества:</strong><br />- Собственное производство полного цикла на Урале.<br />- Гарантия 3 года, срок службы до 5 лет.<br />- Бренд УСВЕТА — проверенное качество в массовом сегменте.<br /><br /><br />Сертификаты соответствия и декларации о соответствии на продукцию: <a href=""https://usveta.ru/cerificate"" target=""_blank"" rel=""noopener"">https://usveta.ru/cerificate</a>";https://static.tildacdn.com/stor3164-3761-4333-b937-333436616338/1e34c7a8cf7779a896b626aff04975fb.jpg;1382.00;0;2499;;;9YlDdV4BLk0XydNOYDYi;;1;E27;"металл, пластик";Белый;"15Вт (напряжение 220В)";;;"3 года (срок эксплуатации 5 лет)";Россия;;;;;;850;172;172;452;"Настольная лампа лофт, белый, арт. 113 | УСВЕТА";"Настольная лампа лофт, белый. Площадь освещения до 8 м?, мощность до 15 Вт. Подходит на тумбу, письменный стол и в спальню. Производство и гарантия УСВЕТА.";"лампа настольная, настольная лампа, светильник настольный, настольная лампа с абажуром, прикроватная лампа, лампа на стол, настольная лампа белый, купить настольную лампу";"Настольная лампа в стиле лофт, белый — УСВЕТА";"Настольная лампа в стиле лофт (белый) от производителя. Подходит в спальню, детскую и на рабочий стол. Гарантия завода, доставка по России."
908743250693;УСВЕТА;"113 Черный";;"Настольная лампа";"Настольная лампа 15Вт чёрный — купить для дома и офиса | УСВЕТА";"Настольная лампа, чёрный. Подходит в спальню, детскую и на рабочий стол. Производство УСВЕТА.";"<strong>Настольная лампа, чёрный</strong> — локальный свет для чтения и работы, в спальню, детскую и на рабочий стол.<br /><br /><strong>Характеристики:</strong><br />- Цвет: чёрный<br />- Материал: металл, пластик<br />- Допустимая мощность: 15Вт (напряжение 220В)<br /><br /><strong>Преимущества:</strong><br />- Собственное производство полного цикла на Урале.<br />- Гарантия 3 года, срок службы до 5 лет.<br />- Бренд УСВЕТА — проверенное качество в массовом сегменте.<br /><br /><br />Сертификаты соответствия и декларации о соответствии на продукцию: <a href=""https://usveta.ru/cerificate"" target=""_blank"" rel=""noopener"">https://usveta.ru/cerificate</a>";https://static.tildacdn.com/stor3732-6339-4163-b763-623562373165/79ff78a9e597e17a7c0e22b1f7d475d5.jpg;990.00;0;1499;;;JO0ch3KedrRhb0tsSZso;;;;"металл, пластик";Черный;"15Вт (напряжение 220В)";;;"3 года (срок эксплуатации 5 лет)";Россия;;;;;;800;437;162;162;"Настольная лампа, чёрный, арт. 113 | УСВЕТА";"Настольная лампа, чёрный. Мощность до 15 Вт. Подходит на тумбу, письменный стол и в спальню. Производство и гарантия УСВЕТА.";"лампа настольная, настольная лампа, светильник настольный, настольная лампа с абажуром, прикроватная лампа, лампа на стол, настольная лампа чёрный, купить настольную лампу";"Настольная лампа, чёрный — УСВЕТА";"Настольная лампа (чёрный) от производителя. Подходит в спальню, детскую и на рабочий стол. Гарантия завода, доставка по России."
995182711053;УСВЕТА;"10х18х16 E14 Красный";;Абажуры;"Абажур красный — сменный для торшера и настольной лампы | УСВЕТА";"Абажур, красный. Подходит для торшера и настольной лампы. Производство УСВЕТА.";"<strong>Абажур, красный</strong> — лёгкий способ обновить торшер или настольную лампу.<br /><br /><strong>Характеристики:</strong><br />- Цвет: красный<br />- Материал: металл, пластик<br /><br /><strong>Преимущества:</strong><br />- Собственное производство полного цикла на Урале.<br />- Гарантия 3 года, срок службы до 5 лет.<br />- Бренд УСВЕТА — проверенное качество в массовом сегменте.<br /><br /><br />Сертификаты соответствия и декларации о соответствии на продукцию: <a href=""https://usveta.ru/cerificate"" target=""_blank"" rel=""noopener"">https://usveta.ru/cerificate</a>";https://static.tildacdn.com/stor3532-3065-4535-b538-373630643336/6b91f545fc5cba3d3aac66ea318fd62a.jpg;365.00;0;999;;;6J4pGHZ3fUIYP8s9lxYb;;;;"металл, пластик";Красный;"15Вт (напряжение 220В)";;;"3 года (срок эксплуатации 5 лет)";Россия;;;;;;90;210;210;180;"Абажур, красный, арт. 10х18х16 | УСВЕТА";"Абажур, красный. Подходит для торшера и настольной лампы. Производство и гарантия УСВЕТА.";"абажур, абажур для торшера, абажур для настольной лампы, абажур сменный, абажур на торшер, абажур тканевый, абажур красный, купить абажур";"Абажур, красный — УСВЕТА";"Абажур (красный) от производителя. Подходит для торшера и настольной лампы. Гарантия завода, доставка по России."
154491072303;УСВЕТА;"10х18х16 E27 Коричневый";;Абажуры;"Абажур коричневый — сменный для торшера и настольной лампы | УСВЕТА";"Абажур, коричневый. Подходит для торшера и настольной лампы. Производство УСВЕТА.";"<strong>Абажур, коричневый</strong> — лёгкий способ обновить торшер или настольную лампу.<br /><br /><strong>Характеристики:</strong><br />- Цвет: коричневый<br />- Материал: металл, пластик<br /><br /><strong>Преимущества:</strong><br />- Собственное производство полного цикла на Урале.<br />- Гарантия 3 года, срок службы до 5 лет.<br />- Бренд УСВЕТА — проверенное качество в массовом сегменте.<br /><br /><br />Сертификаты соответствия и декларации о соответствии на продукцию: <a href=""https://usveta.ru/cerificate"" target=""_blank"" rel=""noopener"">https://usveta.ru/cerificate</a>";https://static.tildacdn.com/stor3364-3762-4333-a262-333564326562/913037d94eacd686a5348bde7256289b.jpg;325.00;0;499;;;eo71BAURxTZN2INoD843;;;;"металл, пластик";Коричневый;"15Вт (напряжение 220В)";;;"3 года (срок эксплуатации 5 лет)";Россия;;;;;;90;210;210;180;"Абажур, коричневый, арт. 10х18х16 | УСВЕТА";"Абажур, коричневый. Подходит для торшера и настольной лампы. Производство и гарантия УСВЕТА.";"абажур, абажур для торшера, абажур для настольной лампы, абажур сменный, абажур на торшер, абажур тканевый, абажур коричневый, купить абажур";"Абажур, коричневый — УСВЕТА";"Абажур (коричневый) от производителя. Подходит для торшера и настольной лампы. Гарантия завода, доставка по России."
659315725133;УСВЕТА;"10х18х16 E27 Розовый";;Абажуры;"Абажур розовый — сменный для торшера и настольной лампы | УСВЕТА";"Абажур, розовый. Подходит для торшера и настольной лампы. Производство УСВЕТА.";"<strong>Абажур, розовый</strong> — лёгкий способ обновить торшер или настольную лампу.<br /><br /><strong>Характеристики:</strong><br />- Цвет: розовый<br />- Материал: металл, пластик<br /><br /><strong>Преимущества:</strong><br />- Собственное производство полного цикла на Урале.<br />- Гарантия 3 года, срок службы до 5 лет.<br />- Бренд УСВЕТА — проверенное качество в массовом сегменте.<br /><br /><br />Сертификаты соответствия и декларации о соответствии на продукцию: <a href=""https://usveta.ru/cerificate"" target=""_blank"" rel=""noopener"">https://usveta.ru/cerificate</a>";https://static.tildacdn.com/stor3134-3066-4433-a435-373965336564/ea6be7e624ff28dac830cc41a2f72675.jpg;325.00;27;499;;;j3bnRxGMIsh8iHUnidj7;;;;"металл, пластик";Розовый;"15Вт (напряжение 220В)";;;"3 года (срок эксплуатации 5 лет)";Россия;;;;;;90;210;210;180;"Абажур, розовый, арт. 10х18х16 | УСВЕТА";"Абажур, розовый. Подходит для торшера и настольной лампы. Производство и гарантия УСВЕТА.";"абажур, абажур для торшера, абажур для настольной лампы, абажур сменный, абажур на торшер, абажур тканевый, абажур розовый, купить абажур";"Абажур, розовый — УСВЕТА";"Абажур (розовый) от производителя. Подходит для торшера и настольной лампы. Гарантия завода, доставка по России."
323283869463;УСВЕТА;"11х30х18 Е27 Белый";;Абажуры;"Абажур белый — сменный для торшера и настольной лампы | УСВЕТА";"Абажур, белый. Подходит для торшера и настольной лампы. Производство УСВЕТА.";"<strong>Абажур, белый</strong> — лёгкий способ обновить торшер или настольную лампу.<br /><br /><strong>Характеристики:</strong><br />- Цвет: белый<br />- Материал: металл, пластик<br /><br /><strong>Преимущества:</strong><br />- Собственное производство полного цикла на Урале.<br />- Гарантия 3 года, срок службы до 5 лет.<br />- Бренд УСВЕТА — проверенное качество в массовом сегменте.<br /><br /><br />Сертификаты соответствия и декларации о соответствии на продукцию: <a href=""https://usveta.ru/cerificate"" target=""_blank"" rel=""noopener"">https://usveta.ru/cerificate</a>";https://static.tildacdn.com/stor3734-3336-4536-a566-313963663530/69180fc93540ce6e27afd6c98ced9fc5.jpg;761.00;50;1499;;;pbDZYNeZ7Dh4docUfBbb;;;;"металл, пластик";Белый;"15Вт (напряжение 220В)";;;"3 года (срок эксплуатации 5 лет)";Россия;;;;;;150;220;125;125;"Абажур, белый, арт. 11х30х18 | УСВЕТА";"Абажур, белый. Подходит для торшера и настольной лампы. Производство и гарантия УСВЕТА.";"абажур, абажур для торшера, абажур для настольной лампы, абажур сменный, абажур на торшер, абажур тканевый, абажур белый, купить абажур";"Абажур, белый — УСВЕТА";"Абажур (белый) от производителя. Подходит для торшера и настольной лампы. Гарантия завода, доставка по России."
676749492253;УСВЕТА;"11х30х18 Е27 Коричневый";;Абажуры;"Абажур коричневый — сменный для торшера и настольной лампы | УСВЕТА";"Абажур, коричневый. Подходит для торшера и настольной лампы. Производство УСВЕТА.";"<strong>Абажур, коричневый</strong> — лёгкий способ обновить торшер или настольную лампу.<br /><br /><strong>Характеристики:</strong><br />- Цвет: коричневый<br />- Материал: металл, пластик<br /><br /><strong>Преимущества:</strong><br />- Собственное производство полного цикла на Урале.<br />- Гарантия 3 года, срок службы до 5 лет.<br />- Бренд УСВЕТА — проверенное качество в массовом сегменте.<br /><br /><br />Сертификаты соответствия и декларации о соответствии на продукцию: <a href=""https://usveta.ru/cerificate"" target=""_blank"" rel=""noopener"">https://usveta.ru/cerificate</a>";https://static.tildacdn.com/stor3361-6238-4134-a530-336632353938/5bdf5ca09157aa9afd30d3d2ca5b0c13.jpg;761.00;50;1499;;;ycLkFU1MVbhHTKdfj5Dh;;;;"металл, пластик";Коричневый;"15Вт (напряжение 220В)";;;"3 года (срок эксплуатации 5 лет)";Россия;;;;;;150;220;125;125;"Абажур, коричневый, арт. 11х30х18 | УСВЕТА";"Абажур, коричневый. Подходит для торшера и настольной лампы. Производство и гарантия УСВЕТА.";"абажур, абажур для торшера, абажур для настольной лампы, абажур сменный, абажур на торшер, абажур тканевый, абажур коричневый, купить абажур";"Абажур, коричневый — УСВЕТА";"Абажур (коричневый) от производителя. Подходит для торшера и настольной лампы. Гарантия завода, доставка по России."
164417380873;УСВЕТА;"11х30х18 Е27 Натураль";;Абажуры;"Абажур натуральныйный — сменный для торшера и настольной лампы | УСВЕТА";"Абажур, натуральное дерево. Подходит для торшера и настольной лампы. Производство УСВЕТА.";"<strong>Абажур, натуральное дерево</strong> — лёгкий способ обновить торшер или настольную лампу.<br /><br /><strong>Характеристики:</strong><br />- Цвет: натуральное дерево<br />- Материал: металл, пластик<br /><br /><strong>Преимущества:</strong><br />- Собственное производство полного цикла на Урале.<br />- Гарантия 3 года, срок службы до 5 лет.<br />- Бренд УСВЕТА — проверенное качество в массовом сегменте.<br /><br /><br />Сертификаты соответствия и декларации о соответствии на продукцию: <a href=""https://usveta.ru/cerificate"" target=""_blank"" rel=""noopener"">https://usveta.ru/cerificate</a>";https://static.tildacdn.com/stor3263-3536-4634-b162-353461363836/7b436933eb7a25b961ac9ffe8c619c75.jpg;650.00;0;999;;;2d3tE9giCuvYZakZUpYl;;;;"металл, пластик";Натураль;"15Вт (напряжение 220В)";;;"3 года (срок эксплуатации 5 лет)";Россия;;;;;;150;220;125;125;"Абажур, натуральное дерево, арт. 11х30х18 | УСВЕТА";"Абажур, натуральное дерево. Подходит для торшера и настольной лампы. Производство и гарантия УСВЕТА.";"абажур, абажур для торшера, абажур для настольной лампы, абажур сменный, абажур на торшер, абажур тканевый, абажур натуральное дерево, купить абажур";"Абажур, натуральное дерево — УСВЕТА";"Абажур (натуральное дерево) от производителя. Подходит для торшера и настольной лампы. Гарантия завода, доставка по России."
953442710683;УСВЕТА;"12х16.5х14 E14 Желтый";;Абажуры;"Абажур желтый — сменный для торшера и настольной лампы | УСВЕТА";"Абажур, желтый. Подходит для торшера и настольной лампы. Производство УСВЕТА.";"<strong>Абажур, желтый</strong> — лёгкий способ обновить торшер или настольную лампу.<br /><br /><strong>Характеристики:</strong><br />- Цвет: желтый<br />- Материал: металл, пластик<br /><br /><strong>Преимущества:</strong><br />- Собственное производство полного цикла на Урале.<br />- Гарантия 3 года, срок службы до 5 лет.<br />- Бренд УСВЕТА — проверенное качество в массовом сегменте.<br /><br /><br />Сертификаты соответствия и декларации о соответствии на продукцию: <a href=""https://usveta.ru/cerificate"" target=""_blank"" rel=""noopener"">https://usveta.ru/cerificate</a>";https://static.tildacdn.com/stor3866-3939-4634-b134-386234633432/13d71f2694aa83335563e19beec8a3b3.jpg;252.00;2;499;;;hc6ZtDKRX7HvepH4CBiR;;;;"металл, пластик";Желтый;"15Вт (напряжение 220В)";;;"3 года (срок эксплуатации 5 лет)";Россия;;;;;;90;180;180;185;"Абажур, желтый, арт. 12х16.5х14 | УСВЕТА";"Абажур, желтый. Подходит для торшера и настольной лампы. Производство и гарантия УСВЕТА.";"абажур, абажур для торшера, абажур для настольной лампы, абажур сменный, абажур на торшер, абажур тканевый, абажур желтый, купить абажур";"Абажур, желтый — УСВЕТА";"Абажур (желтый) от производителя. Подходит для торшера и настольной лампы. Гарантия завода, доставка по России."
951498861983;УСВЕТА;"12х25х17 E27 Коричневый";;Абажуры;"Абажур коричневый — сменный для торшера и настольной лампы | УСВЕТА";"Абажур, коричневый. Подходит для торшера и настольной лампы. Производство УСВЕТА.";"<strong>Абажур, коричневый</strong> — лёгкий способ обновить торшер или настольную лампу.<br /><br /><strong>Характеристики:</strong><br />- Цвет: коричневый<br />- Материал: металл, пластик<br /><br /><strong>Преимущества:</strong><br />- Собственное производство полного цикла на Урале.<br />- Гарантия 3 года, срок службы до 5 лет.<br />- Бренд УСВЕТА — проверенное качество в массовом сегменте.<br /><br /><br />Сертификаты соответствия и декларации о соответствии на продукцию: <a href=""https://usveta.ru/cerificate"" target=""_blank"" rel=""noopener"">https://usveta.ru/cerificate</a>";https://static.tildacdn.com/stor3431-6437-4563-b736-663063353837/0adf4d91bf0ef5ee2b4c9dda58e8821b.jpg;480.00;19;999;;;docbNRA9GV03t3CmkFU6;;;;"металл, пластик";Коричневый;"15Вт (напряжение 220В)";;;"3 года (срок эксплуатации 5 лет)";Россия;;;;;;280;255;255;195;"Абажур, коричневый, арт. 12х25х17 | УСВЕТА";"Абажур, коричневый. Подходит для торшера и настольной лампы. Производство и гарантия УСВЕТА.";"абажур, абажур для торшера, абажур для настольной лампы, абажур сменный, абажур на торшер, абажур тканевый, абажур коричневый, купить абажур";"Абажур, коричневый — УСВЕТА";"Абажур (коричневый) от производителя. Подходит для торшера и настольной лампы. Гарантия завода, доставка по России."
619707546693;УСВЕТА;"12х40х20 Е27 Белый";;Абажуры;"Абажур белый — сменный для торшера и настольной лампы | УСВЕТА";"Абажур, белый. Подходит для торшера и настольной лампы. Производство УСВЕТА.";"<strong>Абажур, белый</strong> — лёгкий способ обновить торшер или настольную лампу.<br /><br /><strong>Характеристики:</strong><br />- Цвет: белый<br />- Материал: металл, пластик<br /><br /><strong>Преимущества:</strong><br />- Собственное производство полного цикла на Урале.<br />- Гарантия 3 года, срок службы до 5 лет.<br />- Бренд УСВЕТА — проверенное качество в массовом сегменте.<br /><br /><br />Сертификаты соответствия и декларации о соответствии на продукцию: <a href=""https://usveta.ru/cerificate"" target=""_blank"" rel=""noopener"">https://usveta.ru/cerificate</a>";https://static.tildacdn.com/stor6636-3834-4164-b038-313364616630/1d71fb3933081f82876edd0e6edd6c80.jpg;893.00;0;1499;;;TDh7tsotr0FBod8h2dUk;;;;"металл, пластик";Белый;"15Вт (напряжение 220В)";;;"3 года (срок эксплуатации 5 лет)";Россия;;;;;;220;165;165;280;"Абажур, белый, арт. 12х40х20 | УСВЕТА";"Абажур, белый. Подходит для торшера и настольной лампы. Производство и гарантия УСВЕТА.";"абажур, абажур для торшера, абажур для настольной лампы, абажур сменный, абажур на торшер, абажур тканевый, абажур белый, купить абажур";"Абажур, белый — УСВЕТА";"Абажур (белый) от производителя. Подходит для торшера и настольной лампы. Гарантия завода, доставка по России."
518880893733;УСВЕТА;"12х40х20 Е27 Натураль";;Абажуры;"Абажур натуральныйный — сменный для торшера и настольной лампы | УСВЕТА";"Абажур, натуральное дерево. Подходит для торшера и настольной лампы. Производство УСВЕТА.";"<strong>Абажур, натуральное дерево</strong> — лёгкий способ обновить торшер или настольную лампу.<br /><br /><strong>Характеристики:</strong><br />- Цвет: натуральное дерево<br />- Материал: металл, пластик<br /><br /><strong>Преимущества:</strong><br />- Собственное производство полного цикла на Урале.<br />- Гарантия 3 года, срок службы до 5 лет.<br />- Бренд УСВЕТА — проверенное качество в массовом сегменте.<br /><br /><br />Сертификаты соответствия и декларации о соответствии на продукцию: <a href=""https://usveta.ru/cerificate"" target=""_blank"" rel=""noopener"">https://usveta.ru/cerificate</a>";https://static.tildacdn.com/stor3434-3463-4933-b864-333133333265/e4fec69066cfd044e1def3e69b41bff0.jpg;893.00;0;1499;;;E7duNDh4Ki2K2Efn80oT;;;;"металл, пластик";Натураль;"15Вт (напряжение 220В)";;;"3 года (срок эксплуатации 5 лет)";Россия;;;;;;220;165;165;280;"Абажур, натуральное дерево, арт. 12х40х20 | УСВЕТА";"Абажур, натуральное дерево. Подходит для торшера и настольной лампы. Производство и гарантия УСВЕТА.";"абажур, абажур для торшера, абажур для настольной лампы, абажур сменный, абажур на торшер, абажур тканевый, абажур натуральное дерево, купить абажур";"Абажур, натуральное дерево — УСВЕТА";"Абажур (натуральное дерево) от производителя. Подходит для торшера и настольной лампы. Гарантия завода, доставка по России."
234001428563;УСВЕТА;"12х40х20 Е27 Шампань";;Абажуры;"Абажур шампань — сменный для торшера и настольной лампы | УСВЕТА";"Абажур, шампань. Подходит для торшера и настольной лампы. Производство УСВЕТА.";"<strong>Абажур, шампань</strong> — лёгкий способ обновить торшер или настольную лампу.<br /><br /><strong>Характеристики:</strong><br />- Цвет: шампань<br />- Материал: металл, пластик<br /><br /><strong>Преимущества:</strong><br />- Собственное производство полного цикла на Урале.<br />- Гарантия 3 года, срок службы до 5 лет.<br />- Бренд УСВЕТА — проверенное качество в массовом сегменте.<br /><br /><br />Сертификаты соответствия и декларации о соответствии на продукцию: <a href=""https://usveta.ru/cerificate"" target=""_blank"" rel=""noopener"">https://usveta.ru/cerificate</a>";https://static.tildacdn.com/stor6434-3731-4934-b838-376263366432/8f977d26c18576dc6ad5dbfd19077fff.jpg;902.00;4;1499;;;eedG80rc552Hx3lLGR8K;;;;"металл, пластик";Шампань;"15Вт (напряжение 220В)";;;"3 года (срок эксплуатации 5 лет)";Россия;;;;;;220;165;165;280;"Абажур, шампань, арт. 12х40х20 | УСВЕТА";"Абажур, шампань. Подходит для торшера и настольной лампы. Производство и гарантия УСВЕТА.";"абажур, абажур для торшера, абажур для настольной лампы, абажур сменный, абажур на торшер, абажур тканевый, абажур шампань, купить абажур";"Абажур, шампань — УСВЕТА";"Абажур (шампань) от производителя. Подходит для торшера и настольной лампы. Гарантия завода, доставка по России."
274223793383;УСВЕТА;"14х22х17 E27 Коричневый";;Абажуры;"Абажур коричневый — сменный для торшера и настольной лампы | УСВЕТА";"Абажур, коричневый. Подходит для торшера и настольной лампы. Производство УСВЕТА.";"<strong>Абажур, коричневый</strong> — лёгкий способ обновить торшер или настольную лампу.<br /><br /><strong>Характеристики:</strong><br />- Цвет: коричневый<br />- Материал: металл, пластик<br /><br /><strong>Преимущества:</strong><br />- Собственное производство полного цикла на Урале.<br />- Гарантия 3 года, срок службы до 5 лет.<br />- Бренд УСВЕТА — проверенное качество в массовом сегменте.<br /><br /><br />Сертификаты соответствия и декларации о соответствии на продукцию: <a href=""https://usveta.ru/cerificate"" target=""_blank"" rel=""noopener"">https://usveta.ru/cerificate</a>";https://static.tildacdn.com/stor3132-3731-4631-b336-366638613535/070a30371b112640753b2e0d91b820ba.jpg;380.00;37;999;;;yI8TkXIby4KcFXT8loEH;;;;"металл, пластик";Коричневый;"15Вт (напряжение 220В)";;;"3 года (срок эксплуатации 5 лет)";Россия;;;;;;130;232;232;190;"Абажур, коричневый, арт. 14х22х17 | УСВЕТА";"Абажур, коричневый. Подходит для торшера и настольной лампы. Производство и гарантия УСВЕТА.";"абажур, абажур для торшера, абажур для настольной лампы, абажур сменный, абажур на торшер, абажур тканевый, абажур коричневый, купить абажур";"Абажур, коричневый — УСВЕТА";"Абажур (коричневый) от производителя. Подходит для торшера и настольной лампы. Гарантия завода, доставка по России."
907174106263;УСВЕТА;"14х22х17 E27 Красный";;Абажуры;"Абажур красный — сменный для торшера и настольной лампы | УСВЕТА";"Абажур, красный. Подходит для торшера и настольной лампы. Производство УСВЕТА.";"<strong>Абажур, красный</strong> — лёгкий способ обновить торшер или настольную лампу.<br /><br /><strong>Характеристики:</strong><br />- Цвет: красный<br />- Материал: металл, пластик<br /><br /><strong>Преимущества:</strong><br />- Собственное производство полного цикла на Урале.<br />- Гарантия 3 года, срок службы до 5 лет.<br />- Бренд УСВЕТА — проверенное качество в массовом сегменте.<br /><br /><br />Сертификаты соответствия и декларации о соответствии на продукцию: <a href=""https://usveta.ru/cerificate"" target=""_blank"" rel=""noopener"">https://usveta.ru/cerificate</a>";https://static.tildacdn.com/stor6232-6637-4835-a138-633539666166/408651f65c86463510795c015d95ca31.jpg;404.00;12;999;;;xtypcyV9c1ucJ0ztRcKz;;;;"металл, пластик";Красный;"15Вт (напряжение 220В)";;;"3 года (срок эксплуатации 5 лет)";Россия;;;;;;130;232;232;190;"Абажур, красный, арт. 14х22х17 | УСВЕТА";"Абажур, красный. Подходит для торшера и настольной лампы. Производство и гарантия УСВЕТА.";"абажур, абажур для торшера, абажур для настольной лампы, абажур сменный, абажур на торшер, абажур тканевый, абажур красный, купить абажур";"Абажур, красный — УСВЕТА";"Абажур (красный) от производителя. Подходит для торшера и настольной лампы. Гарантия завода, доставка по России."
792858217283;УСВЕТА;"14х22х17 E27 Натураль";;Абажуры;"Абажур натуральныйный — сменный для торшера и настольной лампы | УСВЕТА";"Абажур, натуральное дерево. Подходит для торшера и настольной лампы. Производство УСВЕТА.";"<strong>Абажур, натуральное дерево</strong> — лёгкий способ обновить торшер или настольную лампу.<br /><br /><strong>Характеристики:</strong><br />- Цвет: натуральное дерево<br />- Материал: металл, пластик<br /><br /><strong>Преимущества:</strong><br />- Собственное производство полного цикла на Урале.<br />- Гарантия 3 года, срок службы до 5 лет.<br />- Бренд УСВЕТА — проверенное качество в массовом сегменте.<br /><br /><br />Сертификаты соответствия и декларации о соответствии на продукцию: <a href=""https://usveta.ru/cerificate"" target=""_blank"" rel=""noopener"">https://usveta.ru/cerificate</a>";https://static.tildacdn.com/stor3239-3561-4966-a336-326362303835/a2e4abb757d5acbd455b544f1823a702.jpg;380.00;0;999;;;l7bBE5ycpvHc9aE7fXdF;;;;"металл, пластик";Натураль;"15Вт (напряжение 220В)";;;"3 года (срок эксплуатации 5 лет)";Россия;;;;;;130;232;232;190;"Абажур, натуральное дерево, арт. 14х22х17 | УСВЕТА";"Абажур, натуральное дерево. Подходит для торшера и настольной лампы. Производство и гарантия УСВЕТА.";"абажур, абажур для торшера, абажур для настольной лампы, абажур сменный, абажур на торшер, абажур тканевый, абажур натуральное дерево, купить абажур";"Абажур, натуральное дерево — УСВЕТА";"Абажур (натуральное дерево) от производителя. Подходит для торшера и настольной лампы. Гарантия завода, доставка по России."
637917533373;УСВЕТА;"14х22х17 E27 Фиолетовый";;Абажуры;"Абажур фиолетовый — сменный для торшера и настольной лампы | УСВЕТА";"Абажур, фиолетовый. Подходит для торшера и настольной лампы. Производство УСВЕТА.";"<strong>Абажур, фиолетовый</strong> — лёгкий способ обновить торшер или настольную лампу.<br /><br /><strong>Характеристики:</strong><br />- Цвет: фиолетовый<br />- Материал: металл, пластик<br /><br /><strong>Преимущества:</strong><br />- Собственное производство полного цикла на Урале.<br />- Гарантия 3 года, срок службы до 5 лет.<br />- Бренд УСВЕТА — проверенное качество в массовом сегменте.<br /><br /><br />Сертификаты соответствия и декларации о соответствии на продукцию: <a href=""https://usveta.ru/cerificate"" target=""_blank"" rel=""noopener"">https://usveta.ru/cerificate</a>";https://static.tildacdn.com/stor3235-3661-4663-b734-656439316530/2fcf0f9edd72b46fa9dc34aa15980898.jpg;380.00;0;999;;;czs4kGgIljLm54bdVHHI;;;;"металл, пластик";Фиолетовый;"15Вт (напряжение 220В)";;;"3 года (срок эксплуатации 5 лет)";Россия;;;;;;130;232;232;190;"Абажур, фиолетовый, арт. 14х22х17 | УСВЕТА";"Абажур, фиолетовый. Подходит для торшера и настольной лампы. Производство и гарантия УСВЕТА.";"абажур, абажур для торшера, абажур для настольной лампы, абажур сменный, абажур на торшер, абажур тканевый, абажур фиолетовый, купить абажур";"Абажур, фиолетовый — УСВЕТА";"Абажур (фиолетовый) от производителя. Подходит для торшера и настольной лампы. Гарантия завода, доставка по России."
806808252823;УСВЕТА;"15х20х14 E14 Белый";;Абажуры;"Абажур белый — сменный для торшера и настольной лампы | УСВЕТА";"Абажур, белый. Подходит для торшера и настольной лампы. Производство УСВЕТА.";"<strong>Абажур, белый</strong> — лёгкий способ обновить торшер или настольную лампу.<br /><br /><strong>Характеристики:</strong><br />- Цвет: белый<br />- Материал: металл, пластик<br /><br /><strong>Преимущества:</strong><br />- Собственное производство полного цикла на Урале.<br />- Гарантия 3 года, срок службы до 5 лет.<br />- Бренд УСВЕТА — проверенное качество в массовом сегменте.<br /><br /><br />Сертификаты соответствия и декларации о соответствии на продукцию: <a href=""https://usveta.ru/cerificate"" target=""_blank"" rel=""noopener"">https://usveta.ru/cerificate</a>";https://static.tildacdn.com/stor6431-3165-4638-b761-343939313462/baeecc743be0fc63c48d325a01c701b3.jpg;365.00;31;999;;;kEBYtAIvE6X9Hyg5eAfl;;;;"металл, пластик";Белый;"15Вт (напряжение 220В)";;;"3 года (срок эксплуатации 5 лет)";Россия;;;;;;100;220;170;135;"Абажур, белый, арт. 15х20х14 | УСВЕТА";"Абажур, белый. Подходит для торшера и настольной лампы. Производство и гарантия УСВЕТА.";"абажур, абажур для торшера, абажур для настольной лампы, абажур сменный, абажур на торшер, абажур тканевый, абажур белый, купить абажур";"Абажур, белый — УСВЕТА";"Абажур (белый) от производителя. Подходит для торшера и настольной лампы. Гарантия завода, доставка по России."
251458664873;УСВЕТА;"17х50х24 Е27 Белый";;Абажуры;"Абажур белый — сменный для торшера и настольной лампы | УСВЕТА";"Абажур, белый. Подходит для торшера и настольной лампы. Производство УСВЕТА.";"<strong>Абажур, белый</strong> — лёгкий способ обновить торшер или настольную лампу.<br /><br /><strong>Характеристики:</strong><br />- Цвет: белый<br />- Материал: металл, пластик<br /><br /><strong>Преимущества:</strong><br />- Собственное производство полного цикла на Урале.<br />- Гарантия 3 года, срок службы до 5 лет.<br />- Бренд УСВЕТА — проверенное качество в массовом сегменте.<br /><br /><br />Сертификаты соответствия и декларации о соответствии на продукцию: <a href=""https://usveta.ru/cerificate"" target=""_blank"" rel=""noopener"">https://usveta.ru/cerificate</a>";https://static.tildacdn.com/stor3431-6637-4765-b465-336630383465/6ade423d7195d604782d15788ca12a06.jpg;943.00;0;1499;;;Bt8J5tfpyrVgBhBFpisD;;;;"металл, пластик";Белый;"15Вт (напряжение 220В)";;;"3 года (срок эксплуатации 5 лет)";Россия;;;;;;290;310;210;220;"Абажур, белый, арт. 17х50х24 | УСВЕТА";"Абажур, белый. Подходит для торшера и настольной лампы. Производство и гарантия УСВЕТА.";"абажур, абажур для торшера, абажур для настольной лампы, абажур сменный, абажур на торшер, абажур тканевый, абажур белый, купить абажур";"Абажур, белый — УСВЕТА";"Абажур (белый) от производителя. Подходит для торшера и настольной лампы. Гарантия завода, доставка по России."
234727367393;УСВЕТА;"17х50х24 Е27 Коричневый";;Абажуры;"Абажур коричневый — сменный для торшера и настольной лампы | УСВЕТА";"Абажур, коричневый. Подходит для торшера и настольной лампы. Производство УСВЕТА.";"<strong>Абажур, коричневый</strong> — лёгкий способ обновить торшер или настольную лампу.<br /><br /><strong>Характеристики:</strong><br />- Цвет: коричневый<br />- Материал: металл, пластик<br /><br /><strong>Преимущества:</strong><br />- Собственное производство полного цикла на Урале.<br />- Гарантия 3 года, срок службы до 5 лет.<br />- Бренд УСВЕТА — проверенное качество в массовом сегменте.<br /><br /><br />Сертификаты соответствия и декларации о соответствии на продукцию: <a href=""https://usveta.ru/cerificate"" target=""_blank"" rel=""noopener"">https://usveta.ru/cerificate</a>";https://static.tildacdn.com/stor6331-3133-4037-a266-393064366531/f25ab7636378a08e22be098d665af245.jpg;943.00;22;1499;;;PHLr9ShEOYSjfvGrfMrP;;;;"металл, пластик";Коричневый;"15Вт (напряжение 220В)";;;"3 года (срок эксплуатации 5 лет)";Россия;;;;;;290;310;210;220;"Абажур, коричневый, арт. 17х50х24 | УСВЕТА";"Абажур, коричневый. Подходит для торшера и настольной лампы. Производство и гарантия УСВЕТА.";"абажур, абажур для торшера, абажур для настольной лампы, абажур сменный, абажур на торшер, абажур тканевый, абажур коричневый, купить абажур";"Абажур, коричневый — УСВЕТА";"Абажур (коричневый) от производителя. Подходит для торшера и настольной лампы. Гарантия завода, доставка по России."
704105486733;УСВЕТА;"17х50х24 Е27 Натураль";;Абажуры;"Абажур натуральныйный — сменный для торшера и настольной лампы | УСВЕТА";"Абажур, натуральное дерево. Подходит для торшера и настольной лампы. Производство УСВЕТА.";"<strong>Абажур, натуральное дерево</strong> — лёгкий способ обновить торшер или настольную лампу.<br /><br /><strong>Характеристики:</strong><br />- Цвет: натуральное дерево<br />- Материал: металл, пластик<br /><br /><strong>Преимущества:</strong><br />- Собственное производство полного цикла на Урале.<br />- Гарантия 3 года, срок службы до 5 лет.<br />- Бренд УСВЕТА — проверенное качество в массовом сегменте.<br /><br /><br />Сертификаты соответствия и декларации о соответствии на продукцию: <a href=""https://usveta.ru/cerificate"" target=""_blank"" rel=""noopener"">https://usveta.ru/cerificate</a>";https://static.tildacdn.com/stor6632-3532-4231-b635-663134616166/b72f38c45d14c3be1be9e79463ce9447.jpg;943.00;0;1499;;;0ZBE4Kbkgh6O2GIgJY4v;;;;"металл, пластик";Натураль;"15Вт (напряжение 220В)";;;"3 года (срок эксплуатации 5 лет)";Россия;;;;;;290;310;210;220;"Абажур, натуральное дерево, арт. 17х50х24 | УСВЕТА";"Абажур, натуральное дерево. Подходит для торшера и настольной лампы. Производство и гарантия УСВЕТА.";"абажур, абажур для торшера, абажур для настольной лампы, абажур сменный, абажур на торшер, абажур тканевый, абажур натуральное дерево, купить абажур";"Абажур, натуральное дерево — УСВЕТА";"Абажур (натуральное дерево) от производителя. Подходит для торшера и настольной лампы. Гарантия завода, доставка по России."
610153389113;УСВЕТА;"23х30х34 E27 Бирюзовый";;Абажуры;"Абажур бирюзовый — сменный для торшера и настольной лампы | УСВЕТА";"Абажур, бирюзовый. Подходит для торшера и настольной лампы. Производство УСВЕТА.";"<strong>Абажур, бирюзовый</strong> — лёгкий способ обновить торшер или настольную лампу.<br /><br /><strong>Характеристики:</strong><br />- Цвет: бирюзовый<br />- Материал: металл, пластик<br /><br /><strong>Преимущества:</strong><br />- Собственное производство полного цикла на Урале.<br />- Гарантия 3 года, срок службы до 5 лет.<br />- Бренд УСВЕТА — проверенное качество в массовом сегменте.<br /><br /><br />Сертификаты соответствия и декларации о соответствии на продукцию: <a href=""https://usveta.ru/cerificate"" target=""_blank"" rel=""noopener"">https://usveta.ru/cerificate</a>";https://static.tildacdn.com/stor3061-6165-4138-a230-306463356464/d50dd6cb128a692d1e7714d1c2de4f56.jpg;814.00;50;1499;;;yJRThDAkTpUKG8alvZHD;;;;"металл, пластик";Бирюзовый;"15Вт (напряжение 220В)";;;"3 года (срок эксплуатации 5 лет)";Россия;;;;;;590;300;300;355;"Абажур, бирюзовый, арт. 23х30х34 | УСВЕТА";"Абажур, бирюзовый. Подходит для торшера и настольной лампы. Производство и гарантия УСВЕТА.";"абажур, абажур для торшера, абажур для настольной лампы, абажур сменный, абажур на торшер, абажур тканевый, абажур бирюзовый, купить абажур";"Абажур, бирюзовый — УСВЕТА";"Абажур (бирюзовый) от производителя. Подходит для торшера и настольной лампы. Гарантия завода, доставка по России."
261577943323;УСВЕТА;"23х30х34 E27 Красный";;Абажуры;"Абажур красный — сменный для торшера и настольной лампы | УСВЕТА";"Абажур, красный. Подходит для торшера и настольной лампы. Производство УСВЕТА.";"<strong>Абажур, красный</strong> — лёгкий способ обновить торшер или настольную лампу.<br /><br /><strong>Характеристики:</strong><br />- Цвет: красный<br />- Материал: металл, пластик<br /><br /><strong>Преимущества:</strong><br />- Собственное производство полного цикла на Урале.<br />- Гарантия 3 года, срок службы до 5 лет.<br />- Бренд УСВЕТА — проверенное качество в массовом сегменте.<br /><br /><br />Сертификаты соответствия и декларации о соответствии на продукцию: <a href=""https://usveta.ru/cerificate"" target=""_blank"" rel=""noopener"">https://usveta.ru/cerificate</a>";https://static.tildacdn.com/stor3336-6337-4264-b934-326331313961/8cb05ad6354481af02f18f6a6d1e6e58.jpg;814.00;12;1499;;;2GnHtNEL3ph1N51Ay4yL;;;;"металл, пластик";Красный;"15Вт (напряжение 220В)";;;"3 года (срок эксплуатации 5 лет)";Россия;;;;;;590;300;300;355;"Абажур, красный, арт. 23х30х34 | УСВЕТА";"Абажур, красный. Подходит для торшера и настольной лампы. Производство и гарантия УСВЕТА.";"абажур, абажур для торшера, абажур для настольной лампы, абажур сменный, абажур на торшер, абажур тканевый, абажур красный, купить абажур";"Абажур, красный — УСВЕТА";"Абажур (красный) от производителя. Подходит для торшера и настольной лампы. Гарантия завода, доставка по России."
966817397753;УСВЕТА;"23х30х34 E27 Шоколад";;Абажуры;"Абажур шоколад — сменный для торшера и настольной лампы | УСВЕТА";"Абажур, коричневый. Подходит для торшера и настольной лампы. Производство УСВЕТА.";"<strong>Абажур, коричневый</strong> — лёгкий способ обновить торшер или настольную лампу.<br /><br /><strong>Характеристики:</strong><br />- Цвет: коричневый<br />- Материал: металл, пластик<br /><br /><strong>Преимущества:</strong><br />- Собственное производство полного цикла на Урале.<br />- Гарантия 3 года, срок службы до 5 лет.<br />- Бренд УСВЕТА — проверенное качество в массовом сегменте.<br /><br /><br />Сертификаты соответствия и декларации о соответствии на продукцию: <a href=""https://usveta.ru/cerificate"" target=""_blank"" rel=""noopener"">https://usveta.ru/cerificate</a>";https://static.tildacdn.com/stor6234-3736-4735-b935-316435323239/dc81b779b8f22afb823f279dd8dc474b.jpg;814.00;39;1499;;;cVJkH0ylRRklDEjBmmvZ;;;;"металл, пластик";Коричневый;"15Вт (напряжение 220В)";;;"3 года (срок эксплуатации 5 лет)";Россия;;;;;;590;300;300;355;"Абажур, коричневый, арт. 23х30х34 | УСВЕТА";"Абажур, коричневый. Подходит для торшера и настольной лампы. Производство и гарантия УСВЕТА.";"абажур, абажур для торшера, абажур для настольной лампы, абажур сменный, абажур на торшер, абажур тканевый, абажур коричневый, купить абажур";"Абажур, коричневый — УСВЕТА";"Абажур (коричневый) от производителя. Подходит для торшера и настольной лампы. Гарантия завода, доставка по России."
558474758463;УСВЕТА;"23х30х34 Е27 Серый";;Абажуры;"Абажур серый — сменный для торшера и настольной лампы | УСВЕТА";"Абажур, графит. Подходит для торшера и настольной лампы. Производство УСВЕТА.";"<strong>Абажур, графит</strong> — лёгкий способ обновить торшер или настольную лампу.<br /><br /><strong>Характеристики:</strong><br />- Цвет: графит<br />- Материал: металл, пластик<br /><br /><strong>Преимущества:</strong><br />- Собственное производство полного цикла на Урале.<br />- Гарантия 3 года, срок службы до 5 лет.<br />- Бренд УСВЕТА — проверенное качество в массовом сегменте.<br /><br /><br />Сертификаты соответствия и декларации о соответствии на продукцию: <a href=""https://usveta.ru/cerificate"" target=""_blank"" rel=""noopener"">https://usveta.ru/cerificate</a>";https://static.tildacdn.com/stor6165-6439-4436-a261-303430633766/32b57cb96e7d83f0c509f1a3531c88e5.jpg;814.00;5;1499;;;HshCpDB02oR4U1gMKT5r;;;;"металл, пластик";Графит;"15Вт (напряжение 220В)";;;"3 года (срок эксплуатации 5 лет)";Россия;;;;;;590;300;300;355;"Абажур, графит, арт. 23х30х34 | УСВЕТА";"Абажур, графит. Подходит для торшера и настольной лампы. Производство и гарантия УСВЕТА.";"абажур, абажур для торшера, абажур для настольной лампы, абажур сменный, абажур на торшер, абажур тканевый, абажур графит, купить абажур";"Абажур, графит — УСВЕТА";"Абажур (графит) от производителя. Подходит для торшера и настольной лампы. Гарантия завода, доставка по России."
955363343723;УСВЕТА;"24х40х29 E27 Красный";;Абажуры;"Абажур красный — сменный для торшера и настольной лампы | УСВЕТА";"Абажур, красный. Подходит для торшера и настольной лампы. Производство УСВЕТА.";"<strong>Абажур, красный</strong> — лёгкий способ обновить торшер или настольную лампу.<br /><br /><strong>Характеристики:</strong><br />- Цвет: красный<br />- Материал: металл, пластик<br /><br /><strong>Преимущества:</strong><br />- Собственное производство полного цикла на Урале.<br />- Гарантия 3 года, срок службы до 5 лет.<br />- Бренд УСВЕТА — проверенное качество в массовом сегменте.<br /><br /><br />Сертификаты соответствия и декларации о соответствии на продукцию: <a href=""https://usveta.ru/cerificate"" target=""_blank"" rel=""noopener"">https://usveta.ru/cerificate</a>";https://static.tildacdn.com/stor6161-6138-4834-a236-373035663438/3fbdf5ea6d39c5a45d7f80649fb52fb5.jpg;1070.00;37;1999;;;HgzcifhvusfNiF0LSRi5;;;;"металл, пластик";Красный;"15Вт (напряжение 220В)";;;"3 года (срок эксплуатации 5 лет)";Россия;;;;;;330;420;420;320;"Абажур, красный, арт. 24х40х29 | УСВЕТА";"Абажур, красный. Подходит для торшера и настольной лампы. Производство и гарантия УСВЕТА.";"абажур, абажур для торшера, абажур для настольной лампы, абажур сменный, абажур на торшер, абажур тканевый, абажур красный, купить абажур";"Абажур, красный — УСВЕТА";"Абажур (красный) от производителя. Подходит для торшера и настольной лампы. Гарантия завода, доставка по России."
937951164273;УСВЕТА;"24х40х29 Е27 Натураль";;Абажуры;"Абажур натуральныйный — сменный для торшера и настольной лампы | УСВЕТА";"Абажур, натуральное дерево. Подходит для торшера и настольной лампы. Производство УСВЕТА.";"<strong>Абажур, натуральное дерево</strong> — лёгкий способ обновить торшер или настольную лампу.<br /><br /><strong>Характеристики:</strong><br />- Цвет: натуральное дерево<br />- Материал: металл, пластик<br /><br /><strong>Преимущества:</strong><br />- Собственное производство полного цикла на Урале.<br />- Гарантия 3 года, срок службы до 5 лет.<br />- Бренд УСВЕТА — проверенное качество в массовом сегменте.<br /><br /><br />Сертификаты соответствия и декларации о соответствии на продукцию: <a href=""https://usveta.ru/cerificate"" target=""_blank"" rel=""noopener"">https://usveta.ru/cerificate</a>";https://static.tildacdn.com/stor3830-3839-4866-b537-303964376331/d8983c511acc0cd249508f37c256faf2.jpg;1065.00;20;1999;;;jFhB2PE3kguX0gJuSoHg;;;;"металл, пластик";Натураль;"15Вт (напряжение 220В)";;;"3 года (срок эксплуатации 5 лет)";Россия;;;;;;330;420;420;320;"Абажур, натуральное дерево, арт. 24х40х29 | УСВЕТА";"Абажур, натуральное дерево. Подходит для торшера и настольной лампы. Производство и гарантия УСВЕТА.";"абажур, абажур для торшера, абажур для настольной лампы, абажур сменный, абажур на торшер, абажур тканевый, абажур натуральное дерево, купить абажур";"Абажур, натуральное дерево — УСВЕТА";"Абажур (натуральное дерево) от производителя. Подходит для торшера и настольной лампы. Гарантия завода, доставка по России."
899337141373;УСВЕТА;"24х40х29 Е27 Серый";;Абажуры;"Абажур серый — сменный для торшера и настольной лампы | УСВЕТА";"Абажур, графит. Подходит для торшера и настольной лампы. Производство УСВЕТА.";"<strong>Абажур, графит</strong> — лёгкий способ обновить торшер или настольную лампу.<br /><br /><strong>Характеристики:</strong><br />- Цвет: графит<br />- Материал: металл, пластик<br /><br /><strong>Преимущества:</strong><br />- Собственное производство полного цикла на Урале.<br />- Гарантия 3 года, срок службы до 5 лет.<br />- Бренд УСВЕТА — проверенное качество в массовом сегменте.<br /><br /><br />Сертификаты соответствия и декларации о соответствии на продукцию: <a href=""https://usveta.ru/cerificate"" target=""_blank"" rel=""noopener"">https://usveta.ru/cerificate</a>";https://static.tildacdn.com/stor3539-6334-4439-b933-646530623536/33841cfc87fe31a9342249a6737634e4.jpg;1147.00;50;1999;;;Iv2EiYfNMzl6xm1CckUe;;;;"металл, пластик";Графит;"15Вт (напряжение 220В)";;;"3 года (срок эксплуатации 5 лет)";Россия;;;;;;330;420;420;320;"Абажур, графит, арт. 24х40х29 | УСВЕТА";"Абажур, графит. Подходит для торшера и настольной лампы. Производство и гарантия УСВЕТА.";"абажур, абажур для торшера, абажур для настольной лампы, абажур сменный, абажур на торшер, абажур тканевый, абажур графит, купить абажур";"Абажур, графит — УСВЕТА";"Абажур (графит) от производителя. Подходит для торшера и настольной лампы. Гарантия завода, доставка по России."
859771712713;УСВЕТА;"24х40х29 Е27 Шампань";;Абажуры;"Абажур шампань — сменный для торшера и настольной лампы | УСВЕТА";"Абажур, шампань. Подходит для торшера и настольной лампы. Производство УСВЕТА.";"<strong>Абажур, шампань</strong> — лёгкий способ обновить торшер или настольную лампу.<br /><br /><strong>Характеристики:</strong><br />- Цвет: шампань<br />- Материал: металл, пластик<br /><br /><strong>Преимущества:</strong><br />- Собственное производство полного цикла на Урале.<br />- Гарантия 3 года, срок службы до 5 лет.<br />- Бренд УСВЕТА — проверенное качество в массовом сегменте.<br /><br /><br />Сертификаты соответствия и декларации о соответствии на продукцию: <a href=""https://usveta.ru/cerificate"" target=""_blank"" rel=""noopener"">https://usveta.ru/cerificate</a>";https://static.tildacdn.com/stor3162-6165-4530-b333-643564343563/fbb4bb08634a14385e9cf3944ab16726.jpg;1065.00;50;1999;;;APK5zHRCS3Ezd6FUIdUJ;;;;"металл, пластик";Шампань;"15Вт (напряжение 220В)";;;"3 года (срок эксплуатации 5 лет)";Россия;;;;;;330;420;420;320;"Абажур, шампань, арт. 24х40х29 | УСВЕТА";"Абажур, шампань. Подходит для торшера и настольной лампы. Производство и гарантия УСВЕТА.";"абажур, абажур для торшера, абажур для настольной лампы, абажур сменный, абажур на торшер, абажур тканевый, абажур шампань, купить абажур";"Абажур, шампань — УСВЕТА";"Абажур (шампань) от производителя. Подходит для торшера и настольной лампы. Гарантия завода, доставка по России."
190544392183;УСВЕТА;"29х35х24 E27 Коричневый";;Абажуры;"Абажур коричневый — сменный для торшера и настольной лампы | УСВЕТА";"Абажур, коричневый. Подходит для торшера и настольной лампы. Производство УСВЕТА.";"<strong>Абажур, коричневый</strong> — лёгкий способ обновить торшер или настольную лампу.<br /><br /><strong>Характеристики:</strong><br />- Цвет: коричневый<br />- Материал: металл, пластик<br /><br /><strong>Преимущества:</strong><br />- Собственное производство полного цикла на Урале.<br />- Гарантия 3 года, срок службы до 5 лет.<br />- Бренд УСВЕТА — проверенное качество в массовом сегменте.<br /><br /><br />Сертификаты соответствия и декларации о соответствии на продукцию: <a href=""https://usveta.ru/cerificate"" target=""_blank"" rel=""noopener"">https://usveta.ru/cerificate</a>";https://static.tildacdn.com/stor6231-6466-4635-b930-336166643361/17a20335fe1febd091a148cfdfabd3f2.jpg;940.00;27;1499;;;uD1SLMnt22kdcJBoGLU8;;;;"металл, пластик";Коричневый;"15Вт (напряжение 220В)";;;"3 года (срок эксплуатации 5 лет)";Россия;;;;;;290;365;365;260;"Абажур, коричневый, арт. 29х35х24 | УСВЕТА";"Абажур, коричневый. Подходит для торшера и настольной лампы. Производство и гарантия УСВЕТА.";"абажур, абажур для торшера, абажур для настольной лампы, абажур сменный, абажур на торшер, абажур тканевый, абажур коричневый, купить абажур";"Абажур, коричневый — УСВЕТА";"Абажур (коричневый) от производителя. Подходит для торшера и настольной лампы. Гарантия завода, доставка по России."
865332992903;УСВЕТА;"29х35х24 E27 Серый";;Абажуры;"Абажур серый — сменный для торшера и настольной лампы | УСВЕТА";"Абажур, графит. Подходит для торшера и настольной лампы. Производство УСВЕТА.";"<strong>Абажур, графит</strong> — лёгкий способ обновить торшер или настольную лампу.<br /><br /><strong>Характеристики:</strong><br />- Цвет: графит<br />- Материал: металл, пластик<br /><br /><strong>Преимущества:</strong><br />- Собственное производство полного цикла на Урале.<br />- Гарантия 3 года, срок службы до 5 лет.<br />- Бренд УСВЕТА — проверенное качество в массовом сегменте.<br /><br /><br />Сертификаты соответствия и декларации о соответствии на продукцию: <a href=""https://usveta.ru/cerificate"" target=""_blank"" rel=""noopener"">https://usveta.ru/cerificate</a>";https://static.tildacdn.com/stor6537-3933-4565-b664-386238613735/2a3de8eec61f16122e6d29b97c9c8abb.jpg;940.00;8;1499;;;d8MpSUHKTgAUPGoIYHDr;;;;"металл, пластик";Графит;"15Вт (напряжение 220В)";;;"3 года (срок эксплуатации 5 лет)";Россия;;;;;;290;365;365;260;"Абажур, графит, арт. 29х35х24 | УСВЕТА";"Абажур, графит. Подходит для торшера и настольной лампы. Производство и гарантия УСВЕТА.";"абажур, абажур для торшера, абажур для настольной лампы, абажур сменный, абажур на торшер, абажур тканевый, абажур графит, купить абажур";"Абажур, графит — УСВЕТА";"Абажур (графит) от производителя. Подходит для торшера и настольной лампы. Гарантия завода, доставка по России."
893023560433;УСВЕТА;"29х35х24 E27 Шампань";;Абажуры;"Абажур шампань — сменный для торшера и настольной лампы | УСВЕТА";"Абажур, шампань. Подходит для торшера и настольной лампы. Производство УСВЕТА.";"<strong>Абажур, шампань</strong> — лёгкий способ обновить торшер или настольную лампу.<br /><br /><strong>Характеристики:</strong><br />- Цвет: шампань<br />- Материал: металл, пластик<br /><br /><strong>Преимущества:</strong><br />- Собственное производство полного цикла на Урале.<br />- Гарантия 3 года, срок службы до 5 лет.<br />- Бренд УСВЕТА — проверенное качество в массовом сегменте.<br /><br /><br />Сертификаты соответствия и декларации о соответствии на продукцию: <a href=""https://usveta.ru/cerificate"" target=""_blank"" rel=""noopener"">https://usveta.ru/cerificate</a>";https://static.tildacdn.com/stor6430-3231-4234-a234-663361346538/a30594e2b8c430e4065b9654e66acdcd.jpg;940.00;8;1499;;;mOZZX1TmLRve3ky95XTa;;;;"металл, пластик";Шампань;"15Вт (напряжение 220В)";;;"3 года (срок эксплуатации 5 лет)";Россия;;;;;;290;365;365;260;"Абажур, шампань, арт. 29х35х24 | УСВЕТА";"Абажур, шампань. Подходит для торшера и настольной лампы. Производство и гарантия УСВЕТА.";"абажур, абажур для торшера, абажур для настольной лампы, абажур сменный, абажур на торшер, абажур тканевый, абажур шампань, купить абажур";"Абажур, шампань — УСВЕТА";"Абажур (шампань) от производителя. Подходит для торшера и настольной лампы. Гарантия завода, доставка по России."
643761686413;УСВЕТА;"29х35х24 Е27 Натураль";;Абажуры;"Абажур натуральныйный — сменный для торшера и настольной лампы | УСВЕТА";"Абажур, натуральное дерево. Подходит для торшера и настольной лампы. Производство УСВЕТА.";"<strong>Абажур, натуральное дерево</strong> — лёгкий способ обновить торшер или настольную лампу.<br /><br /><strong>Характеристики:</strong><br />- Цвет: натуральное дерево<br />- Материал: металл, пластик<br /><br /><strong>Преимущества:</strong><br />- Собственное производство полного цикла на Урале.<br />- Гарантия 3 года, срок службы до 5 лет.<br />- Бренд УСВЕТА — проверенное качество в массовом сегменте.<br /><br /><br />Сертификаты соответствия и декларации о соответствии на продукцию: <a href=""https://usveta.ru/cerificate"" target=""_blank"" rel=""noopener"">https://usveta.ru/cerificate</a>";https://static.tildacdn.com/stor3233-3639-4631-b636-323862353934/21a7dba13800514da0bf2926c741ac65.jpg;1031.00;1;1999;;;hi4Uv4lkkNhSFrC2dBxh;;;;"металл, пластик";Натураль;"15Вт (напряжение 220В)";;;"3 года (срок эксплуатации 5 лет)";Россия;;;;;;290;365;365;260;"Абажур, натуральное дерево, арт. 29х35х24 | УСВЕТА";"Абажур, натуральное дерево. Подходит для торшера и настольной лампы. Производство и гарантия УСВЕТА.";"абажур, абажур для торшера, абажур для настольной лампы, абажур сменный, абажур на торшер, абажур тканевый, абажур натуральное дерево, купить абажур";"Абажур, натуральное дерево — УСВЕТА";"Абажур (натуральное дерево) от производителя. Подходит для торшера и настольной лампы. Гарантия завода, доставка по России."
386872353133;УСВЕТА;"29х35х24 Е27 Натураль";;Абажуры;"Абажур натуральныйный — сменный для торшера и настольной лампы | УСВЕТА";"Абажур, натуральное дерево. Подходит для торшера и настольной лампы. Производство УСВЕТА.";"<strong>Абажур, натуральное дерево</strong> — лёгкий способ обновить торшер или настольную лампу.<br /><br /><strong>Характеристики:</strong><br />- Цвет: натуральное дерево<br />- Материал: металл, пластик<br /><br /><strong>Преимущества:</strong><br />- Собственное производство полного цикла на Урале.<br />- Гарантия 3 года, срок службы до 5 лет.<br />- Бренд УСВЕТА — проверенное качество в массовом сегменте.<br /><br /><br />Сертификаты соответствия и декларации о соответствии на продукцию: <a href=""https://usveta.ru/cerificate"" target=""_blank"" rel=""noopener"">https://usveta.ru/cerificate</a>";https://static.tildacdn.com/stor3233-3639-4631-b636-323862353934/21a7dba13800514da0bf2926c741ac65.jpg;1031.00;1;1999;;;8bix3ToSvsmmfvJjosou;;;;"металл, пластик";Натураль;"15Вт (напряжение 220В)";;;"3 года (срок эксплуатации 5 лет)";Россия;;;;;;290;365;365;260;"Абажур, натуральное дерево, арт. 29х35х24 | УСВЕТА";"Абажур, натуральное дерево. Подходит для торшера и настольной лампы. Производство и гарантия УСВЕТА.";"абажур, абажур для торшера, абажур для настольной лампы, абажур сменный, абажур на торшер, абажур тканевый, абажур натуральное дерево, купить абажур";"Абажур, натуральное дерево — УСВЕТА";"Абажур (натуральное дерево) от производителя. Подходит для торшера и настольной лампы. Гарантия завода, доставка по России."
280256660013;УСВЕТА;"1009ПЛ-3 Белый";;Плафоны;"Комплект плафонов из 3 шт. белый — сменные для люстры | УСВЕТА";"Плафон, белый. Подходит для люстры, подвесного светильника и бра. Производство УСВЕТА.";"<strong>Плафон, белый</strong> — сменный плафон для люстры, подвесного светильника и бра.<br /><br /><strong>Характеристики:</strong><br />- Цвет: белый<br />- Материал: Пластик<br /><br /><strong>Преимущества:</strong><br />- Собственное производство полного цикла на Урале.<br />- Гарантия 3 года, срок службы до 5 лет.<br />- Бренд УСВЕТА — проверенное качество в массовом сегменте.<br /><br /><br />Сертификаты соответствия и декларации о соответствии на продукцию: <a href=""https://usveta.ru/cerificate"" target=""_blank"" rel=""noopener"">https://usveta.ru/cerificate</a>";"https://raw.githubusercontent.com/Mitsuya196/usveta-photos/main/photos/1009-3-belyy_01.jpg https://raw.githubusercontent.com/Mitsuya196/usveta-photos/main/photos/1009-3-belyy_02.jpg https://raw.githubusercontent.com/Mitsuya196/usveta-photos/main/photos/1009-3-belyy_03.jpg https://raw.githubusercontent.com/Mitsuya196/usveta-photos/main/photos/1009-3-belyy_04.jpg";270.00;50;499;;;FReAdS6ShvSOCa0exzXF;;3;;Пластик;Белый;"15Вт (напряжение 220В)";;;"3 года (срок эксплуатации 5 лет)";Россия;;;;;;175;215;115;115;"Плафон, белый, арт. 1009ПЛ-3 | УСВЕТА";"Плафон, белый. Подходит для люстры, подвесного светильника и бра. Производство и гарантия УСВЕТА.";"плафон для люстры, плафон потолочный, плафон, плафон сменный, плафон стеклянный, абажур для люстры, плафон белый, купить плафон";"Плафон, белый — УСВЕТА";"Плафон (белый) от производителя. Подходит для люстры, подвесного светильника и бра. Гарантия завода, доставка по России."
910936933453;УСВЕТА;"1009ПЛ-5 Белый";;Плафоны;"Комплект плафонов из 5 шт. белый — сменные для люстры | УСВЕТА";"Плафон, белый. Подходит для люстры, подвесного светильника и бра. Производство УСВЕТА.";"<strong>Плафон, белый</strong> — сменный плафон для люстры, подвесного светильника и бра.<br /><br /><strong>Характеристики:</strong><br />- Цвет: белый<br />- Материал: Пластик<br /><br /><strong>Преимущества:</strong><br />- Собственное производство полного цикла на Урале.<br />- Гарантия 3 года, срок службы до 5 лет.<br />- Бренд УСВЕТА — проверенное качество в массовом сегменте.<br /><br /><br />Сертификаты соответствия и декларации о соответствии на продукцию: <a href=""https://usveta.ru/cerificate"" target=""_blank"" rel=""noopener"">https://usveta.ru/cerificate</a>";"https://raw.githubusercontent.com/Mitsuya196/usveta-photos/main/photos/1009-5-belyy_01.jpg https://raw.githubusercontent.com/Mitsuya196/usveta-photos/main/photos/1009-5-belyy_02.jpg https://raw.githubusercontent.com/Mitsuya196/usveta-photos/main/photos/1009-5-belyy_03.jpg https://raw.githubusercontent.com/Mitsuya196/usveta-photos/main/photos/1009-5-belyy_04.jpg";485.00;50;999;;;daY4g1IvZmF4TmbaVM42;;5;;Пластик;Белый;"15Вт (напряжение 220В)";;;"3 года (срок эксплуатации 5 лет)";Россия;;;;;;290;275;115;115;"Плафон, белый, арт. 1009ПЛ-5 | УСВЕТА";"Плафон, белый. Подходит для люстры, подвесного светильника и бра. Производство и гарантия УСВЕТА.";"плафон для люстры, плафон потолочный, плафон, плафон сменный, плафон стеклянный, абажур для люстры, плафон белый, купить плафон";"Плафон, белый — УСВЕТА";"Плафон (белый) от производителя. Подходит для люстры, подвесного светильника и бра. Гарантия завода, доставка по России."
761415665673;УСВЕТА;"1010ПЛ-3 Белый";;Плафоны;"Комплект плафонов, 3хЕ27, белый";"Плафон, белый. Подходит для люстры, подвесного светильника и бра. Производство УСВЕТА.";"<strong>Плафон, белый</strong> — сменный плафон для люстры, подвесного светильника и бра.<br /><br /><strong>Характеристики:</strong><br />- Цвет: белый<br />- Материал: Пластик<br /><br /><strong>Преимущества:</strong><br />- Собственное производство полного цикла на Урале.<br />- Гарантия 3 года, срок службы до 5 лет.<br />- Бренд УСВЕТА — проверенное качество в массовом сегменте.<br /><br /><br />Сертификаты соответствия и декларации о соответствии на продукцию: <a href=""https://usveta.ru/cerificate"" target=""_blank"" rel=""noopener"">https://usveta.ru/cerificate</a>";"https://raw.githubusercontent.com/Mitsuya196/usveta-photos/main/photos/1010-3-belyy_01.jpg https://raw.githubusercontent.com/Mitsuya196/usveta-photos/main/photos/1010-3-belyy_02.jpg https://raw.githubusercontent.com/Mitsuya196/usveta-photos/main/photos/1010-3-belyy_03.jpg https://raw.githubusercontent.com/Mitsuya196/usveta-photos/main/photos/1010-3-belyy_04.jpg";269.00;50;499;;;Uvf8CTElUIIBdGGIUy5F;;3;;Пластик;Белый;"15Вт (напряжение 220В)";;;"3 года (срок эксплуатации 5 лет)";Россия;;;;;;230;165;125;120;"Плафон, белый, арт. 1010ПЛ-3 | УСВЕТА";"Плафон, белый. Подходит для люстры, подвесного светильника и бра. Производство и гарантия УСВЕТА.";"плафон для люстры, плафон потолочный, плафон, плафон сменный, плафон стеклянный, абажур для люстры, плафон белый, купить плафон";"Плафон, белый — УСВЕТА";"Плафон (белый) от производителя. Подходит для люстры, подвесного светильника и бра. Гарантия завода, доставка по России."
576115441673;УСВЕТА;"1010ПЛ-3 Коричневый";;Плафоны;"Комплект плафонов из 3 шт. пл коричневый — сменные для люстры | УСВЕТА";"Плафон, коричневый. Подходит для люстры, подвесного светильника и бра. Производство УСВЕТА.";"<strong>Плафон, коричневый</strong> — сменный плафон для люстры, подвесного светильника и бра.<br /><br /><strong>Характеристики:</strong><br />- Цвет: коричневый<br />- Материал: Пластик<br /><br /><strong>Преимущества:</strong><br />- Собственное производство полного цикла на Урале.<br />- Гарантия 3 года, срок службы до 5 лет.<br />- Бренд УСВЕТА — проверенное качество в массовом сегменте.<br /><br /><br />Сертификаты соответствия и декларации о соответствии на продукцию: <a href=""https://usveta.ru/cerificate"" target=""_blank"" rel=""noopener"">https://usveta.ru/cerificate</a>";"https://raw.githubusercontent.com/Mitsuya196/usveta-photos/main/photos/1010-3-korichnevyy_01.jpg https://raw.githubusercontent.com/Mitsuya196/usveta-photos/main/photos/1010-3-korichnevyy_02.jpg https://raw.githubusercontent.com/Mitsuya196/usveta-photos/main/photos/1010-3-korichnevyy_03.jpg";267.00;50;499;;;vih25OAhF732nYpyHhPH;;3;;Пластик;Коричневый;"15Вт (напряжение 220В)";;;"3 года (срок эксплуатации 5 лет)";Россия;;;;;;240;165;125;120;"Плафон, коричневый, арт. 1010ПЛ-3 | УСВЕТА";"Плафон, коричневый. Подходит для люстры, подвесного светильника и бра. Производство и гарантия УСВЕТА.";"плафон для люстры, плафон потолочный, плафон, плафон сменный, плафон стеклянный, абажур для люстры, плафон коричневый, купить плафон";"Плафон, коричневый — УСВЕТА";"Плафон (коричневый) от производителя. Подходит для люстры, подвесного светильника и бра. Гарантия завода, доставка по России."
488698452683;УСВЕТА;"1010ПЛ-3 Прозрачный";;Плафоны;"Комплект плафонов, 3хЕ27, прозрачный";"Плафон, прозрачный. Подходит для люстры, подвесного светильника и бра. Производство УСВЕТА.";"<strong>Плафон, прозрачный</strong> — сменный плафон для люстры, подвесного светильника и бра.<br /><br /><strong>Характеристики:</strong><br />- Цвет: прозрачный<br />- Материал: Пластик<br /><br /><strong>Преимущества:</strong><br />- Собственное производство полного цикла на Урале.<br />- Гарантия 3 года, срок службы до 5 лет.<br />- Бренд УСВЕТА — проверенное качество в массовом сегменте.<br /><br /><br />Сертификаты соответствия и декларации о соответствии на продукцию: <a href=""https://usveta.ru/cerificate"" target=""_blank"" rel=""noopener"">https://usveta.ru/cerificate</a>";"https://raw.githubusercontent.com/Mitsuya196/usveta-photos/main/photos/1010-3-prozrachnyy_01.jpg https://raw.githubusercontent.com/Mitsuya196/usveta-photos/main/photos/1010-3-prozrachnyy_02.jpg https://raw.githubusercontent.com/Mitsuya196/usveta-photos/main/photos/1010-3-prozrachnyy_03.jpg";260.00;50;499;;;j1Gg1ZSrZ5sKIoCOH1YA;;3;;Пластик;Прозрачный;"15Вт (напряжение 220В)";;;"3 года (срок эксплуатации 5 лет)";Россия;;;;;;230;165;125;120;"Плафон, прозрачный, арт. 1010ПЛ-3 | УСВЕТА";"Плафон, прозрачный. Подходит для люстры, подвесного светильника и бра. Производство и гарантия УСВЕТА.";"плафон для люстры, плафон потолочный, плафон, плафон сменный, плафон стеклянный, абажур для люстры, плафон прозрачный, купить плафон";"Плафон, прозрачный — УСВЕТА";"Плафон (прозрачный) от производителя. Подходит для люстры, подвесного светильника и бра. Гарантия завода, доставка по России."
110762190383;УСВЕТА;"1010ПЛ-5 Белый";;Плафоны;"Комплект плафонов из 5 шт. белый — сменные для люстры | УСВЕТА";"Плафон, белый. Подходит для люстры, подвесного светильника и бра. Производство УСВЕТА.";"<strong>Плафон, белый</strong> — сменный плафон для люстры, подвесного светильника и бра.<br /><br /><strong>Характеристики:</strong><br />- Цвет: белый<br />- Материал: Пластик<br /><br /><strong>Преимущества:</strong><br />- Собственное производство полного цикла на Урале.<br />- Гарантия 3 года, срок службы до 5 лет.<br />- Бренд УСВЕТА — проверенное качество в массовом сегменте.<br /><br /><br />Сертификаты соответствия и декларации о соответствии на продукцию: <a href=""https://usveta.ru/cerificate"" target=""_blank"" rel=""noopener"">https://usveta.ru/cerificate</a>";"https://raw.githubusercontent.com/Mitsuya196/usveta-photos/main/photos/1010-5-belyy_01.jpg https://raw.githubusercontent.com/Mitsuya196/usveta-photos/main/photos/1010-5-belyy_02.jpg https://raw.githubusercontent.com/Mitsuya196/usveta-photos/main/photos/1010-5-belyy_03.jpg";484.00;50;999;;;po2TZ9SG6HGl4xIRfmia;;5;;Пластик;Белый;"15Вт (напряжение 220В)";;;"3 года (срок эксплуатации 5 лет)";Россия;;;;;;380;220;125;125;"Плафон, белый, арт. 1010ПЛ-5 | УСВЕТА";"Плафон, белый. Подходит для люстры, подвесного светильника и бра. Производство и гарантия УСВЕТА.";"плафон для люстры, плафон потолочный, плафон, плафон сменный, плафон стеклянный, абажур для люстры, плафон белый, купить плафон";"Плафон, белый — УСВЕТА";"Плафон (белый) от производителя. Подходит для люстры, подвесного светильника и бра. Гарантия завода, доставка по России."
565882930573;УСВЕТА;"1010ПЛ-5 Прозрачный";;Плафоны;"Комплект плафонов из 5 шт. прозрачный — сменные для люстры | УСВЕТА";"Плафон, прозрачный. Подходит для люстры, подвесного светильника и бра. Производство УСВЕТА.";"<strong>Плафон, прозрачный</strong> — сменный плафон для люстры, подвесного светильника и бра.<br /><br /><strong>Характеристики:</strong><br />- Цвет: прозрачный<br />- Материал: Пластик<br /><br /><strong>Преимущества:</strong><br />- Собственное производство полного цикла на Урале.<br />- Гарантия 3 года, срок службы до 5 лет.<br />- Бренд УСВЕТА — проверенное качество в массовом сегменте.<br /><br /><br />Сертификаты соответствия и декларации о соответствии на продукцию: <a href=""https://usveta.ru/cerificate"" target=""_blank"" rel=""noopener"">https://usveta.ru/cerificate</a>";"https://raw.githubusercontent.com/Mitsuya196/usveta-photos/main/photos/1010-5-prozrachnyy_01.jpg https://raw.githubusercontent.com/Mitsuya196/usveta-photos/main/photos/1010-5-prozrachnyy_02.jpg https://raw.githubusercontent.com/Mitsuya196/usveta-photos/main/photos/1010-5-prozrachnyy_03.jpg";463.00;50;999;;;FYSnyyI0SlfLJ6182RDs;;5;;Пластик;Прозрачный;"15Вт (напряжение 220В)";;;"3 года (срок эксплуатации 5 лет)";Россия;;;;;;380;220;125;125;"Плафон, прозрачный, арт. 1010ПЛ-5 | УСВЕТА";"Плафон, прозрачный. Подходит для люстры, подвесного светильника и бра. Производство и гарантия УСВЕТА.";"плафон для люстры, плафон потолочный, плафон, плафон сменный, плафон стеклянный, абажур для люстры, плафон прозрачный, купить плафон";"Плафон, прозрачный — УСВЕТА";"Плафон (прозрачный) от производителя. Подходит для люстры, подвесного светильника и бра. Гарантия завода, доставка по России."
309044451903;УСВЕТА;"1110ПЛ-3 Белый";;Плафоны;"Комплект плафонов из 3 шт. белый — сменные для люстры | УСВЕТА";"Плафон, белый. Подходит для люстры, подвесного светильника и бра. Производство УСВЕТА.";"<strong>Плафон, белый</strong> — сменный плафон для люстры, подвесного светильника и бра.<br /><br /><strong>Характеристики:</strong><br />- Цвет: белый<br />- Материал: Пластик<br /><br /><strong>Преимущества:</strong><br />- Собственное производство полного цикла на Урале.<br />- Гарантия 3 года, срок службы до 5 лет.<br />- Бренд УСВЕТА — проверенное качество в массовом сегменте.<br /><br /><br />Сертификаты соответствия и декларации о соответствии на продукцию: <a href=""https://usveta.ru/cerificate"" target=""_blank"" rel=""noopener"">https://usveta.ru/cerificate</a>";"https://raw.githubusercontent.com/Mitsuya196/usveta-photos/main/photos/1110-3-belyy_01.jpg https://raw.githubusercontent.com/Mitsuya196/usveta-photos/main/photos/1110-3-belyy_02.jpg https://raw.githubusercontent.com/Mitsuya196/usveta-photos/main/photos/1110-3-belyy_03.jpg";271.00;50;499;;;dmX1dajvkDZfyherkaRt;;3;;Пластик;Белый;"15Вт (напряжение 220В)";;;"3 года (срок эксплуатации 5 лет)";Россия;;;;;;240;180;125;125;"Плафон, белый, арт. 1110ПЛ-3 | УСВЕТА";"Плафон, белый. Подходит для люстры, подвесного светильника и бра. Производство и гарантия УСВЕТА.";"плафон для люстры, плафон потолочный, плафон, плафон сменный, плафон стеклянный, абажур для люстры, плафон белый, купить плафон";"Плафон, белый — УСВЕТА";"Плафон (белый) от производителя. Подходит для люстры, подвесного светильника и бра. Гарантия завода, доставка по России."
850931775883;УСВЕТА;"1110ПЛ-3 Прозрачный";;Плафоны;"Комплект плафонов из 3 шт. прозрачный — сменные для люстры | УСВЕТА";"Плафон, прозрачный. Подходит для люстры, подвесного светильника и бра. Производство УСВЕТА.";"<strong>Плафон, прозрачный</strong> — сменный плафон для люстры, подвесного светильника и бра.<br /><br /><strong>Характеристики:</strong><br />- Цвет: прозрачный<br />- Материал: Пластик<br /><br /><strong>Преимущества:</strong><br />- Собственное производство полного цикла на Урале.<br />- Гарантия 3 года, срок службы до 5 лет.<br />- Бренд УСВЕТА — проверенное качество в массовом сегменте.<br /><br /><br />Сертификаты соответствия и декларации о соответствии на продукцию: <a href=""https://usveta.ru/cerificate"" target=""_blank"" rel=""noopener"">https://usveta.ru/cerificate</a>";"https://raw.githubusercontent.com/Mitsuya196/usveta-photos/main/photos/1110-3-prozrachnyy_01.jpg https://raw.githubusercontent.com/Mitsuya196/usveta-photos/main/photos/1110-3-prozrachnyy_02.jpg https://raw.githubusercontent.com/Mitsuya196/usveta-photos/main/photos/1110-3-prozrachnyy_03.jpg https://raw.githubusercontent.com/Mitsuya196/usveta-photos/main/photos/1110-3-prozrachnyy_04.jpg";269.00;50;499;;;n8767nJjOegai8galbs7;;3;;Пластик;Прозрачный;"15Вт (напряжение 220В)";;;"3 года (срок эксплуатации 5 лет)";Россия;;;;;;240;180;125;125;"Плафон, прозрачный, арт. 1110ПЛ-3 | УСВЕТА";"Плафон, прозрачный. Подходит для люстры, подвесного светильника и бра. Производство и гарантия УСВЕТА.";"плафон для люстры, плафон потолочный, плафон, плафон сменный, плафон стеклянный, абажур для люстры, плафон прозрачный, купить плафон";"Плафон, прозрачный — УСВЕТА";"Плафон (прозрачный) от производителя. Подходит для люстры, подвесного светильника и бра. Гарантия завода, доставка по России."
667491480483;УСВЕТА;"1110ПЛ-5 Белый";;Плафоны;"Комплект плафонов из 5 шт. белый — сменные для люстры | УСВЕТА";"Плафон, белый. Подходит для люстры, подвесного светильника и бра. Производство УСВЕТА.";"<strong>Плафон, белый</strong> — сменный плафон для люстры, подвесного светильника и бра.<br /><br /><strong>Характеристики:</strong><br />- Цвет: белый<br />- Материал: Пластик<br /><br /><strong>Преимущества:</strong><br />- Собственное производство полного цикла на Урале.<br />- Гарантия 3 года, срок службы до 5 лет.<br />- Бренд УСВЕТА — проверенное качество в массовом сегменте.<br /><br /><br />Сертификаты соответствия и декларации о соответствии на продукцию: <a href=""https://usveta.ru/cerificate"" target=""_blank"" rel=""noopener"">https://usveta.ru/cerificate</a>";"https://raw.githubusercontent.com/Mitsuya196/usveta-photos/main/photos/1110pl-5-belyy_01.jpg https://raw.githubusercontent.com/Mitsuya196/usveta-photos/main/photos/1110pl-5-belyy_02.jpg https://raw.githubusercontent.com/Mitsuya196/usveta-photos/main/photos/1110pl-5-belyy_03.jpg https://raw.githubusercontent.com/Mitsuya196/usveta-photos/main/photos/1110pl-5-belyy_04.jpg";486.00;50;999;;;VroA24gssVInjm0R5NXK;;5;;Пластик;Белый;"15Вт (напряжение 220В)";;;"3 года (срок эксплуатации 5 лет)";Россия;;;;;;390;220;125;125;"Плафон, белый, арт. 1110ПЛ-5 | УСВЕТА";"Плафон, белый. Подходит для люстры, подвесного светильника и бра. Производство и гарантия УСВЕТА.";"плафон для люстры, плафон потолочный, плафон, плафон сменный, плафон стеклянный, абажур для люстры, плафон белый, купить плафон";"Плафон, белый — УСВЕТА";"Плафон (белый) от производителя. Подходит для люстры, подвесного светильника и бра. Гарантия завода, доставка по России."
885781511703;УСВЕТА;"1110ПЛ-5 Прозрачный";;Плафоны;"Комплект плафонов из 5 шт. прозрачный — сменные для люстры | УСВЕТА";"Плафон, прозрачный. Подходит для люстры, подвесного светильника и бра. Производство УСВЕТА.";"<strong>Плафон, прозрачный</strong> — сменный плафон для люстры, подвесного светильника и бра.<br /><br /><strong>Характеристики:</strong><br />- Цвет: прозрачный<br />- Материал: Пластик<br /><br /><strong>Преимущества:</strong><br />- Собственное производство полного цикла на Урале.<br />- Гарантия 3 года, срок службы до 5 лет.<br />- Бренд УСВЕТА — проверенное качество в массовом сегменте.<br /><br /><br />Сертификаты соответствия и декларации о соответствии на продукцию: <a href=""https://usveta.ru/cerificate"" target=""_blank"" rel=""noopener"">https://usveta.ru/cerificate</a>";"https://raw.githubusercontent.com/Mitsuya196/usveta-photos/main/photos/1110pl-5-prozrachnyy_01.jpg https://raw.githubusercontent.com/Mitsuya196/usveta-photos/main/photos/1110pl-5-prozrachnyy_02.jpg https://raw.githubusercontent.com/Mitsuya196/usveta-photos/main/photos/1110pl-5-prozrachnyy_03.jpg https://raw.githubusercontent.com/Mitsuya196/usveta-photos/main/photos/1110pl-5-prozrachnyy_04.jpg";483.00;50;999;;;uKxa6pclecKYBpSv9MYe;;5;;Пластик;Прозрачный;"15Вт (напряжение 220В)";;;"3 года (срок эксплуатации 5 лет)";Россия;;;;;;390;220;125;125;"Плафон, прозрачный, арт. 1110ПЛ-5 | УСВЕТА";"Плафон, прозрачный. Подходит для люстры, подвесного светильника и бра. Производство и гарантия УСВЕТА.";"плафон для люстры, плафон потолочный, плафон, плафон сменный, плафон стеклянный, абажур для люстры, плафон прозрачный, купить плафон";"Плафон, прозрачный — УСВЕТА";"Плафон (прозрачный) от производителя. Подходит для люстры, подвесного светильника и бра. Гарантия завода, доставка по России."
975255683743;УСВЕТА;"1111ПЛ-3 Прозрачный";;Плафоны;"Комплект плафонов из 3 шт. прозрачный — сменные для люстры | УСВЕТА";"Плафон под хрусталь, прозрачный. Подходит для люстры, подвесного светильника и бра. Производство УСВЕТА.";"<strong>Плафон под хрусталь, прозрачный</strong> — сменный плафон для люстры, подвесного светильника и бра.<br /><br /><strong>Характеристики:</strong><br />- Цвет: прозрачный<br />- Материал: Пластик<br /><br /><strong>Преимущества:</strong><br />- Собственное производство полного цикла на Урале.<br />- Гарантия 3 года, срок службы до 5 лет.<br />- Бренд УСВЕТА — проверенное качество в массовом сегменте.<br /><br /><br />Сертификаты соответствия и декларации о соответствии на продукцию: <a href=""https://usveta.ru/cerificate"" target=""_blank"" rel=""noopener"">https://usveta.ru/cerificate</a>";"https://raw.githubusercontent.com/Mitsuya196/usveta-photos/main/photos/1111pl-3-prozrachnyy_01.jpg https://raw.githubusercontent.com/Mitsuya196/usveta-photos/main/photos/1111pl-3-prozrachnyy_02.jpg https://raw.githubusercontent.com/Mitsuya196/usveta-photos/main/photos/1111pl-3-prozrachnyy_03.jpg";296.00;50;499;;;yDMDu3vvHU7jRpnluIUD;;3;;Пластик;Прозрачный;"15Вт (напряжение 220В)";;;"3 года (срок эксплуатации 5 лет)";Россия;;;;;;365;180;125;125;"Плафон, прозрачный, арт. 1111ПЛ-3 | УСВЕТА";"Плафон, прозрачный. Подходит для люстры, подвесного светильника и бра. Производство и гарантия УСВЕТА.";"плафон для люстры, плафон потолочный, плафон, плафон сменный, плафон стеклянный, абажур для люстры, плафон прозрачный, купить плафон";"Плафон под хрусталь, прозрачный — УСВЕТА";"Плафон под хрусталь (прозрачный) от производителя. Подходит для люстры, подвесного светильника и бра. Гарантия завода, доставка по России."
732107817583;УСВЕТА;"1113ПЛ-1 Белый";;Плафоны;"Комплект плафонов пл белый — сменные для люстры | УСВЕТА";"Плафон, белый. Подходит для люстры, подвесного светильника и бра. Производство УСВЕТА.";"<strong>Плафон, белый</strong> — сменный плафон для люстры, подвесного светильника и бра.<br /><br /><strong>Характеристики:</strong><br />- Цвет: белый<br />- Материал: Пластик<br /><br /><strong>Преимущества:</strong><br />- Собственное производство полного цикла на Урале.<br />- Гарантия 3 года, срок службы до 5 лет.<br />- Бренд УСВЕТА — проверенное качество в массовом сегменте.<br /><br /><br />Сертификаты соответствия и декларации о соответствии на продукцию: <a href=""https://usveta.ru/cerificate"" target=""_blank"" rel=""noopener"">https://usveta.ru/cerificate</a>";"https://raw.githubusercontent.com/Mitsuya196/usveta-photos/main/photos/1113pl-1-belyy_01.jpg https://raw.githubusercontent.com/Mitsuya196/usveta-photos/main/photos/1113pl-1-belyy_02.jpg https://raw.githubusercontent.com/Mitsuya196/usveta-photos/main/photos/1113pl-1-belyy_03.jpg https://raw.githubusercontent.com/Mitsuya196/usveta-photos/main/photos/1113pl-1-belyy_04.jpg";147.00;0;499;;;8f0MYPyL6NsxHtntYZul;;1;;Пластик;Белый;"15Вт (напряжение 220В)";;;"3 года (срок эксплуатации 5 лет)";Россия;;;;;;89;98;98;140;"Плафон, белый, арт. 1113ПЛ-1 | УСВЕТА";"Плафон, белый. Подходит для люстры, подвесного светильника и бра. Производство и гарантия УСВЕТА.";"плафон для люстры, плафон потолочный, плафон, плафон сменный, плафон стеклянный, абажур для люстры, плафон белый, купить плафон";"Плафон, белый — УСВЕТА";"Плафон (белый) от производителя. Подходит для люстры, подвесного светильника и бра. Гарантия завода, доставка по России."
627121961163;УСВЕТА;"1113ПЛ-3 Белый";;Плафоны;"Комплект плафонов из 3 шт. белый — сменные для люстры | УСВЕТА";"Плафон, белый. Подходит для люстры, подвесного светильника и бра. Производство УСВЕТА.";"<strong>Плафон, белый</strong> — сменный плафон для люстры, подвесного светильника и бра.<br /><br /><strong>Характеристики:</strong><br />- Цвет: белый<br />- Материал: Пластик<br /><br /><strong>Преимущества:</strong><br />- Собственное производство полного цикла на Урале.<br />- Гарантия 3 года, срок службы до 5 лет.<br />- Бренд УСВЕТА — проверенное качество в массовом сегменте.<br /><br /><br />Сертификаты соответствия и декларации о соответствии на продукцию: <a href=""https://usveta.ru/cerificate"" target=""_blank"" rel=""noopener"">https://usveta.ru/cerificate</a>";"https://raw.githubusercontent.com/Mitsuya196/usveta-photos/main/photos/1113pl-3-belyy_01.jpg https://raw.githubusercontent.com/Mitsuya196/usveta-photos/main/photos/1113pl-3-belyy_02.jpg https://raw.githubusercontent.com/Mitsuya196/usveta-photos/main/photos/1113pl-3-belyy_03.jpg https://raw.githubusercontent.com/Mitsuya196/usveta-photos/main/photos/1113pl-3-belyy_04.jpg";285.00;50;499;;;mJsTZvOhvX281U68ZykP;;3;;Пластик;Белый;"15Вт (напряжение 220В)";;;"3 года (срок эксплуатации 5 лет)";Россия;;;;;;260;215;115;115;"Плафон, белый, арт. 1113ПЛ-3 | УСВЕТА";"Плафон, белый. Подходит для люстры, подвесного светильника и бра. Производство и гарантия УСВЕТА.";"плафон для люстры, плафон потолочный, плафон, плафон сменный, плафон стеклянный, абажур для люстры, плафон белый, купить плафон";"Плафон, белый — УСВЕТА";"Плафон (белый) от производителя. Подходит для люстры, подвесного светильника и бра. Гарантия завода, доставка по России."
614159545143;УСВЕТА;"1113ПЛ-3 Прозрачный";;Плафоны;"Комплект плафонов из 3 шт. прозрачный — сменные для люстры | УСВЕТА";"Плафон, прозрачный. Подходит для люстры, подвесного светильника и бра. Производство УСВЕТА.";"<strong>Плафон, прозрачный</strong> — сменный плафон для люстры, подвесного светильника и бра.<br /><br /><strong>Характеристики:</strong><br />- Цвет: прозрачный<br />- Материал: Пластик<br /><br /><strong>Преимущества:</strong><br />- Собственное производство полного цикла на Урале.<br />- Гарантия 3 года, срок службы до 5 лет.<br />- Бренд УСВЕТА — проверенное качество в массовом сегменте.<br /><br /><br />Сертификаты соответствия и декларации о соответствии на продукцию: <a href=""https://usveta.ru/cerificate"" target=""_blank"" rel=""noopener"">https://usveta.ru/cerificate</a>";"https://raw.githubusercontent.com/Mitsuya196/usveta-photos/main/photos/1113pl-3-prozrachnyy_01.jpg https://raw.githubusercontent.com/Mitsuya196/usveta-photos/main/photos/1113pl-3-prozrachnyy_02.jpg https://raw.githubusercontent.com/Mitsuya196/usveta-photos/main/photos/1113pl-3-prozrachnyy_03.jpg";285.00;50;499;;;51IFPG8zI8FFAbaAV643;;3;;Пластик;Прозрачный;"15Вт (напряжение 220В)";;;"3 года (срок эксплуатации 5 лет)";Россия;;;;;;260;215;115;115;"Плафон, прозрачный, арт. 1113ПЛ-3 | УСВЕТА";"Плафон, прозрачный. Подходит для люстры, подвесного светильника и бра. Производство и гарантия УСВЕТА.";"плафон для люстры, плафон потолочный, плафон, плафон сменный, плафон стеклянный, абажур для люстры, плафон прозрачный, купить плафон";"Плафон, прозрачный — УСВЕТА";"Плафон (прозрачный) от производителя. Подходит для люстры, подвесного светильника и бра. Гарантия завода, доставка по России."
882903880163;УСВЕТА;"1113ПЛ-5 Белый";;Плафоны;"Комплект плафонов из 5 шт. белый — сменные для люстры | УСВЕТА";"Плафон, белый. Подходит для люстры, подвесного светильника и бра. Производство УСВЕТА.";"<strong>Плафон, белый</strong> — сменный плафон для люстры, подвесного светильника и бра.<br /><br /><strong>Характеристики:</strong><br />- Цвет: белый<br />- Материал: Пластик<br /><br /><strong>Преимущества:</strong><br />- Собственное производство полного цикла на Урале.<br />- Гарантия 3 года, срок службы до 5 лет.<br />- Бренд УСВЕТА — проверенное качество в массовом сегменте.<br /><br /><br />Сертификаты соответствия и декларации о соответствии на продукцию: <a href=""https://usveta.ru/cerificate"" target=""_blank"" rel=""noopener"">https://usveta.ru/cerificate</a>";"https://raw.githubusercontent.com/Mitsuya196/usveta-photos/main/photos/1113pl-5-belyy_01.jpg https://raw.githubusercontent.com/Mitsuya196/usveta-photos/main/photos/1113pl-5-belyy_02.jpg https://raw.githubusercontent.com/Mitsuya196/usveta-photos/main/photos/1113pl-5-belyy_03.jpg";513.00;50;999;;;CilnzThTJ46Z1TnI1AGv;;5;;Пластик;Белый;"15Вт (напряжение 220В)";;;"3 года (срок эксплуатации 5 лет)";Россия;;;;;;440;275;115;115;"Плафон, белый, арт. 1113ПЛ-5 | УСВЕТА";"Плафон, белый. Подходит для люстры, подвесного светильника и бра. Производство и гарантия УСВЕТА.";"плафон для люстры, плафон потолочный, плафон, плафон сменный, плафон стеклянный, абажур для люстры, плафон белый, купить плафон";"Плафон, белый — УСВЕТА";"Плафон (белый) от производителя. Подходит для люстры, подвесного светильника и бра. Гарантия завода, доставка по России."
376798268043;УСВЕТА;"1113ПЛ-5 Прозрачный";;Плафоны;"Комплект плафонов из 5 шт. прозрачный — сменные для люстры | УСВЕТА";"Плафон, прозрачный. Подходит для люстры, подвесного светильника и бра. Производство УСВЕТА.";"<strong>Плафон, прозрачный</strong> — сменный плафон для люстры, подвесного светильника и бра.<br /><br /><strong>Характеристики:</strong><br />- Цвет: прозрачный<br />- Материал: Пластик<br /><br /><strong>Преимущества:</strong><br />- Собственное производство полного цикла на Урале.<br />- Гарантия 3 года, срок службы до 5 лет.<br />- Бренд УСВЕТА — проверенное качество в массовом сегменте.<br /><br /><br />Сертификаты соответствия и декларации о соответствии на продукцию: <a href=""https://usveta.ru/cerificate"" target=""_blank"" rel=""noopener"">https://usveta.ru/cerificate</a>";"https://raw.githubusercontent.com/Mitsuya196/usveta-photos/main/photos/1113pl-5-prozrachnyy_01.jpg https://raw.githubusercontent.com/Mitsuya196/usveta-photos/main/photos/1113pl-5-prozrachnyy_02.jpg https://raw.githubusercontent.com/Mitsuya196/usveta-photos/main/photos/1113pl-5-prozrachnyy_03.jpg";510.00;50;999;;;A2Tb2p3m43z4slHayKEc;;5;;Пластик;Прозрачный;"15Вт (напряжение 220В)";;;"3 года (срок эксплуатации 5 лет)";Россия;;;;;;440;275;115;115;"Плафон, прозрачный, арт. 1113ПЛ-5 | УСВЕТА";"Плафон, прозрачный. Подходит для люстры, подвесного светильника и бра. Производство и гарантия УСВЕТА.";"плафон для люстры, плафон потолочный, плафон, плафон сменный, плафон стеклянный, абажур для люстры, плафон прозрачный, купить плафон";"Плафон, прозрачный — УСВЕТА";"Плафон (прозрачный) от производителя. Подходит для люстры, подвесного светильника и бра. Гарантия завода, доставка по России."
511100650413;УСВЕТА;"1311ПЛ-1 Белый";;Плафоны;"Комплект плафонов белый — сменные для люстры | УСВЕТА";"Плафон, белый. Подходит для люстры, подвесного светильника и бра. Производство УСВЕТА.";"<strong>Плафон, белый</strong> — сменный плафон для люстры, подвесного светильника и бра.<br /><br /><strong>Характеристики:</strong><br />- Цвет: белый<br />- Материал: Пластик<br /><br /><strong>Преимущества:</strong><br />- Собственное производство полного цикла на Урале.<br />- Гарантия 3 года, срок службы до 5 лет.<br />- Бренд УСВЕТА — проверенное качество в массовом сегменте.<br /><br /><br />Сертификаты соответствия и декларации о соответствии на продукцию: <a href=""https://usveta.ru/cerificate"" target=""_blank"" rel=""noopener"">https://usveta.ru/cerificate</a>";"https://raw.githubusercontent.com/Mitsuya196/usveta-photos/main/photos/1311pl-1-belyy_01.jpg https://raw.githubusercontent.com/Mitsuya196/usveta-photos/main/photos/1311pl-1-belyy_02.jpg https://raw.githubusercontent.com/Mitsuya196/usveta-photos/main/photos/1311pl-1-belyy_03.jpg";155.00;0;499;;;dAYxaD4IbkITB88kN4kS;;1;;Пластик;Белый;"15Вт (напряжение 220В)";;;"3 года (срок эксплуатации 5 лет)";Россия;;;;;;109;135;135;111;"Плафон, белый, арт. 1311ПЛ-1 | УСВЕТА";"Плафон, белый. Подходит для люстры, подвесного светильника и бра. Производство и гарантия УСВЕТА.";"плафон для люстры, плафон потолочный, плафон, плафон сменный, плафон стеклянный, абажур для люстры, плафон белый, купить плафон";"Плафон, белый — УСВЕТА";"Плафон (белый) от производителя. Подходит для люстры, подвесного светильника и бра. Гарантия завода, доставка по России."
845057680373;УСВЕТА;"1311ПЛ-1 Прозрачный";;Плафоны;"Комплект плафонов прозрачный — сменные для люстры | УСВЕТА";"Плафон, прозрачный. Подходит для люстры, подвесного светильника и бра. Производство УСВЕТА.";"<strong>Плафон, прозрачный</strong> — сменный плафон для люстры, подвесного светильника и бра.<br /><br /><strong>Характеристики:</strong><br />- Цвет: прозрачный<br />- Материал: Пластик<br /><br /><strong>Преимущества:</strong><br />- Собственное производство полного цикла на Урале.<br />- Гарантия 3 года, срок службы до 5 лет.<br />- Бренд УСВЕТА — проверенное качество в массовом сегменте.<br /><br /><br />Сертификаты соответствия и декларации о соответствии на продукцию: <a href=""https://usveta.ru/cerificate"" target=""_blank"" rel=""noopener"">https://usveta.ru/cerificate</a>";"https://raw.githubusercontent.com/Mitsuya196/usveta-photos/main/photos/1311pl-1-prozrachnyy_01.jpg https://raw.githubusercontent.com/Mitsuya196/usveta-photos/main/photos/1311pl-1-prozrachnyy_02.jpg https://raw.githubusercontent.com/Mitsuya196/usveta-photos/main/photos/1311pl-1-prozrachnyy_03.jpg";152.00;0;499;;;eDxJCFPZXn2J8mjFeiS0;;1;;Пластик;Прозрачный;"15Вт (напряжение 220В)";;;"3 года (срок эксплуатации 5 лет)";Россия;;;;;;109;135;135;111;"Плафон, прозрачный, арт. 1311ПЛ-1 | УСВЕТА";"Плафон, прозрачный. Подходит для люстры, подвесного светильника и бра. Производство и гарантия УСВЕТА.";"плафон для люстры, плафон потолочный, плафон, плафон сменный, плафон стеклянный, абажур для люстры, плафон прозрачный, купить плафон";"Плафон, прозрачный — УСВЕТА";"Плафон (прозрачный) от производителя. Подходит для люстры, подвесного светильника и бра. Гарантия завода, доставка по России."
910926851843;УСВЕТА;"1311ПЛ-3 Белый";;Плафоны;"Комплект плафонов из 3 шт. белый — сменные для люстры | УСВЕТА";"Плафон, белый. Подходит для люстры, подвесного светильника и бра. Производство УСВЕТА.";"<strong>Плафон, белый</strong> — сменный плафон для люстры, подвесного светильника и бра.<br /><br /><strong>Характеристики:</strong><br />- Цвет: белый<br />- Материал: Пластик<br /><br /><strong>Преимущества:</strong><br />- Собственное производство полного цикла на Урале.<br />- Гарантия 3 года, срок службы до 5 лет.<br />- Бренд УСВЕТА — проверенное качество в массовом сегменте.<br /><br /><br />Сертификаты соответствия и декларации о соответствии на продукцию: <a href=""https://usveta.ru/cerificate"" target=""_blank"" rel=""noopener"">https://usveta.ru/cerificate</a>";"https://raw.githubusercontent.com/Mitsuya196/usveta-photos/main/photos/1311pl-3-belyy_01.jpg https://raw.githubusercontent.com/Mitsuya196/usveta-photos/main/photos/1311pl-3-belyy_02.jpg https://raw.githubusercontent.com/Mitsuya196/usveta-photos/main/photos/1311pl-3-belyy_03.jpg";428.00;50;999;;;JrI8Vz9GVxLANzlYVaD8;;3;;Пластик;Белый;"15Вт (напряжение 220В)";;;"3 года (срок эксплуатации 5 лет)";Россия;;;;;;320;170;155;155;"Плафон, белый, арт. 1311ПЛ-3 | УСВЕТА";"Плафон, белый. Подходит для люстры, подвесного светильника и бра. Производство и гарантия УСВЕТА.";"плафон для люстры, плафон потолочный, плафон, плафон сменный, плафон стеклянный, абажур для люстры, плафон белый, купить плафон";"Плафон, белый — УСВЕТА";"Плафон (белый) от производителя. Подходит для люстры, подвесного светильника и бра. Гарантия завода, доставка по России."
340287093233;УСВЕТА;"1311ПЛ-3 Прозрачный";;Плафоны;"Комплект плафонов из 3 шт. прозрачный — сменные для люстры | УСВЕТА";"Плафон, прозрачный. Подходит для люстры, подвесного светильника и бра. Производство УСВЕТА.";"<strong>Плафон, прозрачный</strong> — сменный плафон для люстры, подвесного светильника и бра.<br /><br /><strong>Характеристики:</strong><br />- Цвет: прозрачный<br />- Материал: Пластик<br /><br /><strong>Преимущества:</strong><br />- Собственное производство полного цикла на Урале.<br />- Гарантия 3 года, срок службы до 5 лет.<br />- Бренд УСВЕТА — проверенное качество в массовом сегменте.<br /><br /><br />Сертификаты соответствия и декларации о соответствии на продукцию: <a href=""https://usveta.ru/cerificate"" target=""_blank"" rel=""noopener"">https://usveta.ru/cerificate</a>";"https://raw.githubusercontent.com/Mitsuya196/usveta-photos/main/photos/1311pl-3-prozrachnyy_01.jpg https://raw.githubusercontent.com/Mitsuya196/usveta-photos/main/photos/1311pl-3-prozrachnyy_02.jpg https://raw.githubusercontent.com/Mitsuya196/usveta-photos/main/photos/1311pl-3-prozrachnyy_03.jpg";418.00;50;999;;;I4fTmCtOHCX380hzEZgf;;3;;Пластик;Прозрачный;"15Вт (напряжение 220В)";;;"3 года (срок эксплуатации 5 лет)";Россия;;;;;;320;170;155;155;"Плафон, прозрачный, арт. 1311ПЛ-3 | УСВЕТА";"Плафон, прозрачный. Подходит для люстры, подвесного светильника и бра. Производство и гарантия УСВЕТА.";"плафон для люстры, плафон потолочный, плафон, плафон сменный, плафон стеклянный, абажур для люстры, плафон прозрачный, купить плафон";"Плафон, прозрачный — УСВЕТА";"Плафон (прозрачный) от производителя. Подходит для люстры, подвесного светильника и бра. Гарантия завода, доставка по России."
631689726683;УСВЕТА;"1311ПЛ-5 Белый";;Плафоны;"Комплект плафонов из 5 шт. пл белый — сменные для люстры | УСВЕТА";"Плафон, белый. Подходит для люстры, подвесного светильника и бра. Производство УСВЕТА.";"<strong>Плафон, белый</strong> — сменный плафон для люстры, подвесного светильника и бра.<br /><br /><strong>Характеристики:</strong><br />- Цвет: белый<br />- Материал: Пластик<br /><br /><strong>Преимущества:</strong><br />- Собственное производство полного цикла на Урале.<br />- Гарантия 3 года, срок службы до 5 лет.<br />- Бренд УСВЕТА — проверенное качество в массовом сегменте.<br /><br /><br />Сертификаты соответствия и декларации о соответствии на продукцию: <a href=""https://usveta.ru/cerificate"" target=""_blank"" rel=""noopener"">https://usveta.ru/cerificate</a>";"https://raw.githubusercontent.com/Mitsuya196/usveta-photos/main/photos/1311pl-5-belyy_01.jpg https://raw.githubusercontent.com/Mitsuya196/usveta-photos/main/photos/1311pl-5-belyy_02.jpg https://raw.githubusercontent.com/Mitsuya196/usveta-photos/main/photos/1311pl-5-belyy_03.jpg";577.00;50;999;;;I94FiEmu7N9baETEZU12;;5;;Пластик;Белый;"15Вт (напряжение 220В)";;;"3 года (срок эксплуатации 5 лет)";Россия;;;;;;530;155;155;230;"Плафон, белый, арт. 1311ПЛ-5 | УСВЕТА";"Плафон, белый. Подходит для люстры, подвесного светильника и бра. Производство и гарантия УСВЕТА.";"плафон для люстры, плафон потолочный, плафон, плафон сменный, плафон стеклянный, абажур для люстры, плафон белый, купить плафон";"Плафон, белый — УСВЕТА";"Плафон (белый) от производителя. Подходит для люстры, подвесного светильника и бра. Гарантия завода, доставка по России."
883359765063;УСВЕТА;"1311ПЛ-5 Прозрачный";;Плафоны;"Комплект плафонов из 5 шт. пл прозрачный — сменные для люстры | УСВЕТА";"Плафон, прозрачный. Подходит для люстры, подвесного светильника и бра. Производство УСВЕТА.";"<strong>Плафон, прозрачный</strong> — сменный плафон для люстры, подвесного светильника и бра.<br /><br /><strong>Характеристики:</strong><br />- Цвет: прозрачный<br />- Материал: Пластик<br /><br /><strong>Преимущества:</strong><br />- Собственное производство полного цикла на Урале.<br />- Гарантия 3 года, срок службы до 5 лет.<br />- Бренд УСВЕТА — проверенное качество в массовом сегменте.<br /><br /><br />Сертификаты соответствия и декларации о соответствии на продукцию: <a href=""https://usveta.ru/cerificate"" target=""_blank"" rel=""noopener"">https://usveta.ru/cerificate</a>";"https://raw.githubusercontent.com/Mitsuya196/usveta-photos/main/photos/1311pl-5-prozrachnyy_01.jpg https://raw.githubusercontent.com/Mitsuya196/usveta-photos/main/photos/1311pl-5-prozrachnyy_02.jpg https://raw.githubusercontent.com/Mitsuya196/usveta-photos/main/photos/1311pl-5-prozrachnyy_03.jpg";560.00;50;999;;;7l55krVU5Z4nKRZiueDA;;5;;Пластик;Прозрачный;"15Вт (напряжение 220В)";;;"3 года (срок эксплуатации 5 лет)";Россия;;;;;;530;155;155;230;"Плафон, прозрачный, арт. 1311ПЛ-5 | УСВЕТА";"Плафон, прозрачный. Подходит для люстры, подвесного светильника и бра. Производство и гарантия УСВЕТА.";"плафон для люстры, плафон потолочный, плафон, плафон сменный, плафон стеклянный, абажур для люстры, плафон прозрачный, купить плафон";"Плафон, прозрачный — УСВЕТА";"Плафон (прозрачный) от производителя. Подходит для люстры, подвесного светильника и бра. Гарантия завода, доставка по России."
761126168043;УСВЕТА;"1406ПЛ-3 Белый";;Плафоны;"Комплект плафонов из 3 шт. белый — сменные для люстры | УСВЕТА";"Плафон, белый. Подходит для люстры, подвесного светильника и бра. Производство УСВЕТА.";"<strong>Плафон, белый</strong> — сменный плафон для люстры, подвесного светильника и бра.<br /><br /><strong>Характеристики:</strong><br />- Цвет: белый<br />- Материал: Пластик<br /><br /><strong>Преимущества:</strong><br />- Собственное производство полного цикла на Урале.<br />- Гарантия 3 года, срок службы до 5 лет.<br />- Бренд УСВЕТА — проверенное качество в массовом сегменте.<br /><br /><br />Сертификаты соответствия и декларации о соответствии на продукцию: <a href=""https://usveta.ru/cerificate"" target=""_blank"" rel=""noopener"">https://usveta.ru/cerificate</a>";"https://raw.githubusercontent.com/Mitsuya196/usveta-photos/main/photos/1406pl-3-belyy_01.jpg https://raw.githubusercontent.com/Mitsuya196/usveta-photos/main/photos/1406pl-3-belyy_02.jpg https://raw.githubusercontent.com/Mitsuya196/usveta-photos/main/photos/1406pl-3-belyy_03.jpg";258.00;50;499;;;lh0R7Mg5zg1BvEoVYSZv;;3;;Пластик;Белый;"15Вт (напряжение 220В)";;;"3 года (срок эксплуатации 5 лет)";Россия;;;;;;280;180;125;125;"Плафон, белый, арт. 1406ПЛ-3 | УСВЕТА";"Плафон, белый. Подходит для люстры, подвесного светильника и бра. Производство и гарантия УСВЕТА.";"плафон для люстры, плафон потолочный, плафон, плафон сменный, плафон стеклянный, абажур для люстры, плафон белый, купить плафон";"Плафон, белый — УСВЕТА";"Плафон (белый) от производителя. Подходит для люстры, подвесного светильника и бра. Гарантия завода, доставка по России."
673375066383;УСВЕТА;"1406ПЛ-3 Зеленый";;Плафоны;"Комплект плафонов из 3 шт. зелёный — сменные для люстры | УСВЕТА";"Плафон, зелёный. Подходит для люстры, подвесного светильника и бра. Производство УСВЕТА.";"<strong>Плафон, зелёный</strong> — сменный плафон для люстры, подвесного светильника и бра.<br /><br /><strong>Характеристики:</strong><br />- Цвет: зелёный<br />- Материал: Пластик<br /><br /><strong>Преимущества:</strong><br />- Собственное производство полного цикла на Урале.<br />- Гарантия 3 года, срок службы до 5 лет.<br />- Бренд УСВЕТА — проверенное качество в массовом сегменте.<br /><br /><br />Сертификаты соответствия и декларации о соответствии на продукцию: <a href=""https://usveta.ru/cerificate"" target=""_blank"" rel=""noopener"">https://usveta.ru/cerificate</a>";"https://raw.githubusercontent.com/Mitsuya196/usveta-photos/main/photos/1406pl-3-zelenyy_01.jpg https://raw.githubusercontent.com/Mitsuya196/usveta-photos/main/photos/1406pl-3-zelenyy_02.jpg";263.00;9;499;;;xsODrKUklUS5SLo19hDX;;3;;Пластик;Зеленый;"15Вт (напряжение 220В)";;;"3 года (срок эксплуатации 5 лет)";Россия;;;;;;230;180;125;125;"Плафон, зелёный, арт. 1406ПЛ-3 | УСВЕТА";"Плафон, зелёный. Подходит для люстры, подвесного светильника и бра. Производство и гарантия УСВЕТА.";"плафон для люстры, плафон потолочный, плафон, плафон сменный, плафон стеклянный, абажур для люстры, плафон зелёный, купить плафон";"Плафон, зелёный — УСВЕТА";"Плафон (зелёный) от производителя. Подходит для люстры, подвесного светильника и бра. Гарантия завода, доставка по России."
601895906523;УСВЕТА;"1406ПЛ-3 Коричневый";;Плафоны;"Комплект плафонов из 3 шт. коричневый — сменные для люстры | УСВЕТА";"Плафон, коричневый. Подходит для люстры, подвесного светильника и бра. Производство УСВЕТА.";"<strong>Плафон, коричневый</strong> — сменный плафон для люстры, подвесного светильника и бра.<br /><br /><strong>Характеристики:</strong><br />- Цвет: коричневый<br />- Материал: Пластик<br /><br /><strong>Преимущества:</strong><br />- Собственное производство полного цикла на Урале.<br />- Гарантия 3 года, срок службы до 5 лет.<br />- Бренд УСВЕТА — проверенное качество в массовом сегменте.<br /><br /><br />Сертификаты соответствия и декларации о соответствии на продукцию: <a href=""https://usveta.ru/cerificate"" target=""_blank"" rel=""noopener"">https://usveta.ru/cerificate</a>";https://static.tildacdn.com/stor3233-3439-4964-b761-616234323362/59e013ea56bb9a616a510090fc263db5.jpg;265.00;50;499;;;RKxMbcEyGNnPKtutklun;;3;;Пластик;Коричневый;"15Вт (напряжение 220В)";;;"3 года (срок эксплуатации 5 лет)";Россия;;;;;;230;180;125;125;"Плафон, коричневый, арт. 1406ПЛ-3 | УСВЕТА";"Плафон, коричневый. Подходит для люстры, подвесного светильника и бра. Производство и гарантия УСВЕТА.";"плафон для люстры, плафон потолочный, плафон, плафон сменный, плафон стеклянный, абажур для люстры, плафон коричневый, купить плафон";"Плафон, коричневый — УСВЕТА";"Плафон (коричневый) от производителя. Подходит для люстры, подвесного светильника и бра. Гарантия завода, доставка по России."
899873276873;УСВЕТА;"1406ПЛ-3 Прозрачный";;Плафоны;"Комплект плафонов из 3 шт. прозрачный — сменные для люстры | УСВЕТА";"Плафон, прозрачный. Подходит для люстры, подвесного светильника и бра. Производство УСВЕТА.";"<strong>Плафон, прозрачный</strong> — сменный плафон для люстры, подвесного светильника и бра.<br /><br /><strong>Характеристики:</strong><br />- Цвет: прозрачный<br />- Материал: Пластик<br /><br /><strong>Преимущества:</strong><br />- Собственное производство полного цикла на Урале.<br />- Гарантия 3 года, срок службы до 5 лет.<br />- Бренд УСВЕТА — проверенное качество в массовом сегменте.<br /><br /><br />Сертификаты соответствия и декларации о соответствии на продукцию: <a href=""https://usveta.ru/cerificate"" target=""_blank"" rel=""noopener"">https://usveta.ru/cerificate</a>";"https://raw.githubusercontent.com/Mitsuya196/usveta-photos/main/photos/1406pl-3-prozrachnyy_01.jpg https://raw.githubusercontent.com/Mitsuya196/usveta-photos/main/photos/1406pl-3-prozrachnyy_02.jpg https://raw.githubusercontent.com/Mitsuya196/usveta-photos/main/photos/1406pl-3-prozrachnyy_03.jpg https://raw.githubusercontent.com/Mitsuya196/usveta-photos/main/photos/1406pl-3-prozrachnyy_04.jpg";263.00;50;499;;;4ho5blgdliHHZLevMcGN;;3;;Пластик;Прозрачный;"15Вт (напряжение 220В)";;;"3 года (срок эксплуатации 5 лет)";Россия;;;;;;230;180;125;125;"Плафон, прозрачный, арт. 1406ПЛ-3 | УСВЕТА";"Плафон, прозрачный. Подходит для люстры, подвесного светильника и бра. Производство и гарантия УСВЕТА.";"плафон для люстры, плафон потолочный, плафон, плафон сменный, плафон стеклянный, абажур для люстры, плафон прозрачный, купить плафон";"Плафон, прозрачный — УСВЕТА";"Плафон (прозрачный) от производителя. Подходит для люстры, подвесного светильника и бра. Гарантия завода, доставка по России."
950375867283;УСВЕТА;"1406ПЛ-3 Розовый";;Плафоны;"Комплект плафонов из 3 шт. розовый — сменные для люстры | УСВЕТА";"Плафон, розовый. Подходит для люстры, подвесного светильника и бра. Производство УСВЕТА.";"<strong>Плафон, розовый</strong> — сменный плафон для люстры, подвесного светильника и бра.<br /><br /><strong>Характеристики:</strong><br />- Цвет: розовый<br />- Материал: Пластик<br /><br /><strong>Преимущества:</strong><br />- Собственное производство полного цикла на Урале.<br />- Гарантия 3 года, срок службы до 5 лет.<br />- Бренд УСВЕТА — проверенное качество в массовом сегменте.<br /><br /><br />Сертификаты соответствия и декларации о соответствии на продукцию: <a href=""https://usveta.ru/cerificate"" target=""_blank"" rel=""noopener"">https://usveta.ru/cerificate</a>";"https://raw.githubusercontent.com/Mitsuya196/usveta-photos/main/photos/1406pl-3-rozovyy_01.jpg https://raw.githubusercontent.com/Mitsuya196/usveta-photos/main/photos/1406pl-3-rozovyy_02.jpg";263.00;50;499;;;FdCVI5iM1NJfofkEM2BS;;3;;Пластик;Розовый;"15Вт (напряжение 220В)";;;"3 года (срок эксплуатации 5 лет)";Россия;;;;;;230;180;125;125;"Плафон, розовый, арт. 1406ПЛ-3 | УСВЕТА";"Плафон, розовый. Подходит для люстры, подвесного светильника и бра. Производство и гарантия УСВЕТА.";"плафон для люстры, плафон потолочный, плафон, плафон сменный, плафон стеклянный, абажур для люстры, плафон розовый, купить плафон";"Плафон, розовый — УСВЕТА";"Плафон (розовый) от производителя. Подходит для люстры, подвесного светильника и бра. Гарантия завода, доставка по России."
934469340853;УСВЕТА;"1406ПЛ-3 Синий";;Плафоны;"Комплект плафонов из 3 шт. синий — сменные для люстры | УСВЕТА";"Плафон, синий. Подходит для люстры, подвесного светильника и бра. Производство УСВЕТА.";"<strong>Плафон, синий</strong> — сменный плафон для люстры, подвесного светильника и бра.<br /><br /><strong>Характеристики:</strong><br />- Цвет: синий<br />- Материал: Пластик<br /><br /><strong>Преимущества:</strong><br />- Собственное производство полного цикла на Урале.<br />- Гарантия 3 года, срок службы до 5 лет.<br />- Бренд УСВЕТА — проверенное качество в массовом сегменте.<br /><br /><br />Сертификаты соответствия и декларации о соответствии на продукцию: <a href=""https://usveta.ru/cerificate"" target=""_blank"" rel=""noopener"">https://usveta.ru/cerificate</a>";"https://raw.githubusercontent.com/Mitsuya196/usveta-photos/main/photos/1406pl-3-siniy_01.jpg https://raw.githubusercontent.com/Mitsuya196/usveta-photos/main/photos/1406pl-3-siniy_02.jpg";263.00;16;499;;;IMmYRiCZp3Gffi6rE5Pi;;3;;Пластик;Синий;"15Вт (напряжение 220В)";;;"3 года (срок эксплуатации 5 лет)";Россия;;;;;;230;180;125;125;"Плафон, синий, арт. 1406ПЛ-3 | УСВЕТА";"Плафон, синий. Подходит для люстры, подвесного светильника и бра. Производство и гарантия УСВЕТА.";"плафон для люстры, плафон потолочный, плафон, плафон сменный, плафон стеклянный, абажур для люстры, плафон синий, купить плафон";"Плафон, синий — УСВЕТА";"Плафон (синий) от производителя. Подходит для люстры, подвесного светильника и бра. Гарантия завода, доставка по России."
990904358243;УСВЕТА;"1406ПЛ-5 Белый";;Плафоны;"Комплект плафонов из 5 шт. белый — сменные для люстры | УСВЕТА";"Плафон, белый. Подходит для люстры, подвесного светильника и бра. Производство УСВЕТА.";"<strong>Плафон, белый</strong> — сменный плафон для люстры, подвесного светильника и бра.<br /><br /><strong>Характеристики:</strong><br />- Цвет: белый<br />- Материал: Пластик<br /><br /><strong>Преимущества:</strong><br />- Собственное производство полного цикла на Урале.<br />- Гарантия 3 года, срок службы до 5 лет.<br />- Бренд УСВЕТА — проверенное качество в массовом сегменте.<br /><br /><br />Сертификаты соответствия и декларации о соответствии на продукцию: <a href=""https://usveta.ru/cerificate"" target=""_blank"" rel=""noopener"">https://usveta.ru/cerificate</a>";https://static.tildacdn.com/stor6539-3664-4232-b265-333730616335/b4ecb3a07ec9d3f9f03e47e178fe0445.jpg;343.00;50;999;;;YgRFHvue20mLegRvtrIK;;5;;Пластик;Белый;"15Вт (напряжение 220В)";;;"3 года (срок эксплуатации 5 лет)";Россия;;;;;;430;105;105;246;"Плафон, белый, арт. 1406ПЛ-5 | УСВЕТА";"Плафон, белый. Подходит для люстры, подвесного светильника и бра. Производство и гарантия УСВЕТА.";"плафон для люстры, плафон потолочный, плафон, плафон сменный, плафон стеклянный, абажур для люстры, плафон белый, купить плафон";"Плафон, белый — УСВЕТА";"Плафон (белый) от производителя. Подходит для люстры, подвесного светильника и бра. Гарантия завода, доставка по России."
390238383613;УСВЕТА;"1406ПЛ-5 Зеленый";;Плафоны;"Комплект плафонов из 5 шт. зелёный — сменные для люстры | УСВЕТА";"Плафон, зелёный. Подходит для люстры, подвесного светильника и бра. Производство УСВЕТА.";"<strong>Плафон, зелёный</strong> — сменный плафон для люстры, подвесного светильника и бра.<br /><br /><strong>Характеристики:</strong><br />- Цвет: зелёный<br />- Материал: Пластик<br /><br /><strong>Преимущества:</strong><br />- Собственное производство полного цикла на Урале.<br />- Гарантия 3 года, срок службы до 5 лет.<br />- Бренд УСВЕТА — проверенное качество в массовом сегменте.<br /><br /><br />Сертификаты соответствия и декларации о соответствии на продукцию: <a href=""https://usveta.ru/cerificate"" target=""_blank"" rel=""noopener"">https://usveta.ru/cerificate</a>";"https://raw.githubusercontent.com/Mitsuya196/usveta-photos/main/photos/1406pl-5-zelenyy_01.jpg https://raw.githubusercontent.com/Mitsuya196/usveta-photos/main/photos/1406pl-5-zelenyy_02.jpg";477.00;9;999;;;2zB1JaFafmKCTtL8pCvb;;5;;Пластик;Зеленый;"15Вт (напряжение 220В)";;;"3 года (срок эксплуатации 5 лет)";Россия;;;;;;380;105;105;246;"Плафон, зелёный, арт. 1406ПЛ-5 | УСВЕТА";"Плафон, зелёный. Подходит для люстры, подвесного светильника и бра. Производство и гарантия УСВЕТА.";"плафон для люстры, плафон потолочный, плафон, плафон сменный, плафон стеклянный, абажур для люстры, плафон зелёный, купить плафон";"Плафон, зелёный — УСВЕТА";"Плафон (зелёный) от производителя. Подходит для люстры, подвесного светильника и бра. Гарантия завода, доставка по России."
848326350133;УСВЕТА;"1406ПЛ-5 Коричневый";;Плафоны;"Комплект плафонов из 5 шт. коричневый — сменные для люстры | УСВЕТА";"Плафон, коричневый. Подходит для люстры, подвесного светильника и бра. Производство УСВЕТА.";"<strong>Плафон, коричневый</strong> — сменный плафон для люстры, подвесного светильника и бра.<br /><br /><strong>Характеристики:</strong><br />- Цвет: коричневый<br />- Материал: Пластик<br /><br /><strong>Преимущества:</strong><br />- Собственное производство полного цикла на Урале.<br />- Гарантия 3 года, срок службы до 5 лет.<br />- Бренд УСВЕТА — проверенное качество в массовом сегменте.<br /><br /><br />Сертификаты соответствия и декларации о соответствии на продукцию: <a href=""https://usveta.ru/cerificate"" target=""_blank"" rel=""noopener"">https://usveta.ru/cerificate</a>";"https://raw.githubusercontent.com/Mitsuya196/usveta-photos/main/photos/1406pl-5-korichnevyy_01.jpg https://raw.githubusercontent.com/Mitsuya196/usveta-photos/main/photos/1406pl-5-korichnevyy_02.jpg https://raw.githubusercontent.com/Mitsuya196/usveta-photos/main/photos/1406pl-5-korichnevyy_03.jpg";486.00;50;999;;;CnE6mX4Irdl5SGC11x66;;5;;Пластик;Коричневый;"15Вт (напряжение 220В)";;;"3 года (срок эксплуатации 5 лет)";Россия;;;;;;380;105;105;246;"Плафон, коричневый, арт. 1406ПЛ-5 | УСВЕТА";"Плафон, коричневый. Подходит для люстры, подвесного светильника и бра. Производство и гарантия УСВЕТА.";"плафон для люстры, плафон потолочный, плафон, плафон сменный, плафон стеклянный, абажур для люстры, плафон коричневый, купить плафон";"Плафон, коричневый — УСВЕТА";"Плафон (коричневый) от производителя. Подходит для люстры, подвесного светильника и бра. Гарантия завода, доставка по России."
648532182003;УСВЕТА;"1406ПЛ-5 Прозрачный";;Плафоны;"Комплект плафонов из 5 шт. прозрачный — сменные для люстры | УСВЕТА";"Плафон, прозрачный. Подходит для люстры, подвесного светильника и бра. Производство УСВЕТА.";"<strong>Плафон, прозрачный</strong> — сменный плафон для люстры, подвесного светильника и бра.<br /><br /><strong>Характеристики:</strong><br />- Цвет: прозрачный<br />- Материал: Пластик<br /><br /><strong>Преимущества:</strong><br />- Собственное производство полного цикла на Урале.<br />- Гарантия 3 года, срок службы до 5 лет.<br />- Бренд УСВЕТА — проверенное качество в массовом сегменте.<br /><br /><br />Сертификаты соответствия и декларации о соответствии на продукцию: <a href=""https://usveta.ru/cerificate"" target=""_blank"" rel=""noopener"">https://usveta.ru/cerificate</a>";"https://raw.githubusercontent.com/Mitsuya196/usveta-photos/main/photos/1406pl-5-prozrachnyy_01.jpg https://raw.githubusercontent.com/Mitsuya196/usveta-photos/main/photos/1406pl-5-prozrachnyy_02.jpg https://raw.githubusercontent.com/Mitsuya196/usveta-photos/main/photos/1406pl-5-prozrachnyy_03.jpg https://raw.githubusercontent.com/Mitsuya196/usveta-photos/main/photos/1406pl-5-prozrachnyy_04.jpg";481.00;50;999;;;O1LePlb4nAa5dzj9reGe;;5;;Пластик;Прозрачный;"15Вт (напряжение 220В)";;;"3 года (срок эксплуатации 5 лет)";Россия;;;;;;380;105;105;246;"Плафон, прозрачный, арт. 1406ПЛ-5 | УСВЕТА";"Плафон, прозрачный. Подходит для люстры, подвесного светильника и бра. Производство и гарантия УСВЕТА.";"плафон для люстры, плафон потолочный, плафон, плафон сменный, плафон стеклянный, абажур для люстры, плафон прозрачный, купить плафон";"Плафон, прозрачный — УСВЕТА";"Плафон (прозрачный) от производителя. Подходит для люстры, подвесного светильника и бра. Гарантия завода, доставка по России."
228076657083;УСВЕТА;"1406ПЛ-5 Розовый";;Плафоны;"Комплект плафонов из 5 шт. розовый — сменные для люстры | УСВЕТА";"Плафон, розовый. Подходит для люстры, подвесного светильника и бра. Производство УСВЕТА.";"<strong>Плафон, розовый</strong> — сменный плафон для люстры, подвесного светильника и бра.<br /><br /><strong>Характеристики:</strong><br />- Цвет: розовый<br />- Материал: Пластик<br /><br /><strong>Преимущества:</strong><br />- Собственное производство полного цикла на Урале.<br />- Гарантия 3 года, срок службы до 5 лет.<br />- Бренд УСВЕТА — проверенное качество в массовом сегменте.<br /><br /><br />Сертификаты соответствия и декларации о соответствии на продукцию: <a href=""https://usveta.ru/cerificate"" target=""_blank"" rel=""noopener"">https://usveta.ru/cerificate</a>";"https://raw.githubusercontent.com/Mitsuya196/usveta-photos/main/photos/1406pl-5-rozovyy_01.jpg https://raw.githubusercontent.com/Mitsuya196/usveta-photos/main/photos/1406pl-5-rozovyy_02.jpg";480.00;18;999;;;VbGxhRgPTggmTrmEobS2;;5;;Пластик;Розовый;"15Вт (напряжение 220В)";;;"3 года (срок эксплуатации 5 лет)";Россия;;;;;;380;105;105;246;"Плафон, розовый, арт. 1406ПЛ-5 | УСВЕТА";"Плафон, розовый. Подходит для люстры, подвесного светильника и бра. Производство и гарантия УСВЕТА.";"плафон для люстры, плафон потолочный, плафон, плафон сменный, плафон стеклянный, абажур для люстры, плафон розовый, купить плафон";"Плафон, розовый — УСВЕТА";"Плафон (розовый) от производителя. Подходит для люстры, подвесного светильника и бра. Гарантия завода, доставка по России."
317209203933;УСВЕТА;"1406ПЛ-5 Синий";;Плафоны;"Комплект плафонов из 5 шт. синий — сменные для люстры | УСВЕТА";"Плафон, синий. Подходит для люстры, подвесного светильника и бра. Производство УСВЕТА.";"<strong>Плафон, синий</strong> — сменный плафон для люстры, подвесного светильника и бра.<br /><br /><strong>Характеристики:</strong><br />- Цвет: синий<br />- Материал: Пластик<br /><br /><strong>Преимущества:</strong><br />- Собственное производство полного цикла на Урале.<br />- Гарантия 3 года, срок службы до 5 лет.<br />- Бренд УСВЕТА — проверенное качество в массовом сегменте.<br /><br /><br />Сертификаты соответствия и декларации о соответствии на продукцию: <a href=""https://usveta.ru/cerificate"" target=""_blank"" rel=""noopener"">https://usveta.ru/cerificate</a>";"https://raw.githubusercontent.com/Mitsuya196/usveta-photos/main/photos/1406pl-5-siniy_01.jpg https://raw.githubusercontent.com/Mitsuya196/usveta-photos/main/photos/1406pl-5-siniy_02.jpg";480.00;16;999;;;oGSsxYDCJol3JJ3E2Fuc;;5;;Пластик;Синий;"15Вт (напряжение 220В)";;;"3 года (срок эксплуатации 5 лет)";Россия;;;;;;380;105;105;246;"Плафон, синий, арт. 1406ПЛ-5 | УСВЕТА";"Плафон, синий. Подходит для люстры, подвесного светильника и бра. Производство и гарантия УСВЕТА.";"плафон для люстры, плафон потолочный, плафон, плафон сменный, плафон стеклянный, абажур для люстры, плафон синий, купить плафон";"Плафон, синий — УСВЕТА";"Плафон (синий) от производителя. Подходит для люстры, подвесного светильника и бра. Гарантия завода, доставка по России."
650664465753;УСВЕТА;"1513ПЛ-3 Коричневый";;Плафоны;"Комплект плафонов, 3хЕ27, коричневый";"Плафон под хрусталь, коричневый. Подходит для люстры, подвесного светильника и бра. Производство УСВЕТА.";"<strong>Плафон под хрусталь, коричневый</strong> — сменный плафон для люстры, подвесного светильника и бра.<br /><br /><strong>Характеристики:</strong><br />- Цвет: коричневый<br />- Материал: Пластик<br /><br /><strong>Преимущества:</strong><br />- Собственное производство полного цикла на Урале.<br />- Гарантия 3 года, срок службы до 5 лет.<br />- Бренд УСВЕТА — проверенное качество в массовом сегменте.<br /><br /><br />Сертификаты соответствия и декларации о соответствии на продукцию: <a href=""https://usveta.ru/cerificate"" target=""_blank"" rel=""noopener"">https://usveta.ru/cerificate</a>";"https://raw.githubusercontent.com/Mitsuya196/usveta-photos/main/photos/1513pl-3-korichnevyy_01.jpg https://raw.githubusercontent.com/Mitsuya196/usveta-photos/main/photos/1513pl-3-korichnevyy_02.jpg https://raw.githubusercontent.com/Mitsuya196/usveta-photos/main/photos/1513pl-3-korichnevyy_03.jpg https://raw.githubusercontent.com/Mitsuya196/usveta-photos/main/photos/1513pl-3-korichnevyy_04.jpg";582.00;50;999;;;2FSXSrKpUSgALgCuHaJ0;;3;;Пластик;Коричневый;"15Вт (напряжение 220В)";;;"3 года (срок эксплуатации 5 лет)";Россия;;;;;;690;160;160;200;"Плафон, коричневый, арт. 1513ПЛ-3 | УСВЕТА";"Плафон, коричневый. Подходит для люстры, подвесного светильника и бра. Производство и гарантия УСВЕТА.";"плафон для люстры, плафон потолочный, плафон, плафон сменный, плафон стеклянный, абажур для люстры, плафон коричневый, купить плафон";"Плафон под хрусталь, коричневый — УСВЕТА";"Плафон под хрусталь (коричневый) от производителя. Подходит для люстры, подвесного светильника и бра. Гарантия завода, доставка по России."
145745254573;УСВЕТА;"1513ПЛ-3 Прозрачный";;Плафоны;"Комплект плафонов, 3хЕ27, прозрачный";"Плафон под хрусталь, прозрачный. Подходит для люстры, подвесного светильника и бра. Производство УСВЕТА.";"<strong>Плафон под хрусталь, прозрачный</strong> — сменный плафон для люстры, подвесного светильника и бра.<br /><br /><strong>Характеристики:</strong><br />- Цвет: прозрачный<br />- Материал: Пластик<br /><br /><strong>Преимущества:</strong><br />- Собственное производство полного цикла на Урале.<br />- Гарантия 3 года, срок службы до 5 лет.<br />- Бренд УСВЕТА — проверенное качество в массовом сегменте.<br /><br /><br />Сертификаты соответствия и декларации о соответствии на продукцию: <a href=""https://usveta.ru/cerificate"" target=""_blank"" rel=""noopener"">https://usveta.ru/cerificate</a>";"https://raw.githubusercontent.com/Mitsuya196/usveta-photos/main/photos/1513pl-3-prozrachnyy_01.jpg https://raw.githubusercontent.com/Mitsuya196/usveta-photos/main/photos/1513pl-3-prozrachnyy_02.jpg https://raw.githubusercontent.com/Mitsuya196/usveta-photos/main/photos/1513pl-3-prozrachnyy_03.jpg https://raw.githubusercontent.com/Mitsuya196/usveta-photos/main/photos/1513pl-3-prozrachnyy_04.jpg";435.00;50;999;;;GtYz3eLLBHr9FeAZkHvJ;;3;;Пластик;Прозрачный;"15Вт (напряжение 220В)";;"9,3 см";"3 года (срок эксплуатации 5 лет)";Россия;;;;;;600;160;160;200;"Плафон, прозрачный, арт. 1513ПЛ-3 | УСВЕТА";"Плафон, прозрачный. Подходит для люстры, подвесного светильника и бра. Производство и гарантия УСВЕТА.";"плафон для люстры, плафон потолочный, плафон, плафон сменный, плафон стеклянный, абажур для люстры, плафон прозрачный, купить плафон";"Плафон под хрусталь, прозрачный — УСВЕТА";"Плафон под хрусталь (прозрачный) от производителя. Подходит для люстры, подвесного светильника и бра. Гарантия завода, доставка по России."
384019654113;УСВЕТА;"1-18-275 ШСВ Белый";;"Кабели и провода";"Шнур сетевой с вилкой, 180 см, 2х0,75 кв. мм, белый";"Сетевой шнур с вилкой, белый. Подходит для торшеров, настольных ламп и бра. Производство УСВЕТА.";"<strong>Сетевой шнур с вилкой, белый</strong> — надёжное питание для торшеров, настольных ламп и бра. Евровилка плотно фиксируется в розетке.<br /><br /><strong>Характеристики:</strong><br />- Цвет: белый<br /><br /><strong>Преимущества:</strong><br />- Собственное производство полного цикла на Урале.<br />- Гарантия 3 года, срок службы до 5 лет.<br />- Бренд УСВЕТА — проверенное качество в массовом сегменте.<br /><br /><br />Сертификаты соответствия и декларации о соответствии на продукцию: <a href=""https://usveta.ru/cerificate"" target=""_blank"" rel=""noopener"">https://usveta.ru/cerificate</a>";https://static.tildacdn.com/stor6535-3566-4031-b539-306430376630/93e987e2999f63717bd233076696443b.jpg;143.00;50;499;;;sHAeHHt3XZlPlMvDl7ng;;;;;Белый;;;;"3 года (срок эксплуатации 5 лет)";Россия;"180 см";"CEE 7/16 (разъем IEC 320 C7)";"Медный провод сечением 2x0.75 кв. мм";;;80;120;30;50;"Сетевой шнур с вилкой, белый, арт. 1-18-275 | УСВЕТА";"Сетевой шнур с вилкой, белый. Подходит для торшеров, настольных ламп и бра. Производство и гарантия УСВЕТА.";"сетевой шнур, шнур с вилкой, провод для светильника, шнур с выключателем, кабель питания с вилкой, сетевой кабель, шнур сетевой белый, купить сетевой шнур";"Сетевой шнур с вилкой, белый — УСВЕТА";"Сетевой шнур с вилкой (белый) от производителя. Подходит для торшеров, настольных ламп и бра. Гарантия завода, доставка по России."
912240503963;УСВЕТА;"1-18-275 ШСВ Черный";;"Кабели и провода";"Шнур сетевой с вилкой, 180 см, 2х0,75 кв. мм, черный";"Сетевой шнур с вилкой, чёрный. Подходит для торшеров, настольных ламп и бра. Производство УСВЕТА.";"<strong>Сетевой шнур с вилкой, чёрный</strong> — надёжное питание для торшеров, настольных ламп и бра. Евровилка плотно фиксируется в розетке.<br /><br /><strong>Характеристики:</strong><br />- Цвет: чёрный<br /><br /><strong>Преимущества:</strong><br />- Собственное производство полного цикла на Урале.<br />- Гарантия 3 года, срок службы до 5 лет.<br />- Бренд УСВЕТА — проверенное качество в массовом сегменте.<br /><br /><br />Сертификаты соответствия и декларации о соответствии на продукцию: <a href=""https://usveta.ru/cerificate"" target=""_blank"" rel=""noopener"">https://usveta.ru/cerificate</a>";https://static.tildacdn.com/stor6534-6563-4832-b038-353232396235/e58ca0b701ac0d888c2b3f0e8cacc6d0.jpg;141.00;50;499;;;rPAftritJjXdHFGFZj81;;;;;Черный;;;;"3 года (срок эксплуатации 5 лет)";Россия;"180 см";"CEE 7/16 (разъем IEC 320 C7)";"Медный провод сечением 2x0.75 кв. мм";;;80;120;50;30;"Сетевой шнур с вилкой, чёрный, арт. 1-18-275 | УСВЕТА";"Сетевой шнур с вилкой, чёрный. Подходит для торшеров, настольных ламп и бра. Производство и гарантия УСВЕТА.";"сетевой шнур, шнур с вилкой, провод для светильника, шнур с выключателем, кабель питания с вилкой, сетевой кабель, шнур сетевой чёрный, купить сетевой шнур";"Сетевой шнур с вилкой, чёрный — УСВЕТА";"Сетевой шнур с вилкой (чёрный) от производителя. Подходит для торшеров, настольных ламп и бра. Гарантия завода, доставка по России."
581748050423;УСВЕТА;"2-18-275 ШСВРВ Белый";;"Кабели и провода";"Шнур сетевой с вилкой и ручным выключателем, 180 см, 2х0,75 кв. мм, белый";"Сетевой шнур с вилкой, белый. Подходит для торшеров, настольных ламп и бра. Производство УСВЕТА.";"<strong>Сетевой шнур с вилкой, белый</strong> — надёжное питание для торшеров, настольных ламп и бра. Евровилка плотно фиксируется в розетке.<br /><br /><strong>Характеристики:</strong><br />- Цвет: белый<br /><br /><strong>Преимущества:</strong><br />- Собственное производство полного цикла на Урале.<br />- Гарантия 3 года, срок службы до 5 лет.<br />- Бренд УСВЕТА — проверенное качество в массовом сегменте.<br /><br /><br />Сертификаты соответствия и декларации о соответствии на продукцию: <a href=""https://usveta.ru/cerificate"" target=""_blank"" rel=""noopener"">https://usveta.ru/cerificate</a>";https://static.tildacdn.com/stor6232-3132-4038-b735-633762346430/4ad2cf9169dc22fa6cb8817422f44ef1.jpg;171.00;50;499;;;dy1nNtuRIPKUA1kRuMk6;;;;;Белый;;;;"3 года (срок эксплуатации 5 лет)";Россия;"180 см";"CEE 7/16 (разъем IEC 320 C7)";"Медный провод сечением 2x0.75 кв. мм";;;90;200;80;20;"Сетевой шнур с вилкой, белый, арт. 2-18-275 | УСВЕТА";"Сетевой шнур с вилкой, белый. Подходит для торшеров, настольных ламп и бра. Производство и гарантия УСВЕТА.";"сетевой шнур, шнур с вилкой, провод для светильника, шнур с выключателем, кабель питания с вилкой, сетевой кабель, шнур сетевой белый, купить сетевой шнур";"Сетевой шнур с вилкой, белый — УСВЕТА";"Сетевой шнур с вилкой (белый) от производителя. Подходит для торшеров, настольных ламп и бра. Гарантия завода, доставка по России."
888803942233;УСВЕТА;"2-18-275 ШСВРВ Черный";;"Кабели и провода";"Шнур сетевой с вилкой и ручным выключателем, 180 см, 2х0,75 кв. мм, черный";"Сетевой шнур с вилкой, чёрный. Подходит для торшеров, настольных ламп и бра. Производство УСВЕТА.";"<strong>Сетевой шнур с вилкой, чёрный</strong> — надёжное питание для торшеров, настольных ламп и бра. Евровилка плотно фиксируется в розетке.<br /><br /><strong>Характеристики:</strong><br />- Цвет: чёрный<br /><br /><strong>Преимущества:</strong><br />- Собственное производство полного цикла на Урале.<br />- Гарантия 3 года, срок службы до 5 лет.<br />- Бренд УСВЕТА — проверенное качество в массовом сегменте.<br /><br /><br />Сертификаты соответствия и декларации о соответствии на продукцию: <a href=""https://usveta.ru/cerificate"" target=""_blank"" rel=""noopener"">https://usveta.ru/cerificate</a>";https://static.tildacdn.com/stor3762-3662-4462-a564-613939666134/74658587bfb9f4a5041a7e05686ffcf0.jpg;169.00;50;499;;;7S74GFHv6I2H89nolp7U;;;;;Черный;;;;"3 года (срок эксплуатации 5 лет)";Россия;"180 см";"CEE 7/16 (разъем IEC 320 C7)";"Медный провод сечением 2x0.75 кв. мм";;;90;200;80;20;"Сетевой шнур с вилкой, чёрный, арт. 2-18-275 | УСВЕТА";"Сетевой шнур с вилкой, чёрный. Подходит для торшеров, настольных ламп и бра. Производство и гарантия УСВЕТА.";"сетевой шнур, шнур с вилкой, провод для светильника, шнур с выключателем, кабель питания с вилкой, сетевой кабель, шнур сетевой чёрный, купить сетевой шнур";"Сетевой шнур с вилкой, чёрный — УСВЕТА";"Сетевой шнур с вилкой (чёрный) от производителя. Подходит для торшеров, настольных ламп и бра. Гарантия завода, доставка по России."
860707788053;УСВЕТА;"3-25-275 ШСВНВ Белый";;"Кабели и провода";"Шнур сетевой с вилкой и ручным выключателем, 250 см, 2х0,75 кв. мм, черный";"Сетевой шнур с вилкой, белый. Подходит для торшеров, настольных ламп и бра. Производство УСВЕТА.";"<strong>Сетевой шнур с вилкой, белый</strong> — надёжное питание для торшеров, настольных ламп и бра. Евровилка плотно фиксируется в розетке.<br /><br /><strong>Характеристики:</strong><br />- Цвет: белый<br /><br /><strong>Преимущества:</strong><br />- Собственное производство полного цикла на Урале.<br />- Гарантия 3 года, срок службы до 5 лет.<br />- Бренд УСВЕТА — проверенное качество в массовом сегменте.<br /><br /><br />Сертификаты соответствия и декларации о соответствии на продукцию: <a href=""https://usveta.ru/cerificate"" target=""_blank"" rel=""noopener"">https://usveta.ru/cerificate</a>";https://static.tildacdn.com/stor6630-6235-4465-b233-376237643035/e9e72ce0b2974568ebeefb34c5f313ba.jpg;227.00;50;499;;;AUlUZpUOZv1K3EN63G9u;;;;;Белый;;;;"3 года (срок эксплуатации 5 лет)";Россия;"250 см";"CEE 7/16 (разъем IEC 320 C7)";"Медный провод сечением 2x0.75 кв. мм";;;130;200;80;30;"Сетевой шнур с вилкой, белый, арт. 3-25-275 | УСВЕТА";"Сетевой шнур с вилкой, белый. Подходит для торшеров, настольных ламп и бра. Производство и гарантия УСВЕТА.";"сетевой шнур, шнур с вилкой, провод для светильника, шнур с выключателем, кабель питания с вилкой, сетевой кабель, шнур сетевой белый, купить сетевой шнур";"Сетевой шнур с вилкой, белый — УСВЕТА";"Сетевой шнур с вилкой (белый) от производителя. Подходит для торшеров, настольных ламп и бра. Гарантия завода, доставка по России."
851449373443;УСВЕТА;"3-25-275 ШСВНВ Черный";;"Кабели и провода";"Шнур сетевой с вилкой и ручным выключателем, 250 см, 2х0,75 кв. мм, черный";"Сетевой шнур с вилкой, чёрный. Подходит для торшеров, настольных ламп и бра. Производство УСВЕТА.";"<strong>Сетевой шнур с вилкой, чёрный</strong> — надёжное питание для торшеров, настольных ламп и бра. Евровилка плотно фиксируется в розетке.<br /><br /><strong>Характеристики:</strong><br />- Цвет: чёрный<br /><br /><strong>Преимущества:</strong><br />- Собственное производство полного цикла на Урале.<br />- Гарантия 3 года, срок службы до 5 лет.<br />- Бренд УСВЕТА — проверенное качество в массовом сегменте.<br /><br /><br />Сертификаты соответствия и декларации о соответствии на продукцию: <a href=""https://usveta.ru/cerificate"" target=""_blank"" rel=""noopener"">https://usveta.ru/cerificate</a>";https://static.tildacdn.com/stor6161-3235-4933-b339-396534376438/44a670bf603aaf04939947a0c1b3e5b2.jpg;225.00;50;499;;;ZNLfsdnAEytIOg43Bx0g;;;;;Черный;;;;"3 года (срок эксплуатации 5 лет)";Россия;"250 см";"CEE 7/16 (разъем IEC 320 C7)";"Медный провод сечением 2x0.75 кв. мм";;;130;200;80;30;"Сетевой шнур с вилкой, чёрный, арт. 3-25-275 | УСВЕТА";"Сетевой шнур с вилкой, чёрный. Подходит для торшеров, настольных ламп и бра. Производство и гарантия УСВЕТА.";"сетевой шнур, шнур с вилкой, провод для светильника, шнур с выключателем, кабель питания с вилкой, сетевой кабель, шнур сетевой чёрный, купить сетевой шнур";"Сетевой шнур с вилкой, чёрный — УСВЕТА";"Сетевой шнур с вилкой (чёрный) от производителя. Подходит для торшеров, настольных ламп и бра. Гарантия завода, доставка по России."
361938642653;УСВЕТА;"4-18-275 ШСВ Белый";;"Кабели и провода";"Шнур сетевой с вилкой и ручным выключателем, 180 см, 2х0,75 кв. мм, черный";"Сетевой шнур с вилкой, белый. Подходит для торшеров, настольных ламп и бра. Производство УСВЕТА.";"<strong>Сетевой шнур с вилкой, белый</strong> — надёжное питание для торшеров, настольных ламп и бра. Евровилка плотно фиксируется в розетке.<br /><br /><strong>Характеристики:</strong><br />- Цвет: белый<br /><br /><strong>Преимущества:</strong><br />- Собственное производство полного цикла на Урале.<br />- Гарантия 3 года, срок службы до 5 лет.<br />- Бренд УСВЕТА — проверенное качество в массовом сегменте.<br /><br /><br />Сертификаты соответствия и декларации о соответствии на продукцию: <a href=""https://usveta.ru/cerificate"" target=""_blank"" rel=""noopener"">https://usveta.ru/cerificate</a>";https://static.tildacdn.com/stor6166-3337-4636-b935-393133633437/524e6ab0fa3118e5083c6442908b968b.jpg;155.00;50;499;;;TC6tNCYB0gmxxMjPtlUX;;;;;Белый;;;;"3 года (срок эксплуатации 5 лет)";Россия;"180 см";"CEE 7/16 (разъем IEC 320 C7)";"Медный провод сечением 2x0.75 кв. мм";;;85;120;50;30;"Сетевой шнур с вилкой, белый, арт. 4-18-275 | УСВЕТА";"Сетевой шнур с вилкой, белый. Подходит для торшеров, настольных ламп и бра. Производство и гарантия УСВЕТА.";"сетевой шнур, шнур с вилкой, провод для светильника, шнур с выключателем, кабель питания с вилкой, сетевой кабель, шнур сетевой белый, купить сетевой шнур";"Сетевой шнур с вилкой, белый — УСВЕТА";"Сетевой шнур с вилкой (белый) от производителя. Подходит для торшеров, настольных ламп и бра. Гарантия завода, доставка по России."
542585425963;УСВЕТА;"4-18-275 ШСВ Черный";;"Кабели и провода";"Шнур сетевой с вилкой и ручным выключателем, 180 см, 2х0,75 кв. мм, черный";"Сетевой шнур с вилкой, чёрный. Подходит для торшеров, настольных ламп и бра. Производство УСВЕТА.";"<strong>Сетевой шнур с вилкой, чёрный</strong> — надёжное питание для торшеров, настольных ламп и бра. Евровилка плотно фиксируется в розетке.<br /><br /><strong>Характеристики:</strong><br />- Цвет: чёрный<br /><br /><strong>Преимущества:</strong><br />- Собственное производство полного цикла на Урале.<br />- Гарантия 3 года, срок службы до 5 лет.<br />- Бренд УСВЕТА — проверенное качество в массовом сегменте.<br /><br /><br />Сертификаты соответствия и декларации о соответствии на продукцию: <a href=""https://usveta.ru/cerificate"" target=""_blank"" rel=""noopener"">https://usveta.ru/cerificate</a>";https://static.tildacdn.com/stor3631-3736-4565-b862-313230636439/043fdb0768d734bd457152af30b6c7ed.jpg;153.00;50;499;;;PIcVTe7rTeGkGIoc0rbF;;;;;Черный;;;;"3 года (срок эксплуатации 5 лет)";Россия;"180 см";"CEE 7/16 (разъем IEC 320 C7)";"Медный провод сечением 2x0.75 кв. мм";;;85;120;50;30;"Сетевой шнур с вилкой, чёрный, арт. 4-18-275 | УСВЕТА";"Сетевой шнур с вилкой, чёрный. Подходит для торшеров, настольных ламп и бра. Производство и гарантия УСВЕТА.";"сетевой шнур, шнур с вилкой, провод для светильника, шнур с выключателем, кабель питания с вилкой, сетевой кабель, шнур сетевой чёрный, купить сетевой шнур";"Сетевой шнур с вилкой, чёрный — УСВЕТА";"Сетевой шнур с вилкой (чёрный) от производителя. Подходит для торшеров, настольных ламп и бра. Гарантия завода, доставка по России."
891580827373;УСВЕТА;"5-18-375 КПЗВР Белый";;"Кабели и провода";"Сетевой кабель питания с вилкой; белый; C13; 1.8м";"Сетевой шнур с вилкой. Подходит для торшеров, настольных ламп и бра. Производство УСВЕТА.";"<strong>Сетевой шнур с вилкой</strong> — надёжное питание для торшеров, настольных ламп и бра. Евровилка плотно фиксируется в розетке.<br /><br /><strong>Преимущества:</strong><br />- Собственное производство полного цикла на Урале.<br />- Гарантия 3 года, срок службы до 5 лет.<br />- Бренд УСВЕТА — проверенное качество в массовом сегменте.<br /><br /><br />Сертификаты соответствия и декларации о соответствии на продукцию: <a href=""https://usveta.ru/cerificate"" target=""_blank"" rel=""noopener"">https://usveta.ru/cerificate</a>";https://static.tildacdn.com/stor3061-3237-4138-a439-363664616466/2ca3a25f8edd5ec1c6e43f5f1c15b1b3.jpg;251.00;50;499;;;P9zJzunTYBj19VrTxaov;;;;;;;;;"3 года (срок эксплуатации 5 лет)";Россия;"180 см";"CEE 7/16 (разъем IEC 320 C7)";"Медный провод сечением 2x0.75 кв. мм";;;195;200;65;40;"Сетевой шнур с вилкой, арт. 5-18-375 | УСВЕТА";"Сетевой шнур с вилкой. Подходит для торшеров, настольных ламп и бра. Производство и гарантия УСВЕТА.";"сетевой шнур, шнур с вилкой, провод для светильника, шнур с выключателем, кабель питания с вилкой, сетевой кабель, купить сетевой шнур";"Сетевой шнур с вилкой — УСВЕТА";"Сетевой шнур с вилкой от производителя. Подходит для торшеров, настольных ламп и бра. Гарантия завода, доставка по России."
641144077393;УСВЕТА;"5-18-375 КПЗВР Черный";;"Кабели и провода";"Сетевой кабель питания с вилкой; черный; C13; 1.8м";"Сетевой шнур с вилкой. Подходит для торшеров, настольных ламп и бра. Производство УСВЕТА.";"<strong>Сетевой шнур с вилкой</strong> — надёжное питание для торшеров, настольных ламп и бра. Евровилка плотно фиксируется в розетке.<br /><br /><strong>Преимущества:</strong><br />- Собственное производство полного цикла на Урале.<br />- Гарантия 3 года, срок службы до 5 лет.<br />- Бренд УСВЕТА — проверенное качество в массовом сегменте.<br /><br /><br />Сертификаты соответствия и декларации о соответствии на продукцию: <a href=""https://usveta.ru/cerificate"" target=""_blank"" rel=""noopener"">https://usveta.ru/cerificate</a>";https://static.tildacdn.com/stor3734-6336-4532-b139-663833326238/556c7178b5d5522d1bbf9975dfe55c88.jpg;251.00;50;499;;;0jc9p4oSs1LXaVm7oNHl;;;;;;;;;"3 года (срок эксплуатации 5 лет)";Россия;"180 см";"CEE 7/16 (разъем IEC 320 C7)";"Медный провод сечением 2x0.75 кв. мм";;;195;200;65;40;"Сетевой шнур с вилкой, арт. 5-18-375 | УСВЕТА";"Сетевой шнур с вилкой. Подходит для торшеров, настольных ламп и бра. Производство и гарантия УСВЕТА.";"сетевой шнур, шнур с вилкой, провод для светильника, шнур с выключателем, кабель питания с вилкой, сетевой кабель, купить сетевой шнур";"Сетевой шнур с вилкой — УСВЕТА";"Сетевой шнур с вилкой от производителя. Подходит для торшеров, настольных ламп и бра. Гарантия завода, доставка по России."
649093396383;"У СВЕТА";"1019/3 Белый+Прозрачный";Хит;"Акции>>>Новинки;Люстры;Акции;Акции>>>Хиты продаж";"Потолочная люстра, 40Вт, 3хЕ27, белый+прозрачный";"Люстра потолочная белая 3 рожка с цоколем Е27 - светлое решение для вашего дома";"Ищите стильную потолочную люстру для зала или уютной спальни? Эта модель создана для тех, кто ценит качество и современный дизайн. Белый корпус универсален и гармонично впишется в любой интерьер от классики, до более креативных идей.<br /><br />Преимущества:<br />- Оптимальная площадь освещения до 14 кв. м.<br />- Идеально подойдет для освещения гостиной, просторной спальни или кухни.<br />- Небьющиеся материалы. Металлическое основание и высококачественные пластиковые плафоны.<br />- Собственное производство полного цикла на Урале<br /><br />Сертификаты соответствия и декларации о соответствии на продукцию: <a href=""https://usveta.ru/cerificate"" target=""_blank"" rel=""noopener"">https://usveta.ru/cerificate</a>";"https://raw.githubusercontent.com/Mitsuya196/usveta-photos/main/photos/1019-3-belyy-prozrachnyy_01.jpg https://raw.githubusercontent.com/Mitsuya196/usveta-photos/main/photos/1019-3-belyy-prozrachnyy_02.jpg https://raw.githubusercontent.com/Mitsuya196/usveta-photos/main/photos/1019-3-belyy-prozrachnyy_03.jpg https://raw.githubusercontent.com/Mitsuya196/usveta-photos/main/photos/1019-3-belyy-prozrachnyy_04.jpg https://raw.githubusercontent.com/Mitsuya196/usveta-photos/main/photos/1019-3-belyy-prozrachnyy_05.jpg https://raw.githubusercontent.com/Mitsuya196/usveta-photos/main/photos/1019-3-belyy-prozrachnyy_06.jpg https://raw.githubusercontent.com/Mitsuya196/usveta-photos/main/photos/1019-3-belyy-prozrachnyy_07.jpg https://raw.githubusercontent.com/Mitsuya196/usveta-photos/main/photos/1019-3-belyy-prozrachnyy_08.jpg";811.00;50;1499;;;UmNvzeLZrZa46mmCK4vh;;3;E27;"металл, пластик";"Белый + прозрачный";"15Вт (напряжение 220В)";"Под планку";"10,5 см";"3 года (срок эксплуатации 5 лет)";Россия;;;;3;Е27;620;12;12;22;"Потолочная люстра, 40Вт, 3хЕ27, Белый";"json{ ""@context"": ""https://schema.org/"", ""@type"": ""Product"", ""name"": ""Потолочная люстра, 40Вт, 3хЕ27, белый"", ""brand"": ""У Света"", ""sku"": ""1019/3 Белый+Прозрачный"", ""offers"": { ""@type"": ""Offer"", ""price"": ""3000.00"", ""priceCurrency"": ""RUB"", ""availability"": ""https://schema.org/InStock"" } }";;;
669754202653;"У СВЕТА";"1019/3 Черный+Белый";Хит;"Акции>>>Новинки;Люстры;Акции;Акции>>>Хиты продаж";"Потолочная люстра, 40Вт, 3хЕ27, черный+белый";"Люстра потолочная черная 3 рожка с цоколем Е27 - светлое решение для вашего дома.";"Ищите стильную потолочную люстру для зала или уютной спальни? Эта модель создана для тех, кто ценит качество и современный дизайн. Белый/черный корпус универсален и гармонично впишется в любой интерьер от классики, до более креативных идей.<br /><br />Преимущества:<br />- Оптимальная площадь освещения до 14 кв. м.<br />- Идеально подойдет для освещения гостиной, просторной спальни или кухни.<br />- Небьющиеся материалы. Металлическое основание и высококачественные пластиковые плафоны.<br />- Собственное производство полного цикла на Урале<br /><br />Сертификаты соответствия и декларации о соответствии на продукцию: <a href=""https://usveta.ru/cerificate"" target=""_blank"" rel=""noopener"">https://usveta.ru/cerificate</a>";"https://raw.githubusercontent.com/Mitsuya196/usveta-photos/main/photos/1019-3-chernyy-belyy_01.jpg https://raw.githubusercontent.com/Mitsuya196/usveta-photos/main/photos/1019-3-chernyy-belyy_02.jpg https://raw.githubusercontent.com/Mitsuya196/usveta-photos/main/photos/1019-3-chernyy-belyy_03.jpg https://raw.githubusercontent.com/Mitsuya196/usveta-photos/main/photos/1019-3-chernyy-belyy_04.jpg https://raw.githubusercontent.com/Mitsuya196/usveta-photos/main/photos/1019-3-chernyy-belyy_05.jpg https://raw.githubusercontent.com/Mitsuya196/usveta-photos/main/photos/1019-3-chernyy-belyy_06.jpg https://raw.githubusercontent.com/Mitsuya196/usveta-photos/main/photos/1019-3-chernyy-belyy_07.jpg https://raw.githubusercontent.com/Mitsuya196/usveta-photos/main/photos/1019-3-chernyy-belyy_08.jpg";818.00;50;1499;;;GboxrtgJOeo2rSRDnOnX;;3;E27;"металл, пластик";"Черный + белый";"15Вт (напряжение 220В)";"Под планку";"10,5 см";"3 года (срок эксплуатации 5 лет)";Россия;;;;3;Е27;620;12;12;22;"Потолочная люстра, 40Вт, 3хЕ27, черный";"json{ ""@context"": ""https://schema.org/"", ""@type"": ""Product"", ""name"": ""Потолочная люстра, 40Вт, 3хЕ27, белый"", ""brand"": ""У Света"", ""sku"": ""1019/3 Черный"", ""offers"": { ""@type"": ""Offer"", ""price"": ""1500.00"", ""priceCurrency"": ""RUB"", ""availability"": ""https://schema.org/InStock"" } }";;;
392311185023;"У СВЕТА";"1019/5 Белый+Прозрачный";Хит;"Акции>>>Новинки;Люстры;Акции;Акции>>>Хиты продаж";"Потолочная люстра, 40Вт, 5хЕ27, белый+прозрачный";"Люстра потолочная белая5 рожков с цоколем Е27 - светлое решение для вашего дома.";"Ищите стильную потолочную люстру для зала или уютной спальни? Эта модель создана для тех, кто ценит качество и современный дизайн. Белый корпус универсален и гармонично впишется в любой интерьер от классики, до более креативных идей.<br /><br />Преимущества:<br />- Оптимальная площадь освещения до 18 кв. м.<br />- Идеально подойдет для освещения гостиной, просторной спальни или кухни.<br />- Небьющиеся материалы. Металлическое основание и высококачественные пластиковые плафоны.<br />- Собственное производство полного цикла на Урале<br /><br />Сертификаты соответствия и декларации о соответствии на продукцию: <a href=""https://usveta.ru/cerificate"" target=""_blank"" rel=""noopener"">https://usveta.ru/cerificate</a>";"https://raw.githubusercontent.com/Mitsuya196/usveta-photos/main/photos/1019-5-belyy-prozrachnyy_01.jpg https://raw.githubusercontent.com/Mitsuya196/usveta-photos/main/photos/1019-5-belyy-prozrachnyy_02.jpg https://raw.githubusercontent.com/Mitsuya196/usveta-photos/main/photos/1019-5-belyy-prozrachnyy_03.jpg https://raw.githubusercontent.com/Mitsuya196/usveta-photos/main/photos/1019-5-belyy-prozrachnyy_04.jpg https://raw.githubusercontent.com/Mitsuya196/usveta-photos/main/photos/1019-5-belyy-prozrachnyy_05.jpg https://raw.githubusercontent.com/Mitsuya196/usveta-photos/main/photos/1019-5-belyy-prozrachnyy_06.jpg https://raw.githubusercontent.com/Mitsuya196/usveta-photos/main/photos/1019-5-belyy-prozrachnyy_07.jpg https://raw.githubusercontent.com/Mitsuya196/usveta-photos/main/photos/1019-5-belyy-prozrachnyy_08.jpg https://raw.githubusercontent.com/Mitsuya196/usveta-photos/main/photos/1019-5-belyy-prozrachnyy_09.jpg";1125.00;50;1999;;;vajzHypVv3fakUvhNaoH;;5;E27;"металл, пластик";"Белый + прозрачный";"15Вт (напряжение 220В)";"Под планку";"10,5 см";"3 года (срок эксплуатации 5 лет)";Россия;;;;5;Е27;920;17;14;22;"Потолочная люстра, 40Вт, 5хЕ27, Белый";"json{ ""@context"": ""https://schema.org/"", ""@type"": ""Product"", ""name"": ""Потолочная люстра, 40Вт, 3хЕ27, белый"", ""brand"": ""У Света"", ""sku"": ""1019/5 Белый+Прозрачный"", ""offers"": { ""@type"": ""Offer"", ""price"": ""1500.00"", ""priceCurrency"": ""RUB"", ""availability"": ""https://schema.org/InStock"" } }";;;
254948759993;"У СВЕТА";"1019/5 Черный+Белый";Хит;"Акции>>>Новинки;Люстры;Акции;Акции>>>Хиты продаж";"Потолочная люстра, 40Вт, 5хЕ27, черный+белый";"Люстра потолочная черная 5 рожков с цоколем Е27 - светлое решение для вашего дома.<br /><br />";"Ищите стильную потолочную люстру для зала или уютной спальни? Эта модель создана для тех, кто ценит качество и современный дизайн. Черный корпус универсален и гармонично впишется в любой интерьер от классики, до более креативных идей.<br /><br />Преимущества:<br />- Оптимальная площадь освещения до 18 кв. м.<br />- Идеально подойдет для освещения гостиной, просторной спальни или кухни.<br />- Небьющиеся материалы. Металлическое основание и высококачественные пластиковые плафоны.<br />- Собственное производство полного цикла на Урале<br /><br /><br /><br />Сертификаты соответствия и декларации о соответствии на продукцию: <a href=""https://usveta.ru/cerificate"" target=""_blank"" rel=""noopener"">https://usveta.ru/cerificate</a>";"https://raw.githubusercontent.com/Mitsuya196/usveta-photos/main/photos/1019-5-chernyy-belyy_01.jpg https://raw.githubusercontent.com/Mitsuya196/usveta-photos/main/photos/1019-5-chernyy-belyy_02.jpg https://raw.githubusercontent.com/Mitsuya196/usveta-photos/main/photos/1019-5-chernyy-belyy_03.jpg https://raw.githubusercontent.com/Mitsuya196/usveta-photos/main/photos/1019-5-chernyy-belyy_04.jpg https://raw.githubusercontent.com/Mitsuya196/usveta-photos/main/photos/1019-5-chernyy-belyy_05.jpg https://raw.githubusercontent.com/Mitsuya196/usveta-photos/main/photos/1019-5-chernyy-belyy_06.jpg https://raw.githubusercontent.com/Mitsuya196/usveta-photos/main/photos/1019-5-chernyy-belyy_07.jpg https://raw.githubusercontent.com/Mitsuya196/usveta-photos/main/photos/1019-5-chernyy-belyy_08.jpg";1138.00;50;1999;;;mCMhLjsi1hHo2zyMBMTg;;5;E27;"металл, пластик";"Черный + белый";"15Вт (напряжение 220В)";"Под планку";"10,5 см";"3 года (срок эксплуатации 5 лет)";Россия;;;;5;Е27;620;17;14;22;"Потолочная люстра, 40Вт, 5хЕ27, черный+белый";"json{ ""@context"": ""https://schema.org/"", ""@type"": ""Product"", ""name"": ""Потолочная люстра, 40Вт, 3хЕ27, белый"", ""brand"": ""У Света"", ""sku"": ""1019/5 Черный+Белый"", ""offers"": { ""@type"": ""Offer"", ""price"": ""1500.00"", ""priceCurrency"": ""RUB"", ""availability"": ""https://schema.org/InStock"" } }";;;
